#! /c/Source/iverilog-install/bin/vvp
:ivl_version "12.0 (devel)" "(s20150603-1539-g2693dd32b)";
:ivl_delay_selection "TYPICAL";
:vpi_time_precision + 0;
:vpi_module "I:\study\Verilog_shudian\iverilog\lib\ivl\system.vpi";
:vpi_module "I:\study\Verilog_shudian\iverilog\lib\ivl\vhdl_sys.vpi";
:vpi_module "I:\study\Verilog_shudian\iverilog\lib\ivl\vhdl_textio.vpi";
:vpi_module "I:\study\Verilog_shudian\iverilog\lib\ivl\v2005_math.vpi";
:vpi_module "I:\study\Verilog_shudian\iverilog\lib\ivl\va_math.vpi";
S_000001eb0533c830 .scope module, "mycpu_top" "mycpu_top" 2 1;
 .timescale 0 0;
    .port_info 0 /INPUT 1 "clk";
    .port_info 1 /INPUT 1 "resetn";
    .port_info 2 /OUTPUT 1 "inst_sram_en";
    .port_info 3 /OUTPUT 4 "inst_sram_we";
    .port_info 4 /OUTPUT 32 "inst_sram_addr";
    .port_info 5 /OUTPUT 32 "inst_sram_wdata";
    .port_info 6 /INPUT 32 "inst_sram_rdata";
    .port_info 7 /OUTPUT 1 "data_sram_en";
    .port_info 8 /OUTPUT 4 "data_sram_we";
    .port_info 9 /OUTPUT 32 "data_sram_addr";
    .port_info 10 /OUTPUT 32 "data_sram_wdata";
    .port_info 11 /INPUT 32 "data_sram_rdata";
    .port_info 12 /OUTPUT 32 "debug_wb_pc";
    .port_info 13 /OUTPUT 4 "debug_wb_rf_we";
    .port_info 14 /OUTPUT 5 "debug_wb_rf_wnum";
    .port_info 15 /OUTPUT 32 "debug_wb_rf_wdata";
L_000001eb0579d570 .functor BUFZ 32, L_000001eb058df880, C4<00000000000000000000000000000000>, C4<00000000000000000000000000000000>, C4<00000000000000000000000000000000>;
L_000001eb0579d6c0 .functor AND 1, L_000001eb058d7e00, L_000001eb058d8260, C4<1>, C4<1>;
L_000001eb0579e450 .functor AND 1, L_000001eb0579d6c0, L_000001eb058d8580, C4<1>, C4<1>;
L_000001eb0579e140 .functor AND 1, L_000001eb0579e450, L_000001eb058d8620, C4<1>, C4<1>;
L_000001eb0579e7d0 .functor AND 1, L_000001eb058d8c60, L_000001eb058d8bc0, C4<1>, C4<1>;
L_000001eb0579e840 .functor AND 1, L_000001eb0579e7d0, L_000001eb058d8d00, C4<1>, C4<1>;
L_000001eb0579d1f0 .functor AND 1, L_000001eb0579e840, L_000001eb058db3c0, C4<1>, C4<1>;
L_000001eb0579df80 .functor AND 1, L_000001eb058dbe60, L_000001eb058da420, C4<1>, C4<1>;
L_000001eb0579ea70 .functor AND 1, L_000001eb0579df80, L_000001eb058db460, C4<1>, C4<1>;
L_000001eb0579ea00 .functor AND 1, L_000001eb0579ea70, L_000001eb058dbf00, C4<1>, C4<1>;
L_000001eb0579eae0 .functor AND 1, L_000001eb058da240, L_000001eb058dc180, C4<1>, C4<1>;
L_000001eb0579e1b0 .functor AND 1, L_000001eb0579eae0, L_000001eb058dc0e0, C4<1>, C4<1>;
L_000001eb0579ebc0 .functor AND 1, L_000001eb0579e1b0, L_000001eb058db000, C4<1>, C4<1>;
L_000001eb0579eca0 .functor AND 1, L_000001eb058dad80, L_000001eb058db500, C4<1>, C4<1>;
L_000001eb0579de30 .functor AND 1, L_000001eb0579eca0, L_000001eb058da7e0, C4<1>, C4<1>;
L_000001eb0579d960 .functor AND 1, L_000001eb0579de30, L_000001eb058da100, C4<1>, C4<1>;
L_000001eb0579dea0 .functor AND 1, L_000001eb058da880, L_000001eb058dbfa0, C4<1>, C4<1>;
L_000001eb0579d2d0 .functor AND 1, L_000001eb0579dea0, L_000001eb058dc680, C4<1>, C4<1>;
L_000001eb0579db90 .functor AND 1, L_000001eb0579d2d0, L_000001eb058dc360, C4<1>, C4<1>;
L_000001eb0579ed80 .functor AND 1, L_000001eb058daec0, L_000001eb058db0a0, C4<1>, C4<1>;
L_000001eb0579eed0 .functor AND 1, L_000001eb0579ed80, L_000001eb058db140, C4<1>, C4<1>;
L_000001eb0579f020 .functor AND 1, L_000001eb0579eed0, L_000001eb058da6a0, C4<1>, C4<1>;
L_000001eb0579ed10 .functor AND 1, L_000001eb058db5a0, L_000001eb058dc040, C4<1>, C4<1>;
L_000001eb0579efb0 .functor AND 1, L_000001eb0579ed10, L_000001eb058db8c0, C4<1>, C4<1>;
L_000001eb0579ef40 .functor AND 1, L_000001eb0579efb0, L_000001eb058db1e0, C4<1>, C4<1>;
L_000001eb0579edf0 .functor AND 1, L_000001eb058db960, L_000001eb058db640, C4<1>, C4<1>;
L_000001eb0579ee60 .functor AND 1, L_000001eb0579edf0, L_000001eb058dc2c0, C4<1>, C4<1>;
L_000001eb058c8790 .functor AND 1, L_000001eb0579ee60, L_000001eb058dc220, C4<1>, C4<1>;
L_000001eb058c8b80 .functor AND 1, L_000001eb058db6e0, L_000001eb058daf60, C4<1>, C4<1>;
L_000001eb058c7b50 .functor AND 1, L_000001eb058c8b80, L_000001eb058db780, C4<1>, C4<1>;
L_000001eb058c8bf0 .functor AND 1, L_000001eb058c7b50, L_000001eb058dc400, C4<1>, C4<1>;
L_000001eb058c8950 .functor AND 1, L_000001eb058db820, L_000001eb058dc4a0, C4<1>, C4<1>;
L_000001eb058c8f00 .functor AND 1, L_000001eb058c8950, L_000001eb058daa60, C4<1>, C4<1>;
L_000001eb058c7d10 .functor AND 1, L_000001eb058c8f00, L_000001eb058dac40, C4<1>, C4<1>;
L_000001eb058c8800 .functor AND 1, L_000001eb058db320, L_000001eb058da920, C4<1>, C4<1>;
L_000001eb058c9360 .functor AND 1, L_000001eb058c8800, L_000001eb058dc540, C4<1>, C4<1>;
L_000001eb058c8410 .functor AND 1, L_000001eb058c9360, L_000001eb058dbbe0, C4<1>, C4<1>;
L_000001eb058c8aa0 .functor AND 1, L_000001eb058dae20, L_000001eb058dba00, C4<1>, C4<1>;
L_000001eb058c7ed0 .functor AND 1, L_000001eb058c8aa0, L_000001eb058dc5e0, C4<1>, C4<1>;
L_000001eb058c8d40 .functor AND 1, L_000001eb058c7ed0, L_000001eb058dbaa0, C4<1>, C4<1>;
L_000001eb058c86b0 .functor AND 1, L_000001eb058dc720, L_000001eb058dc7c0, C4<1>, C4<1>;
L_000001eb058c8720 .functor AND 1, L_000001eb058c86b0, L_000001eb058dbb40, C4<1>, C4<1>;
L_000001eb058c8c60 .functor AND 1, L_000001eb058c8720, L_000001eb058da9c0, C4<1>, C4<1>;
L_000001eb058c7920 .functor AND 1, L_000001eb058dbd20, L_000001eb058dbc80, C4<1>, C4<1>;
L_000001eb058c8fe0 .functor AND 1, L_000001eb058da560, L_000001eb058dbdc0, C4<1>, C4<1>;
L_000001eb058c78b0 .functor AND 1, L_000001eb058dc860, L_000001eb058da1a0, C4<1>, C4<1>;
L_000001eb058c8db0 .functor AND 1, L_000001eb058dab00, L_000001eb058da2e0, C4<1>, C4<1>;
L_000001eb058c8250 .functor AND 1, L_000001eb058da380, L_000001eb058db280, C4<1>, C4<1>;
L_000001eb058c7c30 .functor AND 1, L_000001eb058da4c0, L_000001eb058da600, C4<1>, C4<1>;
L_000001eb058c7ca0 .functor AND 1, L_000001eb058da740, L_000001eb058daba0, C4<1>, C4<1>;
L_000001eb058c7d80 .functor AND 1, L_000001eb058dace0, L_000001eb058dc9a0, C4<1>, C4<1>;
L_000001eb058c7df0 .functor NOT 1, L_000001eb058dc900, C4<0>, C4<0>, C4<0>;
L_000001eb058c82c0 .functor AND 1, L_000001eb058de8e0, L_000001eb058c7df0, C4<1>, C4<1>;
L_000001eb058c8cd0 .functor OR 1, L_000001eb0579e140, L_000001eb058c7920, C4<0>, C4<0>;
L_000001eb058c7bc0 .functor OR 1, L_000001eb058c8cd0, L_000001eb058c7ca0, C4<0>, C4<0>;
L_000001eb058c91a0 .functor OR 1, L_000001eb058c7bc0, L_000001eb058c7d80, C4<0>, C4<0>;
L_000001eb058c8560 .functor OR 1, L_000001eb058c91a0, L_000001eb058ddd00, C4<0>, C4<0>;
L_000001eb058c8480 .functor OR 1, L_000001eb058c8560, L_000001eb058dcfe0, C4<0>, C4<0>;
L_000001eb058c7e60 .functor OR 1, L_000001eb058c8480, L_000001eb058de700, C4<0>, C4<0>;
L_000001eb058c7ae0 .functor BUFZ 1, L_000001eb0579d1f0, C4<0>, C4<0>, C4<0>;
L_000001eb058c7a70 .functor OR 1, L_000001eb0579ea00, L_000001eb058c8fe0, C4<0>, C4<0>;
L_000001eb058c84f0 .functor OR 1, L_000001eb0579ebc0, L_000001eb058c78b0, C4<0>, C4<0>;
L_000001eb058c7fb0 .functor OR 1, L_000001eb0579db90, L_000001eb058c8db0, C4<0>, C4<0>;
L_000001eb058c7990 .functor BUFZ 1, L_000001eb0579d960, C4<0>, C4<0>, C4<0>;
L_000001eb058c7f40 .functor OR 1, L_000001eb0579f020, L_000001eb058c8250, C4<0>, C4<0>;
L_000001eb058c8870 .functor OR 1, L_000001eb0579ef40, L_000001eb058c7c30, C4<0>, C4<0>;
L_000001eb058c8020 .functor OR 1, L_000001eb058c8790, L_000001eb058c8410, C4<0>, C4<0>;
L_000001eb058c8f70 .functor OR 1, L_000001eb058c8bf0, L_000001eb058c8d40, C4<0>, C4<0>;
L_000001eb058c8090 .functor OR 1, L_000001eb058c7d10, L_000001eb058c8c60, C4<0>, C4<0>;
L_000001eb058c8330 .functor BUFZ 1, L_000001eb058c82c0, C4<0>, C4<0>, C4<0>;
L_000001eb058c88e0 .functor OR 1, L_000001eb058c8790, L_000001eb058c8bf0, C4<0>, C4<0>;
L_000001eb058c8e90 .functor OR 1, L_000001eb058c88e0, L_000001eb058c7d10, C4<0>, C4<0>;
L_000001eb058c9210 .functor OR 1, L_000001eb058c8db0, L_000001eb058c8250, C4<0>, C4<0>;
L_000001eb058c7a00 .functor OR 1, L_000001eb058c9210, L_000001eb058c7c30, C4<0>, C4<0>;
L_000001eb058c9050 .functor OR 1, L_000001eb058c7920, L_000001eb058c7ca0, C4<0>, C4<0>;
L_000001eb058c8100 .functor OR 1, L_000001eb058c9050, L_000001eb058c7d80, C4<0>, C4<0>;
L_000001eb058c8170 .functor OR 1, L_000001eb058c8100, L_000001eb058c8fe0, C4<0>, C4<0>;
L_000001eb058c92f0 .functor OR 1, L_000001eb058c8170, L_000001eb058c78b0, C4<0>, C4<0>;
L_000001eb058c85d0 .functor OR 1, L_000001eb058ddd00, L_000001eb058dd940, C4<0>, C4<0>;
L_000001eb058c89c0 .functor OR 1, L_000001eb058c85d0, L_000001eb058dec00, C4<0>, C4<0>;
L_000001eb058c8b10 .functor BUFZ 1, L_000001eb058c82c0, C4<0>, C4<0>, C4<0>;
L_000001eb058c81e0 .functor BUFZ 1, L_000001eb058de700, C4<0>, C4<0>, C4<0>;
L_000001eb058c90c0 .functor OR 1, L_000001eb058dd580, L_000001eb058dcfe0, C4<0>, C4<0>;
L_000001eb058c9130 .functor OR 1, L_000001eb058ddd00, L_000001eb058dcfe0, C4<0>, C4<0>;
L_000001eb058c77d0 .functor OR 1, L_000001eb058dd940, L_000001eb058dec00, C4<0>, C4<0>;
L_000001eb058c8a30 .functor OR 1, L_000001eb058c77d0, L_000001eb058c7d80, C4<0>, C4<0>;
L_000001eb058c83a0 .functor OR 1, L_000001eb058ddd00, L_000001eb058dcfe0, C4<0>, C4<0>;
L_000001eb058c8640 .functor OR 1, L_000001eb058c83a0, L_000001eb058de700, C4<0>, C4<0>;
L_000001eb058c7840 .functor OR 1, L_000001eb058c8790, L_000001eb058c8bf0, C4<0>, C4<0>;
L_000001eb058c9590 .functor OR 1, L_000001eb058c7840, L_000001eb058c7d10, C4<0>, C4<0>;
L_000001eb058c9440 .functor OR 1, L_000001eb058c9590, L_000001eb058c7920, C4<0>, C4<0>;
L_000001eb058c98a0 .functor OR 1, L_000001eb058c9440, L_000001eb058c8fe0, C4<0>, C4<0>;
L_000001eb058c94b0 .functor OR 1, L_000001eb058c98a0, L_000001eb058c78b0, C4<0>, C4<0>;
L_000001eb058c9670 .functor OR 1, L_000001eb058c94b0, L_000001eb058c8db0, C4<0>, C4<0>;
L_000001eb058c9a60 .functor OR 1, L_000001eb058c9670, L_000001eb058c8250, C4<0>, C4<0>;
L_000001eb058c93d0 .functor OR 1, L_000001eb058c9a60, L_000001eb058c7c30, C4<0>, C4<0>;
L_000001eb058c9ad0 .functor OR 1, L_000001eb058c93d0, L_000001eb058c7ca0, C4<0>, C4<0>;
L_000001eb058c9600 .functor OR 1, L_000001eb058c9ad0, L_000001eb058c7d80, C4<0>, C4<0>;
L_000001eb058c9520 .functor OR 1, L_000001eb058c9600, L_000001eb058c82c0, C4<0>, C4<0>;
L_000001eb058c9980 .functor OR 1, L_000001eb058c9520, L_000001eb058de700, C4<0>, C4<0>;
L_000001eb058c96e0 .functor OR 1, L_000001eb058c9980, L_000001eb058ddd00, C4<0>, C4<0>;
L_000001eb058c9910 .functor OR 1, L_000001eb058c96e0, L_000001eb058dcfe0, C4<0>, C4<0>;
L_000001eb058c9750 .functor BUFZ 1, L_000001eb058c7ca0, C4<0>, C4<0>, C4<0>;
L_000001eb058c97c0 .functor BUFZ 1, L_000001eb058dcfe0, C4<0>, C4<0>, C4<0>;
L_000001eb058c9830 .functor NOT 1, L_000001eb058c7d80, C4<0>, C4<0>, C4<0>;
L_000001eb058c99f0 .functor NOT 1, L_000001eb058dd940, C4<0>, C4<0>, C4<0>;
L_000001eb058c6110 .functor AND 1, L_000001eb058c9830, L_000001eb058c99f0, C4<1>, C4<1>;
L_000001eb058c6960 .functor NOT 1, L_000001eb058dec00, C4<0>, C4<0>, C4<0>;
L_000001eb058c66c0 .functor AND 1, L_000001eb058c6110, L_000001eb058c6960, C4<1>, C4<1>;
L_000001eb058c63b0 .functor NOT 1, L_000001eb058dd580, C4<0>, C4<0>, C4<0>;
L_000001eb058c6ea0 .functor AND 1, L_000001eb058c66c0, L_000001eb058c63b0, C4<1>, C4<1>;
L_000001eb058c7300 .functor BUFZ 1, L_000001eb058c7d80, C4<0>, C4<0>, C4<0>;
L_000001eb058c6260 .functor BUFZ 5, L_000001eb058d15a0, C4<00000>, C4<00000>, C4<00000>;
L_000001eb058c5c40 .functor BUFZ 32, L_000001eb058e4e40, C4<00000000000000000000000000000000>, C4<00000000000000000000000000000000>, C4<00000000000000000000000000000000>;
L_000001eb058c6c70 .functor AND 1, v000001eb0583d820_0, v000001eb0583ef40_0, C4<1>, C4<1>;
L_000001eb058c5bd0 .functor AND 1, L_000001eb058c6c70, L_000001eb058dda80, C4<1>, C4<1>;
L_000001eb058c5e00 .functor AND 1, L_000001eb058c5bd0, L_000001eb058deac0, C4<1>, C4<1>;
L_000001eb058c6180 .functor AND 1, v000001eb0583cec0_0, v000001eb0583d6e0_0, C4<1>, C4<1>;
L_000001eb058c5cb0 .functor AND 1, L_000001eb058c6180, L_000001eb058dcae0, C4<1>, C4<1>;
L_000001eb058c69d0 .functor AND 1, L_000001eb058e51c0, L_000001eb058dcd60, C4<1>, C4<1>;
L_000001eb058c6730 .functor BUFZ 32, L_000001eb058e52a0, C4<00000000000000000000000000000000>, C4<00000000000000000000000000000000>, C4<00000000000000000000000000000000>;
L_000001eb058c5fc0 .functor AND 1, L_000001eb058c5e00, L_000001eb058dce00, C4<1>, C4<1>;
L_000001eb058c73e0 .functor AND 1, L_000001eb058c5cb0, L_000001eb058dd1c0, C4<1>, C4<1>;
L_000001eb058c6ff0 .functor AND 1, L_000001eb058c69d0, L_000001eb058ddb20, C4<1>, C4<1>;
L_000001eb058c5e70 .functor AND 1, L_000001eb058c5e00, L_000001eb058de020, C4<1>, C4<1>;
L_000001eb058c68f0 .functor AND 1, L_000001eb058c5cb0, L_000001eb058dd4e0, C4<1>, C4<1>;
L_000001eb058c6880 .functor AND 1, L_000001eb058c69d0, L_000001eb058de660, C4<1>, C4<1>;
L_000001eb058c6340 .functor AND 1, L_000001eb058dd940, L_000001eb058df740, C4<1>, C4<1>;
L_000001eb058c6c00 .functor AND 1, L_000001eb058dec00, L_000001eb058df380, C4<1>, C4<1>;
L_000001eb058c5ee0 .functor OR 1, L_000001eb058c6340, L_000001eb058c6c00, C4<0>, C4<0>;
L_000001eb058c61f0 .functor OR 1, L_000001eb058c5ee0, L_000001eb058ddd00, C4<0>, C4<0>;
L_000001eb058c6420 .functor OR 1, L_000001eb058c61f0, L_000001eb058dcfe0, C4<0>, C4<0>;
L_000001eb058c6ab0 .functor OR 1, L_000001eb058c6420, L_000001eb058dd580, C4<0>, C4<0>;
L_000001eb058c6f10 .functor AND 1, L_000001eb058c6ab0, v000001eb0583db40_0, C4<1>, C4<1>;
L_000001eb058c71b0 .functor AND 1, L_000001eb058c6f10, L_000001eb058dfd80, C4<1>, C4<1>;
L_000001eb058c6ce0 .functor OR 1, L_000001eb058dd940, L_000001eb058dec00, C4<0>, C4<0>;
L_000001eb058c7370 .functor OR 1, L_000001eb058c6ce0, L_000001eb058dcfe0, C4<0>, C4<0>;
L_000001eb058c5f50 .functor OR 1, L_000001eb058c7370, L_000001eb058dd580, C4<0>, C4<0>;
L_000001eb058c6030 .functor NOT 1, L_000001eb058dd580, C4<0>, C4<0>, C4<0>;
L_000001eb058c6f80 .functor NOT 1, L_000001eb058dcfe0, C4<0>, C4<0>, C4<0>;
L_000001eb058c7450 .functor AND 1, L_000001eb058c6030, L_000001eb058c6f80, C4<1>, C4<1>;
L_000001eb058c62d0 .functor NOT 1, L_000001eb058c82c0, C4<0>, C4<0>, C4<0>;
L_000001eb058c6b20 .functor AND 1, L_000001eb058c7450, L_000001eb058c62d0, C4<1>, C4<1>;
L_000001eb058c6dc0 .functor NOT 1, L_000001eb058de700, C4<0>, C4<0>, C4<0>;
L_000001eb058c6d50 .functor AND 1, L_000001eb058c6b20, L_000001eb058c6dc0, C4<1>, C4<1>;
L_000001eb058c7290 .functor OR 1, L_000001eb0579e140, L_000001eb0579d1f0, C4<0>, C4<0>;
L_000001eb058c6490 .functor OR 1, L_000001eb058c7290, L_000001eb0579ea00, C4<0>, C4<0>;
L_000001eb058c7140 .functor OR 1, L_000001eb058c6490, L_000001eb0579ebc0, C4<0>, C4<0>;
L_000001eb058c7220 .functor OR 1, L_000001eb058c7140, L_000001eb0579d960, C4<0>, C4<0>;
L_000001eb058c5d20 .functor OR 1, L_000001eb058c7220, L_000001eb0579db90, C4<0>, C4<0>;
L_000001eb058c6a40 .functor OR 1, L_000001eb058c5d20, L_000001eb0579f020, C4<0>, C4<0>;
L_000001eb058c74c0 .functor OR 1, L_000001eb058c6a40, L_000001eb0579ef40, C4<0>, C4<0>;
L_000001eb058c6500 .functor OR 1, L_000001eb058c74c0, L_000001eb058c8410, C4<0>, C4<0>;
L_000001eb058c6570 .functor OR 1, L_000001eb058c6500, L_000001eb058c8d40, C4<0>, C4<0>;
L_000001eb058c7680 .functor OR 1, L_000001eb058c6570, L_000001eb058c8c60, C4<0>, C4<0>;
L_000001eb058c6e30 .functor OR 1, L_000001eb058c7680, L_000001eb058dd940, C4<0>, C4<0>;
L_000001eb058c65e0 .functor OR 1, L_000001eb058c6e30, L_000001eb058dec00, C4<0>, C4<0>;
L_000001eb058c7060 .functor OR 1, L_000001eb058c65e0, L_000001eb058c7d80, C4<0>, C4<0>;
L_000001eb058c6650 .functor AND 1, L_000001eb058c6d50, L_000001eb058dfa60, C4<1>, C4<1>;
L_000001eb058c6b90 .functor AND 1, L_000001eb058c6650, L_000001eb058df1a0, C4<1>, C4<1>;
L_000001eb058c70d0 .functor AND 1, L_000001eb058c6b90, v000001eb0583ef40_0, C4<1>, C4<1>;
L_000001eb058c7530 .functor AND 1, L_000001eb058c70d0, v000001eb0583d820_0, C4<1>, C4<1>;
L_000001eb058c75a0 .functor AND 1, L_000001eb058c7060, L_000001eb058df2e0, C4<1>, C4<1>;
L_000001eb058c7610 .functor AND 1, L_000001eb058c75a0, L_000001eb058df7e0, C4<1>, C4<1>;
L_000001eb058c67a0 .functor AND 1, L_000001eb058c7610, v000001eb0583ef40_0, C4<1>, C4<1>;
L_000001eb058c76f0 .functor AND 1, L_000001eb058c67a0, v000001eb0583d820_0, C4<1>, C4<1>;
L_000001eb058c7760 .functor AND 1, L_000001eb058c6d50, L_000001eb058df420, C4<1>, C4<1>;
L_000001eb058c5d90 .functor AND 1, L_000001eb058c7760, L_000001eb058dfb00, C4<1>, C4<1>;
L_000001eb058c60a0 .functor AND 1, L_000001eb058c5d90, v000001eb0583d6e0_0, C4<1>, C4<1>;
L_000001eb058c6810 .functor AND 1, L_000001eb058c60a0, v000001eb0583cec0_0, C4<1>, C4<1>;
L_000001eb058e3da0 .functor AND 1, L_000001eb058c7060, L_000001eb058dfec0, C4<1>, C4<1>;
L_000001eb058e4970 .functor AND 1, L_000001eb058e3da0, L_000001eb058dff60, C4<1>, C4<1>;
L_000001eb058e5000 .functor AND 1, L_000001eb058e4970, v000001eb0583d6e0_0, C4<1>, C4<1>;
L_000001eb058e3780 .functor AND 1, L_000001eb058e5000, v000001eb0583cec0_0, C4<1>, C4<1>;
L_000001eb058e4120 .functor AND 1, v000001eb0583d820_0, v000001eb0583cf60_0, C4<1>, C4<1>;
L_000001eb058e4510 .functor AND 1, L_000001eb058e4120, v000001eb0583ef40_0, C4<1>, C4<1>;
L_000001eb058e3b00 .functor AND 1, L_000001eb058e4510, L_000001eb058df6a0, C4<1>, C4<1>;
L_000001eb058e3b70 .functor AND 1, L_000001eb058c6d50, L_000001eb058df100, C4<1>, C4<1>;
L_000001eb058e4430 .functor AND 1, L_000001eb058c7060, L_000001eb058df560, C4<1>, C4<1>;
L_000001eb058e3c50 .functor OR 1, L_000001eb058e3b70, L_000001eb058e4430, C4<0>, C4<0>;
L_000001eb058e3a90 .functor AND 1, L_000001eb058e3b00, L_000001eb058e3c50, C4<1>, C4<1>;
L_000001eb058e4ac0 .functor AND 1, v000001eb0583db40_0, L_000001eb058e3a90, C4<1>, C4<1>;
L_000001eb058e4eb0 .functor AND 1, v000001eb0583d280_0, v000001eb0583d820_0, C4<1>, C4<1>;
L_000001eb058e4200 .functor BUFZ 32, L_000001eb058e4e40, C4<00000000000000000000000000000000>, C4<00000000000000000000000000000000>, C4<00000000000000000000000000000000>;
L_000001eb058e4270 .functor BUFZ 32, v000001eb0583ee00_0, C4<00000000000000000000000000000000>, C4<00000000000000000000000000000000>, C4<00000000000000000000000000000000>;
L_000001eb058e51c0 .functor AND 1, v000001eb0583efe0_0, v000001eb05849e40_0, C4<1>, C4<1>;
L_000001eb058e5230 .functor BUFZ 5, v000001eb0583dbe0_0, C4<00000>, C4<00000>, C4<00000>;
L_000001eb058e52a0 .functor BUFZ 32, L_000001eb058eb790, C4<00000000000000000000000000000000>, C4<00000000000000000000000000000000>, C4<00000000000000000000000000000000>;
L_000001eb058e5310 .functor BUFZ 32, v000001eb0583eb80_0, C4<00000000000000000000000000000000>, C4<00000000000000000000000000000000>, C4<00000000000000000000000000000000>;
L_000001eb058e4350 .functor BUFZ 5, v000001eb0583dbe0_0, C4<00000>, C4<00000>, C4<00000>;
L_000001eb058e45f0 .functor BUFZ 32, L_000001eb058eb790, C4<00000000000000000000000000000000>, C4<00000000000000000000000000000000>, C4<00000000000000000000000000000000>;
v000001eb0583eea0_0 .var "EX_MEM_alu_result", 31 0;
v000001eb0583e220_0 .var "EX_MEM_dest", 4 0;
v000001eb0583d6e0_0 .var "EX_MEM_gr_we", 0 0;
v000001eb0583f120_0 .var "EX_MEM_mem_we", 0 0;
v000001eb0583e2c0_0 .var "EX_MEM_pc", 31 0;
v000001eb0583cce0_0 .var "EX_MEM_res_from_mem", 0 0;
v000001eb0583e360_0 .var "EX_MEM_rkd_value", 31 0;
v000001eb0583cec0_0 .var "EX_MEM_valid", 0 0;
v000001eb0583e400_0 .var "ID_EX_alu_op", 11 0;
v000001eb0583d640_0 .var "ID_EX_dest", 4 0;
v000001eb0583ef40_0 .var "ID_EX_gr_we", 0 0;
v000001eb0583ea40_0 .var "ID_EX_imm", 31 0;
v000001eb0583d280_0 .var "ID_EX_mem_we", 0 0;
v000001eb0583e680_0 .var "ID_EX_pc", 31 0;
v000001eb0583cf60_0 .var "ID_EX_res_from_mem", 0 0;
v000001eb0583d780_0 .var "ID_EX_rj_value", 31 0;
v000001eb0583ee00_0 .var "ID_EX_rkd_value", 31 0;
v000001eb0583e720_0 .var "ID_EX_src1_is_pc", 0 0;
v000001eb0583d500_0 .var "ID_EX_src2_is_imm", 0 0;
v000001eb0583d820_0 .var "ID_EX_valid", 0 0;
v000001eb0583d8c0_0 .var "IF_ID_inst", 31 0;
v000001eb0583da00_0 .var "IF_ID_pc", 31 0;
v000001eb0583db40_0 .var "IF_ID_valid", 0 0;
v000001eb0583eae0_0 .var "MEM_WB_alu_result", 31 0;
v000001eb0583dbe0_0 .var "MEM_WB_dest", 4 0;
v000001eb0583efe0_0 .var "MEM_WB_gr_we", 0 0;
v000001eb0583dc80_0 .var "MEM_WB_mem_result", 31 0;
v000001eb0583eb80_0 .var "MEM_WB_pc", 31 0;
v000001eb05849b20_0 .var "MEM_WB_res_from_mem", 0 0;
v000001eb05849e40_0 .var "MEM_WB_valid", 0 0;
L_000001eb05861b38 .functor BUFT 1, C4<00000000000000000000000000000100>, C4<0>, C4<0>, C4<0>;
v000001eb05848fe0_0 .net/2u *"_ivl_0", 31 0, L_000001eb05861b38;  1 drivers
v000001eb05849440_0 .net *"_ivl_100", 0 0, L_000001eb0579eca0;  1 drivers
v000001eb05848720_0 .net *"_ivl_103", 0 0, L_000001eb058da7e0;  1 drivers
v000001eb058485e0_0 .net *"_ivl_104", 0 0, L_000001eb0579de30;  1 drivers
v000001eb058487c0_0 .net *"_ivl_107", 0 0, L_000001eb058da100;  1 drivers
v000001eb05849c60_0 .net *"_ivl_111", 0 0, L_000001eb058da880;  1 drivers
v000001eb05849580_0 .net *"_ivl_113", 0 0, L_000001eb058dbfa0;  1 drivers
v000001eb05849ee0_0 .net *"_ivl_114", 0 0, L_000001eb0579dea0;  1 drivers
v000001eb0584a2a0_0 .net *"_ivl_117", 0 0, L_000001eb058dc680;  1 drivers
v000001eb058499e0_0 .net *"_ivl_118", 0 0, L_000001eb0579d2d0;  1 drivers
v000001eb058494e0_0 .net *"_ivl_121", 0 0, L_000001eb058dc360;  1 drivers
v000001eb05849080_0 .net *"_ivl_125", 0 0, L_000001eb058daec0;  1 drivers
v000001eb05847dc0_0 .net *"_ivl_127", 0 0, L_000001eb058db0a0;  1 drivers
v000001eb058496c0_0 .net *"_ivl_128", 0 0, L_000001eb0579ed80;  1 drivers
v000001eb05849a80_0 .net *"_ivl_131", 0 0, L_000001eb058db140;  1 drivers
v000001eb05849260_0 .net *"_ivl_132", 0 0, L_000001eb0579eed0;  1 drivers
v000001eb058493a0_0 .net *"_ivl_135", 0 0, L_000001eb058da6a0;  1 drivers
v000001eb05847f00_0 .net *"_ivl_139", 0 0, L_000001eb058db5a0;  1 drivers
v000001eb0584a160_0 .net *"_ivl_141", 0 0, L_000001eb058dc040;  1 drivers
v000001eb05849800_0 .net *"_ivl_142", 0 0, L_000001eb0579ed10;  1 drivers
v000001eb0584a200_0 .net *"_ivl_145", 0 0, L_000001eb058db8c0;  1 drivers
v000001eb05848180_0 .net *"_ivl_146", 0 0, L_000001eb0579efb0;  1 drivers
v000001eb05849620_0 .net *"_ivl_149", 0 0, L_000001eb058db1e0;  1 drivers
v000001eb05847e60_0 .net *"_ivl_153", 0 0, L_000001eb058db960;  1 drivers
v000001eb0584a340_0 .net *"_ivl_155", 0 0, L_000001eb058db640;  1 drivers
v000001eb05849760_0 .net *"_ivl_156", 0 0, L_000001eb0579edf0;  1 drivers
v000001eb05848860_0 .net *"_ivl_159", 0 0, L_000001eb058dc2c0;  1 drivers
v000001eb05848900_0 .net *"_ivl_160", 0 0, L_000001eb0579ee60;  1 drivers
v000001eb05849bc0_0 .net *"_ivl_163", 0 0, L_000001eb058dc220;  1 drivers
v000001eb0584a3e0_0 .net *"_ivl_167", 0 0, L_000001eb058db6e0;  1 drivers
v000001eb058489a0_0 .net *"_ivl_169", 0 0, L_000001eb058daf60;  1 drivers
v000001eb058498a0_0 .net *"_ivl_170", 0 0, L_000001eb058c8b80;  1 drivers
v000001eb058482c0_0 .net *"_ivl_173", 0 0, L_000001eb058db780;  1 drivers
v000001eb05849940_0 .net *"_ivl_174", 0 0, L_000001eb058c7b50;  1 drivers
v000001eb05848a40_0 .net *"_ivl_177", 0 0, L_000001eb058dc400;  1 drivers
v000001eb05849d00_0 .net *"_ivl_181", 0 0, L_000001eb058db820;  1 drivers
v000001eb05848680_0 .net *"_ivl_183", 0 0, L_000001eb058dc4a0;  1 drivers
v000001eb05848c20_0 .net *"_ivl_184", 0 0, L_000001eb058c8950;  1 drivers
v000001eb0584a020_0 .net *"_ivl_187", 0 0, L_000001eb058daa60;  1 drivers
v000001eb05848040_0 .net *"_ivl_188", 0 0, L_000001eb058c8f00;  1 drivers
v000001eb058491c0_0 .net *"_ivl_191", 0 0, L_000001eb058dac40;  1 drivers
v000001eb05849300_0 .net *"_ivl_195", 0 0, L_000001eb058db320;  1 drivers
v000001eb05849da0_0 .net *"_ivl_197", 0 0, L_000001eb058da920;  1 drivers
v000001eb05847fa0_0 .net *"_ivl_198", 0 0, L_000001eb058c8800;  1 drivers
v000001eb058480e0_0 .net *"_ivl_201", 0 0, L_000001eb058dc540;  1 drivers
v000001eb05849f80_0 .net *"_ivl_202", 0 0, L_000001eb058c9360;  1 drivers
v000001eb0584a0c0_0 .net *"_ivl_205", 0 0, L_000001eb058dbbe0;  1 drivers
v000001eb0584a480_0 .net *"_ivl_209", 0 0, L_000001eb058dae20;  1 drivers
v000001eb05848220_0 .net *"_ivl_211", 0 0, L_000001eb058dba00;  1 drivers
v000001eb05847d20_0 .net *"_ivl_212", 0 0, L_000001eb058c8aa0;  1 drivers
v000001eb05848360_0 .net *"_ivl_215", 0 0, L_000001eb058dc5e0;  1 drivers
v000001eb05848400_0 .net *"_ivl_216", 0 0, L_000001eb058c7ed0;  1 drivers
v000001eb058484a0_0 .net *"_ivl_219", 0 0, L_000001eb058dbaa0;  1 drivers
v000001eb05848540_0 .net *"_ivl_223", 0 0, L_000001eb058dc720;  1 drivers
v000001eb05848ae0_0 .net *"_ivl_225", 0 0, L_000001eb058dc7c0;  1 drivers
v000001eb05848b80_0 .net *"_ivl_226", 0 0, L_000001eb058c86b0;  1 drivers
v000001eb05848cc0_0 .net *"_ivl_229", 0 0, L_000001eb058dbb40;  1 drivers
v000001eb05848d60_0 .net *"_ivl_230", 0 0, L_000001eb058c8720;  1 drivers
v000001eb05848e00_0 .net *"_ivl_233", 0 0, L_000001eb058da9c0;  1 drivers
v000001eb05848ea0_0 .net *"_ivl_237", 0 0, L_000001eb058dbd20;  1 drivers
v000001eb05848f40_0 .net *"_ivl_239", 0 0, L_000001eb058dbc80;  1 drivers
v000001eb05849120_0 .net *"_ivl_243", 0 0, L_000001eb058da560;  1 drivers
v000001eb0584c820_0 .net *"_ivl_245", 0 0, L_000001eb058dbdc0;  1 drivers
v000001eb0584b920_0 .net *"_ivl_249", 0 0, L_000001eb058dc860;  1 drivers
v000001eb0584a8e0_0 .net *"_ivl_251", 0 0, L_000001eb058da1a0;  1 drivers
v000001eb0584b560_0 .net *"_ivl_255", 0 0, L_000001eb058dab00;  1 drivers
v000001eb0584ad40_0 .net *"_ivl_257", 0 0, L_000001eb058da2e0;  1 drivers
v000001eb0584a520_0 .net *"_ivl_261", 0 0, L_000001eb058da380;  1 drivers
v000001eb0584bce0_0 .net *"_ivl_263", 0 0, L_000001eb058db280;  1 drivers
v000001eb0584b4c0_0 .net *"_ivl_267", 0 0, L_000001eb058da4c0;  1 drivers
v000001eb0584b880_0 .net *"_ivl_269", 0 0, L_000001eb058da600;  1 drivers
v000001eb0584aa20_0 .net *"_ivl_273", 0 0, L_000001eb058da740;  1 drivers
v000001eb0584b600_0 .net *"_ivl_275", 0 0, L_000001eb058daba0;  1 drivers
v000001eb0584aac0_0 .net *"_ivl_279", 0 0, L_000001eb058dace0;  1 drivers
v000001eb0584ab60_0 .net *"_ivl_281", 0 0, L_000001eb058dc9a0;  1 drivers
v000001eb0584c000_0 .net *"_ivl_295", 0 0, L_000001eb058de8e0;  1 drivers
v000001eb0584ade0_0 .net *"_ivl_297", 0 0, L_000001eb058dc900;  1 drivers
v000001eb0584c3c0_0 .net *"_ivl_298", 0 0, L_000001eb058c7df0;  1 drivers
v000001eb0584b740_0 .net *"_ivl_306", 0 0, L_000001eb058c8cd0;  1 drivers
v000001eb0584c1e0_0 .net *"_ivl_308", 0 0, L_000001eb058c7bc0;  1 drivers
v000001eb0584bd80_0 .net *"_ivl_310", 0 0, L_000001eb058c91a0;  1 drivers
v000001eb0584ae80_0 .net *"_ivl_312", 0 0, L_000001eb058c8560;  1 drivers
v000001eb0584b380_0 .net *"_ivl_314", 0 0, L_000001eb058c8480;  1 drivers
v000001eb0584c0a0_0 .net *"_ivl_316", 0 0, L_000001eb058c7e60;  1 drivers
v000001eb0584be20_0 .net *"_ivl_321", 0 0, L_000001eb058c7ae0;  1 drivers
v000001eb0584b060_0 .net *"_ivl_324", 0 0, L_000001eb058c7a70;  1 drivers
v000001eb0584b100_0 .net *"_ivl_328", 0 0, L_000001eb058c84f0;  1 drivers
v000001eb0584c6e0_0 .net *"_ivl_332", 0 0, L_000001eb058c7fb0;  1 drivers
v000001eb0584c280_0 .net *"_ivl_337", 0 0, L_000001eb058c7990;  1 drivers
v000001eb0584c320_0 .net *"_ivl_340", 0 0, L_000001eb058c7f40;  1 drivers
v000001eb0584b1a0_0 .net *"_ivl_344", 0 0, L_000001eb058c8870;  1 drivers
v000001eb0584cbe0_0 .net *"_ivl_348", 0 0, L_000001eb058c8020;  1 drivers
v000001eb0584c5a0_0 .net *"_ivl_35", 9 0, L_000001eb058d1640;  1 drivers
v000001eb0584afc0_0 .net *"_ivl_352", 0 0, L_000001eb058c8f70;  1 drivers
v000001eb0584b2e0_0 .net *"_ivl_356", 0 0, L_000001eb058c8090;  1 drivers
v000001eb0584b6a0_0 .net *"_ivl_362", 0 0, L_000001eb058c8330;  1 drivers
v000001eb0584bc40_0 .net *"_ivl_363", 0 0, L_000001eb058c88e0;  1 drivers
v000001eb0584cc80_0 .net *"_ivl_367", 0 0, L_000001eb058c9210;  1 drivers
v000001eb0584c460_0 .net *"_ivl_37", 15 0, L_000001eb058d1820;  1 drivers
v000001eb0584a840_0 .net *"_ivl_371", 0 0, L_000001eb058c9050;  1 drivers
v000001eb0584c500_0 .net *"_ivl_373", 0 0, L_000001eb058c8100;  1 drivers
v000001eb0584bec0_0 .net *"_ivl_375", 0 0, L_000001eb058c8170;  1 drivers
v000001eb0584a5c0_0 .net *"_ivl_379", 0 0, L_000001eb058c85d0;  1 drivers
v000001eb0584ba60_0 .net *"_ivl_392", 0 0, L_000001eb058dd260;  1 drivers
v000001eb0584c640_0 .net *"_ivl_393", 11 0, L_000001eb058dd800;  1 drivers
v000001eb0584b240_0 .net *"_ivl_395", 31 0, L_000001eb058dcc20;  1 drivers
v000001eb0584caa0_0 .net *"_ivl_399", 19 0, L_000001eb058ddbc0;  1 drivers
L_000001eb05865d98 .functor BUFT 1, C4<000000000000>, C4<0>, C4<0>, C4<0>;
v000001eb0584a700_0 .net *"_ivl_401", 11 0, L_000001eb05865d98;  1 drivers
L_000001eb05865de0 .functor BUFT 1, C4<00000000000000000000000000000100>, C4<0>, C4<0>, C4<0>;
v000001eb0584ac00_0 .net/2u *"_ivl_403", 31 0, L_000001eb05865de0;  1 drivers
L_000001eb05865e28 .functor BUFT 1, C4<000000000000>, C4<0>, C4<0>, C4<0>;
v000001eb0584b9c0_0 .net/2u *"_ivl_405", 11 0, L_000001eb05865e28;  1 drivers
v000001eb0584a980_0 .net *"_ivl_407", 31 0, L_000001eb058dccc0;  1 drivers
L_000001eb05865e70 .functor BUFT 1, C4<000000000000000000000000000>, C4<0>, C4<0>, C4<0>;
v000001eb0584a660_0 .net/2u *"_ivl_409", 26 0, L_000001eb05865e70;  1 drivers
v000001eb0584b7e0_0 .net *"_ivl_41", 0 0, L_000001eb058d7e00;  1 drivers
v000001eb0584c780_0 .net *"_ivl_412", 4 0, L_000001eb058deca0;  1 drivers
v000001eb0584bb00_0 .net *"_ivl_413", 31 0, L_000001eb058de0c0;  1 drivers
L_000001eb05865eb8 .functor BUFT 1, C4<00000000000000000000>, C4<0>, C4<0>, C4<0>;
v000001eb0584c8c0_0 .net/2u *"_ivl_415", 19 0, L_000001eb05865eb8;  1 drivers
v000001eb0584b420_0 .net *"_ivl_417", 31 0, L_000001eb058dd760;  1 drivers
v000001eb0584c960_0 .net *"_ivl_420", 0 0, L_000001eb058de2a0;  1 drivers
v000001eb0584bba0_0 .net *"_ivl_421", 19 0, L_000001eb058de200;  1 drivers
v000001eb0584bf60_0 .net *"_ivl_423", 31 0, L_000001eb058dede0;  1 drivers
v000001eb0584ca00_0 .net *"_ivl_425", 31 0, L_000001eb058ded40;  1 drivers
v000001eb0584cb40_0 .net *"_ivl_427", 31 0, L_000001eb058de3e0;  1 drivers
v000001eb0584c140_0 .net *"_ivl_429", 31 0, L_000001eb058de980;  1 drivers
v000001eb0584a7a0_0 .net *"_ivl_43", 0 0, L_000001eb058d8260;  1 drivers
v000001eb0584aca0_0 .net *"_ivl_431", 31 0, L_000001eb058dee80;  1 drivers
v000001eb0584af20_0 .net *"_ivl_436", 0 0, L_000001eb058dea20;  1 drivers
v000001eb0584d9a0_0 .net *"_ivl_437", 3 0, L_000001eb058dd120;  1 drivers
L_000001eb05865f00 .functor BUFT 1, C4<00>, C4<0>, C4<0>, C4<0>;
v000001eb0584e620_0 .net/2u *"_ivl_439", 1 0, L_000001eb05865f00;  1 drivers
v000001eb0584d680_0 .net *"_ivl_44", 0 0, L_000001eb0579d6c0;  1 drivers
v000001eb0584dc20_0 .net *"_ivl_441", 31 0, L_000001eb058de840;  1 drivers
v000001eb0584f020_0 .net *"_ivl_444", 0 0, L_000001eb058dca40;  1 drivers
v000001eb0584d040_0 .net *"_ivl_445", 13 0, L_000001eb058de160;  1 drivers
L_000001eb05865f48 .functor BUFT 1, C4<00>, C4<0>, C4<0>, C4<0>;
v000001eb0584e1c0_0 .net/2u *"_ivl_447", 1 0, L_000001eb05865f48;  1 drivers
v000001eb0584e300_0 .net *"_ivl_449", 31 0, L_000001eb058dde40;  1 drivers
v000001eb0584e3a0_0 .net *"_ivl_454", 0 0, L_000001eb058dcea0;  1 drivers
v000001eb0584ce60_0 .net *"_ivl_455", 13 0, L_000001eb058de480;  1 drivers
L_000001eb05865f90 .functor BUFT 1, C4<00>, C4<0>, C4<0>, C4<0>;
v000001eb0584d0e0_0 .net/2u *"_ivl_457", 1 0, L_000001eb05865f90;  1 drivers
v000001eb0584e940_0 .net *"_ivl_461", 0 0, L_000001eb058c77d0;  1 drivers
v000001eb0584f0c0_0 .net *"_ivl_465", 0 0, L_000001eb058c83a0;  1 drivers
v000001eb0584e4e0_0 .net *"_ivl_469", 0 0, L_000001eb058c7840;  1 drivers
v000001eb0584d180_0 .net *"_ivl_47", 0 0, L_000001eb058d8580;  1 drivers
v000001eb0584eee0_0 .net *"_ivl_471", 0 0, L_000001eb058c9590;  1 drivers
v000001eb0584d220_0 .net *"_ivl_473", 0 0, L_000001eb058c9440;  1 drivers
v000001eb0584f340_0 .net *"_ivl_475", 0 0, L_000001eb058c98a0;  1 drivers
v000001eb0584d2c0_0 .net *"_ivl_477", 0 0, L_000001eb058c94b0;  1 drivers
v000001eb0584eda0_0 .net *"_ivl_479", 0 0, L_000001eb058c9670;  1 drivers
v000001eb0584d5e0_0 .net *"_ivl_48", 0 0, L_000001eb0579e450;  1 drivers
v000001eb0584cdc0_0 .net *"_ivl_481", 0 0, L_000001eb058c9a60;  1 drivers
v000001eb0584e440_0 .net *"_ivl_483", 0 0, L_000001eb058c93d0;  1 drivers
v000001eb0584cd20_0 .net *"_ivl_485", 0 0, L_000001eb058c9ad0;  1 drivers
v000001eb0584f160_0 .net *"_ivl_487", 0 0, L_000001eb058c9600;  1 drivers
v000001eb0584e580_0 .net *"_ivl_489", 0 0, L_000001eb058c9520;  1 drivers
v000001eb0584ef80_0 .net *"_ivl_491", 0 0, L_000001eb058c9980;  1 drivers
v000001eb0584da40_0 .net *"_ivl_493", 0 0, L_000001eb058c96e0;  1 drivers
v000001eb0584f200_0 .net *"_ivl_501", 0 0, L_000001eb058c9830;  1 drivers
v000001eb0584e120_0 .net *"_ivl_503", 0 0, L_000001eb058c99f0;  1 drivers
v000001eb0584d360_0 .net *"_ivl_505", 0 0, L_000001eb058c6110;  1 drivers
v000001eb0584dd60_0 .net *"_ivl_507", 0 0, L_000001eb058c6960;  1 drivers
v000001eb0584d540_0 .net *"_ivl_509", 0 0, L_000001eb058c66c0;  1 drivers
v000001eb0584cf00_0 .net *"_ivl_51", 0 0, L_000001eb058d8620;  1 drivers
v000001eb0584e6c0_0 .net *"_ivl_511", 0 0, L_000001eb058c63b0;  1 drivers
L_000001eb05865fd8 .functor BUFT 1, C4<00001>, C4<0>, C4<0>, C4<0>;
v000001eb0584dcc0_0 .net/2u *"_ivl_517", 4 0, L_000001eb05865fd8;  1 drivers
v000001eb0584e080_0 .net *"_ivl_528", 0 0, L_000001eb058c6c70;  1 drivers
L_000001eb058661d0 .functor BUFT 1, C4<00000>, C4<0>, C4<0>, C4<0>;
v000001eb0584eb20_0 .net/2u *"_ivl_529", 4 0, L_000001eb058661d0;  1 drivers
v000001eb0584de00_0 .net *"_ivl_531", 0 0, L_000001eb058dda80;  1 drivers
v000001eb0584e760_0 .net *"_ivl_534", 0 0, L_000001eb058c5bd0;  1 drivers
v000001eb0584d400_0 .net *"_ivl_536", 0 0, L_000001eb058deac0;  1 drivers
v000001eb0584f2a0_0 .net *"_ivl_542", 0 0, L_000001eb058c6180;  1 drivers
L_000001eb05866218 .functor BUFT 1, C4<00000>, C4<0>, C4<0>, C4<0>;
v000001eb0584d4a0_0 .net/2u *"_ivl_543", 4 0, L_000001eb05866218;  1 drivers
v000001eb0584d720_0 .net *"_ivl_545", 0 0, L_000001eb058dcae0;  1 drivers
L_000001eb05866260 .functor BUFT 1, C4<00000>, C4<0>, C4<0>, C4<0>;
v000001eb0584d7c0_0 .net/2u *"_ivl_549", 4 0, L_000001eb05866260;  1 drivers
v000001eb0584ebc0_0 .net *"_ivl_55", 0 0, L_000001eb058d8c60;  1 drivers
v000001eb0584df40_0 .net *"_ivl_551", 0 0, L_000001eb058dcd60;  1 drivers
v000001eb0584e800_0 .net *"_ivl_557", 0 0, L_000001eb058dce00;  1 drivers
v000001eb0584e8a0_0 .net *"_ivl_561", 0 0, L_000001eb058dd1c0;  1 drivers
v000001eb0584e9e0_0 .net *"_ivl_565", 0 0, L_000001eb058ddb20;  1 drivers
L_000001eb058662a8 .functor BUFT 1, C4<00000>, C4<0>, C4<0>, C4<0>;
v000001eb0584d860_0 .net/2u *"_ivl_569", 4 0, L_000001eb058662a8;  1 drivers
v000001eb0584dea0_0 .net *"_ivl_57", 0 0, L_000001eb058d8bc0;  1 drivers
v000001eb0584d900_0 .net *"_ivl_571", 0 0, L_000001eb058dd300;  1 drivers
L_000001eb058662f0 .functor BUFT 1, C4<00000000000000000000000000000000>, C4<0>, C4<0>, C4<0>;
v000001eb0584f3e0_0 .net/2u *"_ivl_573", 31 0, L_000001eb058662f0;  1 drivers
v000001eb0584dfe0_0 .net *"_ivl_575", 31 0, L_000001eb058dd080;  1 drivers
v000001eb0584ea80_0 .net *"_ivl_577", 31 0, L_000001eb058ddc60;  1 drivers
v000001eb0584ee40_0 .net *"_ivl_579", 31 0, L_000001eb058dcb80;  1 drivers
v000001eb0584dae0_0 .net *"_ivl_58", 0 0, L_000001eb0579e7d0;  1 drivers
v000001eb0584e260_0 .net *"_ivl_583", 0 0, L_000001eb058de020;  1 drivers
v000001eb0584ec60_0 .net *"_ivl_587", 0 0, L_000001eb058dd4e0;  1 drivers
v000001eb0584db80_0 .net *"_ivl_591", 0 0, L_000001eb058de660;  1 drivers
L_000001eb05866338 .functor BUFT 1, C4<00000>, C4<0>, C4<0>, C4<0>;
v000001eb0584ed00_0 .net/2u *"_ivl_595", 4 0, L_000001eb05866338;  1 drivers
v000001eb0584f480_0 .net *"_ivl_597", 0 0, L_000001eb058de7a0;  1 drivers
L_000001eb05866380 .functor BUFT 1, C4<00000000000000000000000000000000>, C4<0>, C4<0>, C4<0>;
v000001eb0584cfa0_0 .net/2u *"_ivl_599", 31 0, L_000001eb05866380;  1 drivers
v000001eb0584fa20_0 .net *"_ivl_601", 31 0, L_000001eb058dfc40;  1 drivers
v000001eb0584f520_0 .net *"_ivl_603", 31 0, L_000001eb058dfba0;  1 drivers
v000001eb0584f5c0_0 .net *"_ivl_605", 31 0, L_000001eb058df4c0;  1 drivers
v000001eb0584f7a0_0 .net *"_ivl_61", 0 0, L_000001eb058d8d00;  1 drivers
v000001eb0584f660_0 .net *"_ivl_612", 0 0, L_000001eb058c6340;  1 drivers
v000001eb0584fc00_0 .net *"_ivl_614", 0 0, L_000001eb058df380;  1 drivers
v000001eb0584f700_0 .net *"_ivl_616", 0 0, L_000001eb058c6c00;  1 drivers
v000001eb0584f8e0_0 .net *"_ivl_618", 0 0, L_000001eb058c5ee0;  1 drivers
v000001eb0584f840_0 .net *"_ivl_62", 0 0, L_000001eb0579e840;  1 drivers
v000001eb0584f980_0 .net *"_ivl_620", 0 0, L_000001eb058c61f0;  1 drivers
v000001eb0584fac0_0 .net *"_ivl_622", 0 0, L_000001eb058c6420;  1 drivers
v000001eb0584fb60_0 .net *"_ivl_624", 0 0, L_000001eb058c6ab0;  1 drivers
v000001eb05860050_0 .net *"_ivl_626", 0 0, L_000001eb058c6f10;  1 drivers
v000001eb0585fdd0_0 .net *"_ivl_628", 0 0, L_000001eb058dfd80;  1 drivers
v000001eb0585eb10_0 .net *"_ivl_632", 0 0, L_000001eb058c6ce0;  1 drivers
v000001eb0585e250_0 .net *"_ivl_634", 0 0, L_000001eb058c7370;  1 drivers
v000001eb0585f510_0 .net *"_ivl_636", 0 0, L_000001eb058c5f50;  1 drivers
v000001eb0585e110_0 .net *"_ivl_637", 31 0, L_000001eb058df240;  1 drivers
v000001eb0585f650_0 .net *"_ivl_639", 31 0, L_000001eb058dfe20;  1 drivers
v000001eb0585e430_0 .net *"_ivl_643", 0 0, L_000001eb058c6030;  1 drivers
v000001eb0585fa10_0 .net *"_ivl_645", 0 0, L_000001eb058c6f80;  1 drivers
v000001eb0585ed90_0 .net *"_ivl_647", 0 0, L_000001eb058c7450;  1 drivers
v000001eb0585f830_0 .net *"_ivl_649", 0 0, L_000001eb058c62d0;  1 drivers
v000001eb0585f330_0 .net *"_ivl_65", 0 0, L_000001eb058db3c0;  1 drivers
v000001eb0585e4d0_0 .net *"_ivl_651", 0 0, L_000001eb058c6b20;  1 drivers
v000001eb0585e9d0_0 .net *"_ivl_653", 0 0, L_000001eb058c6dc0;  1 drivers
v000001eb0585f6f0_0 .net *"_ivl_657", 0 0, L_000001eb058c7290;  1 drivers
v000001eb0585f3d0_0 .net *"_ivl_659", 0 0, L_000001eb058c6490;  1 drivers
v000001eb0585e6b0_0 .net *"_ivl_661", 0 0, L_000001eb058c7140;  1 drivers
v000001eb0585e750_0 .net *"_ivl_663", 0 0, L_000001eb058c7220;  1 drivers
v000001eb0585fd30_0 .net *"_ivl_665", 0 0, L_000001eb058c5d20;  1 drivers
v000001eb0585f8d0_0 .net *"_ivl_667", 0 0, L_000001eb058c6a40;  1 drivers
v000001eb0585f970_0 .net *"_ivl_669", 0 0, L_000001eb058c74c0;  1 drivers
v000001eb0585e7f0_0 .net *"_ivl_671", 0 0, L_000001eb058c6500;  1 drivers
v000001eb0585de90_0 .net *"_ivl_673", 0 0, L_000001eb058c6570;  1 drivers
v000001eb0585f150_0 .net *"_ivl_675", 0 0, L_000001eb058c7680;  1 drivers
v000001eb0585ee30_0 .net *"_ivl_677", 0 0, L_000001eb058c6e30;  1 drivers
v000001eb0585e930_0 .net *"_ivl_679", 0 0, L_000001eb058c65e0;  1 drivers
L_000001eb058663c8 .functor BUFT 1, C4<00000>, C4<0>, C4<0>, C4<0>;
v000001eb0585ecf0_0 .net/2u *"_ivl_683", 4 0, L_000001eb058663c8;  1 drivers
v000001eb0585f290_0 .net *"_ivl_685", 0 0, L_000001eb058dfa60;  1 drivers
v000001eb0585ea70_0 .net *"_ivl_687", 0 0, L_000001eb058c6650;  1 drivers
v000001eb0585fab0_0 .net *"_ivl_689", 0 0, L_000001eb058df1a0;  1 drivers
v000001eb0585f790_0 .net *"_ivl_69", 0 0, L_000001eb058dbe60;  1 drivers
v000001eb0585e1b0_0 .net *"_ivl_691", 0 0, L_000001eb058c6b90;  1 drivers
v000001eb0585fb50_0 .net *"_ivl_693", 0 0, L_000001eb058c70d0;  1 drivers
L_000001eb05866410 .functor BUFT 1, C4<00000>, C4<0>, C4<0>, C4<0>;
v000001eb0585e610_0 .net/2u *"_ivl_697", 4 0, L_000001eb05866410;  1 drivers
v000001eb0585dc10_0 .net *"_ivl_699", 0 0, L_000001eb058df2e0;  1 drivers
v000001eb0585e390_0 .net *"_ivl_701", 0 0, L_000001eb058c75a0;  1 drivers
v000001eb0585fe70_0 .net *"_ivl_703", 0 0, L_000001eb058df7e0;  1 drivers
v000001eb0585fbf0_0 .net *"_ivl_705", 0 0, L_000001eb058c7610;  1 drivers
v000001eb0585e2f0_0 .net *"_ivl_707", 0 0, L_000001eb058c67a0;  1 drivers
v000001eb0585e890_0 .net *"_ivl_71", 0 0, L_000001eb058da420;  1 drivers
L_000001eb05866458 .functor BUFT 1, C4<00000>, C4<0>, C4<0>, C4<0>;
v000001eb0585dcb0_0 .net/2u *"_ivl_711", 4 0, L_000001eb05866458;  1 drivers
v000001eb0585f470_0 .net *"_ivl_713", 0 0, L_000001eb058df420;  1 drivers
v000001eb0585ebb0_0 .net *"_ivl_715", 0 0, L_000001eb058c7760;  1 drivers
v000001eb0585ff10_0 .net *"_ivl_717", 0 0, L_000001eb058dfb00;  1 drivers
v000001eb058602d0_0 .net *"_ivl_719", 0 0, L_000001eb058c5d90;  1 drivers
v000001eb05860230_0 .net *"_ivl_72", 0 0, L_000001eb0579df80;  1 drivers
v000001eb0585ec50_0 .net *"_ivl_721", 0 0, L_000001eb058c60a0;  1 drivers
L_000001eb058664a0 .functor BUFT 1, C4<00000>, C4<0>, C4<0>, C4<0>;
v000001eb0585fc90_0 .net/2u *"_ivl_725", 4 0, L_000001eb058664a0;  1 drivers
v000001eb0585eed0_0 .net *"_ivl_727", 0 0, L_000001eb058dfec0;  1 drivers
v000001eb0585f5b0_0 .net *"_ivl_729", 0 0, L_000001eb058e3da0;  1 drivers
v000001eb0585e570_0 .net *"_ivl_731", 0 0, L_000001eb058dff60;  1 drivers
v000001eb0585ef70_0 .net *"_ivl_733", 0 0, L_000001eb058e4970;  1 drivers
v000001eb0585ffb0_0 .net *"_ivl_735", 0 0, L_000001eb058e5000;  1 drivers
v000001eb0585f010_0 .net *"_ivl_740", 0 0, L_000001eb058e4120;  1 drivers
v000001eb058600f0_0 .net *"_ivl_742", 0 0, L_000001eb058e4510;  1 drivers
L_000001eb058664e8 .functor BUFT 1, C4<00000>, C4<0>, C4<0>, C4<0>;
v000001eb05860190_0 .net/2u *"_ivl_743", 4 0, L_000001eb058664e8;  1 drivers
v000001eb0585db70_0 .net *"_ivl_745", 0 0, L_000001eb058df6a0;  1 drivers
v000001eb0585f0b0_0 .net *"_ivl_748", 0 0, L_000001eb058e3b00;  1 drivers
v000001eb0585df30_0 .net *"_ivl_749", 0 0, L_000001eb058df100;  1 drivers
v000001eb0585dd50_0 .net *"_ivl_75", 0 0, L_000001eb058db460;  1 drivers
v000001eb0585ddf0_0 .net *"_ivl_752", 0 0, L_000001eb058e3b70;  1 drivers
v000001eb0585f1f0_0 .net *"_ivl_753", 0 0, L_000001eb058df560;  1 drivers
v000001eb0585dfd0_0 .net *"_ivl_756", 0 0, L_000001eb058e4430;  1 drivers
v000001eb0585e070_0 .net *"_ivl_758", 0 0, L_000001eb058e3c50;  1 drivers
v000001eb05860730_0 .net *"_ivl_76", 0 0, L_000001eb0579ea70;  1 drivers
v000001eb05860370_0 .net *"_ivl_763", 31 0, L_000001eb058df600;  1 drivers
v000001eb058604b0_0 .net *"_ivl_774", 0 0, L_000001eb058e4eb0;  1 drivers
v000001eb058607d0_0 .net *"_ivl_79", 0 0, L_000001eb058dbf00;  1 drivers
v000001eb05860870_0 .net *"_ivl_793", 3 0, L_000001eb058eb830;  1 drivers
L_000001eb05866770 .functor BUFT 1, C4<0000>, C4<0>, C4<0>, C4<0>;
v000001eb05860910_0 .net/2u *"_ivl_795", 3 0, L_000001eb05866770;  1 drivers
v000001eb05860550_0 .net *"_ivl_83", 0 0, L_000001eb058da240;  1 drivers
v000001eb058605f0_0 .net *"_ivl_85", 0 0, L_000001eb058dc180;  1 drivers
v000001eb058609b0_0 .net *"_ivl_86", 0 0, L_000001eb0579eae0;  1 drivers
v000001eb05860a50_0 .net *"_ivl_89", 0 0, L_000001eb058dc0e0;  1 drivers
v000001eb05860410_0 .net *"_ivl_90", 0 0, L_000001eb0579e1b0;  1 drivers
v000001eb05860690_0 .net *"_ivl_93", 0 0, L_000001eb058db000;  1 drivers
v000001eb0585a650_0 .net *"_ivl_97", 0 0, L_000001eb058dad80;  1 drivers
v000001eb0585af10_0 .net *"_ivl_99", 0 0, L_000001eb058db500;  1 drivers
v000001eb0585ab50_0 .net "alu_op", 11 0, L_000001eb058deb60;  1 drivers
v000001eb0585a6f0_0 .net "alu_result", 31 0, L_000001eb058e4e40;  1 drivers
v000001eb05859bb0_0 .net "alu_src1", 31 0, L_000001eb058df9c0;  1 drivers
v000001eb0585abf0_0 .net "alu_src2", 31 0, L_000001eb058ed090;  1 drivers
v000001eb05858e90_0 .net "br_offs", 31 0, L_000001eb058dd8a0;  1 drivers
v000001eb0585b0f0_0 .net "br_taken", 0 0, L_000001eb058c71b0;  1 drivers
v000001eb058591b0_0 .net "br_target", 31 0, L_000001eb058df920;  1 drivers
o000001eb057cee48 .functor BUFZ 1, C4<z>; HiZ drive
v000001eb0585ac90_0 .net "clk", 0 0, o000001eb057cee48;  0 drivers
v000001eb05859f70_0 .net "data_sram_addr", 31 0, L_000001eb058e4200;  1 drivers
L_000001eb05866728 .functor BUFT 1, C4<1>, C4<0>, C4<0>, C4<0>;
v000001eb05858f30_0 .net "data_sram_en", 0 0, L_000001eb05866728;  1 drivers
o000001eb057d2c58 .functor BUFZ 32, C4<zzzzzzzzzzzzzzzzzzzzzzzzzzzzzzzz>; HiZ drive
v000001eb05859570_0 .net "data_sram_rdata", 31 0, o000001eb057d2c58;  0 drivers
v000001eb0585ae70_0 .net "data_sram_wdata", 31 0, L_000001eb058e4270;  1 drivers
v000001eb05858c10_0 .net "data_sram_we", 3 0, L_000001eb058ec2d0;  1 drivers
v000001eb05859250_0 .net "debug_wb_pc", 31 0, L_000001eb058e5310;  1 drivers
v000001eb05858fd0_0 .net "debug_wb_rf_wdata", 31 0, L_000001eb058e45f0;  1 drivers
v000001eb058592f0_0 .net "debug_wb_rf_we", 3 0, L_000001eb058ec870;  1 drivers
v000001eb0585a970_0 .net "debug_wb_rf_wnum", 4 0, L_000001eb058e4350;  1 drivers
v000001eb05859b10_0 .net "dest", 4 0, L_000001eb058dd620;  1 drivers
v000001eb0585a1f0_0 .net "dst_is_r1", 0 0, L_000001eb058c97c0;  1 drivers
v000001eb05858cb0_0 .net "ex_forward_valid", 0 0, L_000001eb058c5e00;  1 drivers
v000001eb0585ad30_0 .net "ex_forward_value", 31 0, L_000001eb058c5c40;  1 drivers
v000001eb05859430_0 .var "fetch_valid", 0 0;
v000001eb0585afb0_0 .net "final_result", 31 0, L_000001eb058eb790;  1 drivers
v000001eb0585add0_0 .net "gr_we", 0 0, L_000001eb058c6ea0;  1 drivers
v000001eb0585a330_0 .net "hazard_r1_ex", 0 0, L_000001eb058c7530;  1 drivers
v000001eb05858b70_0 .net "hazard_r1_mem", 0 0, L_000001eb058c6810;  1 drivers
v000001eb05859c50_0 .net "hazard_r2_ex", 0 0, L_000001eb058c76f0;  1 drivers
v000001eb05859a70_0 .net "hazard_r2_mem", 0 0, L_000001eb058e3780;  1 drivers
v000001eb0585a3d0_0 .net "i12", 11 0, L_000001eb058d0c40;  1 drivers
v000001eb0585b050_0 .net "i16", 15 0, L_000001eb058d10a0;  1 drivers
v000001eb058597f0_0 .net "i20", 19 0, L_000001eb058d0ba0;  1 drivers
v000001eb0585b190_0 .net "i26", 25 0, L_000001eb058d0b00;  1 drivers
v000001eb0585a010_0 .net "id_need_r1", 0 0, L_000001eb058c6d50;  1 drivers
v000001eb05859890_0 .net "id_need_r2", 0 0, L_000001eb058c7060;  1 drivers
v000001eb05859390_0 .net "imm", 31 0, L_000001eb058dd440;  1 drivers
v000001eb0585aab0_0 .net "inst", 31 0, v000001eb0583d8c0_0;  1 drivers
v000001eb0585b230_0 .net "inst_add_w", 0 0, L_000001eb0579e140;  1 drivers
v000001eb05858d50_0 .net "inst_addi_w", 0 0, L_000001eb058c7920;  1 drivers
v000001eb058594d0_0 .var "inst_addr_r", 31 0;
v000001eb05859070_0 .net "inst_and", 0 0, L_000001eb0579db90;  1 drivers
v000001eb05859d90_0 .net "inst_andi", 0 0, L_000001eb058c8db0;  1 drivers
v000001eb05859ed0_0 .net "inst_b", 0 0, L_000001eb058dd580;  1 drivers
v000001eb0585aa10_0 .net "inst_beq", 0 0, L_000001eb058dd940;  1 drivers
v000001eb0585a790_0 .net "inst_bl", 0 0, L_000001eb058dcfe0;  1 drivers
v000001eb05859cf0_0 .net "inst_bne", 0 0, L_000001eb058dec00;  1 drivers
v000001eb05859610_0 .net "inst_jirl", 0 0, L_000001eb058ddd00;  1 drivers
v000001eb0585a510_0 .net "inst_ld_w", 0 0, L_000001eb058c7ca0;  1 drivers
v000001eb05859110_0 .net "inst_lu12i_w", 0 0, L_000001eb058c82c0;  1 drivers
v000001eb0585b2d0_0 .net "inst_nor", 0 0, L_000001eb0579d960;  1 drivers
v000001eb058596b0_0 .net "inst_or", 0 0, L_000001eb0579f020;  1 drivers
v000001eb05859750_0 .net "inst_ori", 0 0, L_000001eb058c8250;  1 drivers
v000001eb05858df0_0 .net "inst_pcaddu12i", 0 0, L_000001eb058de700;  1 drivers
v000001eb05859930_0 .net "inst_sll_w", 0 0, L_000001eb058c8410;  1 drivers
v000001eb05859e30_0 .net "inst_slli_w", 0 0, L_000001eb058c8790;  1 drivers
v000001eb0585a290_0 .net "inst_slt", 0 0, L_000001eb0579ea00;  1 drivers
v000001eb0585a470_0 .net "inst_slti", 0 0, L_000001eb058c8fe0;  1 drivers
v000001eb0585a5b0_0 .net "inst_sltu", 0 0, L_000001eb0579ebc0;  1 drivers
v000001eb058599d0_0 .net "inst_sltui", 0 0, L_000001eb058c78b0;  1 drivers
v000001eb0585a0b0_0 .net "inst_sra_w", 0 0, L_000001eb058c8c60;  1 drivers
v000001eb0585a150_0 .net "inst_srai_w", 0 0, L_000001eb058c7d10;  1 drivers
v000001eb0585a830_0 .net "inst_sram_addr", 31 0, L_000001eb0579d570;  1 drivers
L_000001eb05861b80 .functor BUFT 1, C4<1>, C4<0>, C4<0>, C4<0>;
v000001eb0585a8d0_0 .net "inst_sram_en", 0 0, L_000001eb05861b80;  1 drivers
o000001eb057d3618 .functor BUFZ 32, C4<zzzzzzzzzzzzzzzzzzzzzzzzzzzzzzzz>; HiZ drive
v000001eb0585c590_0 .net "inst_sram_rdata", 31 0, o000001eb057d3618;  0 drivers
L_000001eb05861c10 .functor BUFT 1, C4<00000000000000000000000000000000>, C4<0>, C4<0>, C4<0>;
v000001eb0585ce50_0 .net "inst_sram_wdata", 31 0, L_000001eb05861c10;  1 drivers
L_000001eb05861bc8 .functor BUFT 1, C4<0000>, C4<0>, C4<0>, C4<0>;
v000001eb0585d3f0_0 .net "inst_sram_we", 3 0, L_000001eb05861bc8;  1 drivers
v000001eb0585b910_0 .net "inst_srl_w", 0 0, L_000001eb058c8d40;  1 drivers
v000001eb0585d030_0 .net "inst_srli_w", 0 0, L_000001eb058c8bf0;  1 drivers
v000001eb0585cb30_0 .net "inst_st_w", 0 0, L_000001eb058c7d80;  1 drivers
v000001eb0585d490_0 .net "inst_sub_w", 0 0, L_000001eb0579d1f0;  1 drivers
v000001eb0585beb0_0 .net "inst_xor", 0 0, L_000001eb0579ef40;  1 drivers
v000001eb0585d7b0_0 .net "inst_xori", 0 0, L_000001eb058c7c30;  1 drivers
v000001eb0585bb90_0 .net "jirl_offs", 31 0, L_000001eb058dd6c0;  1 drivers
v000001eb0585b7d0_0 .net "load_use_hazard", 0 0, L_000001eb058e3a90;  1 drivers
v000001eb0585c630_0 .net "mem_forward_valid", 0 0, L_000001eb058c5cb0;  1 drivers
v000001eb0585bf50_0 .net "mem_forward_value", 31 0, L_000001eb058dcf40;  1 drivers
v000001eb0585bc30_0 .net "mem_result", 31 0, v000001eb0583dc80_0;  1 drivers
v000001eb0585d530_0 .net "mem_we", 0 0, L_000001eb058c7300;  1 drivers
v000001eb0585bcd0_0 .net "need_si12", 0 0, L_000001eb058c92f0;  1 drivers
v000001eb0585da30_0 .net "need_si16", 0 0, L_000001eb058c89c0;  1 drivers
v000001eb0585d170_0 .net "need_si20", 0 0, L_000001eb058c8b10;  1 drivers
v000001eb0585cef0_0 .net "need_si20_pcaddu12i", 0 0, L_000001eb058c81e0;  1 drivers
v000001eb0585b690_0 .net "need_si26", 0 0, L_000001eb058c90c0;  1 drivers
v000001eb0585c770_0 .net "need_ui12", 0 0, L_000001eb058c7a00;  1 drivers
v000001eb0585d0d0_0 .net "need_ui5", 0 0, L_000001eb058c8e90;  1 drivers
v000001eb0585cc70_0 .net "nextpc", 31 0, L_000001eb058df880;  1 drivers
v000001eb0585bd70_0 .net "op_19_15", 4 0, L_000001eb058d02e0;  1 drivers
v000001eb0585be10_0 .net "op_19_15_d", 31 0, L_000001eb058d81c0;  1 drivers
v000001eb0585d5d0_0 .net "op_21_20", 1 0, L_000001eb058d0880;  1 drivers
v000001eb0585bff0_0 .net "op_21_20_d", 3 0, L_000001eb058d66e0;  1 drivers
v000001eb0585d8f0_0 .net "op_25_22", 3 0, L_000001eb058d1fa0;  1 drivers
v000001eb0585b550_0 .net "op_25_22_d", 15 0, L_000001eb058d65a0;  1 drivers
v000001eb0585ba50_0 .net "op_31_26", 5 0, L_000001eb058d2220;  1 drivers
v000001eb0585c810_0 .net "op_31_26_d", 63 0, L_000001eb058d59c0;  1 drivers
v000001eb0585b730_0 .var "pc", 31 0;
v000001eb0585dad0_0 .net "pcaddu12i_imm", 31 0, L_000001eb058ddda0;  1 drivers
v000001eb0585b370_0 .net "pipeline_stall", 0 0, L_000001eb058e4ac0;  1 drivers
v000001eb0585d2b0_0 .net "r1_from_ex", 0 0, L_000001eb058c5fc0;  1 drivers
v000001eb0585d210_0 .net "r1_from_mem", 0 0, L_000001eb058c73e0;  1 drivers
v000001eb0585d670_0 .net "r1_from_wb", 0 0, L_000001eb058c6ff0;  1 drivers
v000001eb0585c6d0_0 .net "r2_from_ex", 0 0, L_000001eb058c5e70;  1 drivers
v000001eb0585c090_0 .net "r2_from_mem", 0 0, L_000001eb058c68f0;  1 drivers
v000001eb0585d710_0 .net "r2_from_wb", 0 0, L_000001eb058c6880;  1 drivers
v000001eb0585c130_0 .net "rd", 4 0, L_000001eb058d07e0;  1 drivers
v000001eb0585c1d0_0 .net "res_from_mem", 0 0, L_000001eb058c9750;  1 drivers
v000001eb0585cf90_0 .var "reset", 0 0;
o000001eb057d3ca8 .functor BUFZ 1, C4<z>; HiZ drive
v000001eb0585d350_0 .net "resetn", 0 0, o000001eb057d3ca8;  0 drivers
v000001eb0585d850_0 .net "rf_raddr1", 4 0, L_000001eb058c6260;  1 drivers
v000001eb0585cbd0_0 .net "rf_raddr2", 4 0, L_000001eb058def20;  1 drivers
v000001eb0585d990_0 .net "rf_rdata1", 31 0, L_000001eb058ddf80;  1 drivers
v000001eb0585b410_0 .net "rf_rdata2", 31 0, L_000001eb058df060;  1 drivers
v000001eb0585b4b0_0 .net "rf_waddr", 4 0, L_000001eb058e5230;  1 drivers
v000001eb0585cd10_0 .net "rf_wdata", 31 0, L_000001eb058e52a0;  1 drivers
v000001eb0585c8b0_0 .net "rf_we", 0 0, L_000001eb058e51c0;  1 drivers
v000001eb0585c950_0 .net "rj", 4 0, L_000001eb058d15a0;  1 drivers
v000001eb0585c9f0_0 .net "rj_eq_rd", 0 0, L_000001eb058df740;  1 drivers
v000001eb0585c270_0 .net "rj_value", 31 0, L_000001eb058dd3a0;  1 drivers
v000001eb0585b5f0_0 .net "rk", 4 0, L_000001eb058d04c0;  1 drivers
v000001eb0585ca90_0 .net "rkd_value", 31 0, L_000001eb058dfce0;  1 drivers
v000001eb0585cdb0_0 .net "seq_pc", 31 0, L_000001eb0585c4f0;  1 drivers
v000001eb0585b870_0 .net "src1_is_pc", 0 0, L_000001eb058c8640;  1 drivers
v000001eb0585b9b0_0 .net "src2_is_4", 0 0, L_000001eb058c9130;  1 drivers
v000001eb0585baf0_0 .net "src2_is_imm", 0 0, L_000001eb058c9910;  1 drivers
v000001eb0585c310_0 .net "src_reg_is_rd", 0 0, L_000001eb058c8a30;  1 drivers
v000001eb0585c3b0_0 .net "wb_forward_valid", 0 0, L_000001eb058c69d0;  1 drivers
v000001eb0585c450_0 .net "wb_forward_value", 31 0, L_000001eb058c6730;  1 drivers
L_000001eb0585c4f0 .arith/sum 32, v000001eb0585b730_0, L_000001eb05861b38;
L_000001eb058d2220 .part v000001eb0583d8c0_0, 26, 6;
L_000001eb058d1fa0 .part v000001eb0583d8c0_0, 22, 4;
L_000001eb058d0880 .part v000001eb0583d8c0_0, 20, 2;
L_000001eb058d02e0 .part v000001eb0583d8c0_0, 15, 5;
L_000001eb058d07e0 .part v000001eb0583d8c0_0, 0, 5;
L_000001eb058d15a0 .part v000001eb0583d8c0_0, 5, 5;
L_000001eb058d04c0 .part v000001eb0583d8c0_0, 10, 5;
L_000001eb058d0c40 .part v000001eb0583d8c0_0, 10, 12;
L_000001eb058d0ba0 .part v000001eb0583d8c0_0, 5, 20;
L_000001eb058d10a0 .part v000001eb0583d8c0_0, 10, 16;
L_000001eb058d1640 .part v000001eb0583d8c0_0, 0, 10;
L_000001eb058d1820 .part v000001eb0583d8c0_0, 10, 16;
L_000001eb058d0b00 .concat [ 16 10 0 0], L_000001eb058d1820, L_000001eb058d1640;
L_000001eb058d7e00 .part L_000001eb058d59c0, 0, 1;
L_000001eb058d8260 .part L_000001eb058d65a0, 0, 1;
L_000001eb058d8580 .part L_000001eb058d66e0, 1, 1;
L_000001eb058d8620 .part L_000001eb058d81c0, 0, 1;
L_000001eb058d8c60 .part L_000001eb058d59c0, 0, 1;
L_000001eb058d8bc0 .part L_000001eb058d65a0, 0, 1;
L_000001eb058d8d00 .part L_000001eb058d66e0, 1, 1;
L_000001eb058db3c0 .part L_000001eb058d81c0, 2, 1;
L_000001eb058dbe60 .part L_000001eb058d59c0, 0, 1;
L_000001eb058da420 .part L_000001eb058d65a0, 0, 1;
L_000001eb058db460 .part L_000001eb058d66e0, 1, 1;
L_000001eb058dbf00 .part L_000001eb058d81c0, 4, 1;
L_000001eb058da240 .part L_000001eb058d59c0, 0, 1;
L_000001eb058dc180 .part L_000001eb058d65a0, 0, 1;
L_000001eb058dc0e0 .part L_000001eb058d66e0, 1, 1;
L_000001eb058db000 .part L_000001eb058d81c0, 5, 1;
L_000001eb058dad80 .part L_000001eb058d59c0, 0, 1;
L_000001eb058db500 .part L_000001eb058d65a0, 0, 1;
L_000001eb058da7e0 .part L_000001eb058d66e0, 1, 1;
L_000001eb058da100 .part L_000001eb058d81c0, 8, 1;
L_000001eb058da880 .part L_000001eb058d59c0, 0, 1;
L_000001eb058dbfa0 .part L_000001eb058d65a0, 0, 1;
L_000001eb058dc680 .part L_000001eb058d66e0, 1, 1;
L_000001eb058dc360 .part L_000001eb058d81c0, 9, 1;
L_000001eb058daec0 .part L_000001eb058d59c0, 0, 1;
L_000001eb058db0a0 .part L_000001eb058d65a0, 0, 1;
L_000001eb058db140 .part L_000001eb058d66e0, 1, 1;
L_000001eb058da6a0 .part L_000001eb058d81c0, 10, 1;
L_000001eb058db5a0 .part L_000001eb058d59c0, 0, 1;
L_000001eb058dc040 .part L_000001eb058d65a0, 0, 1;
L_000001eb058db8c0 .part L_000001eb058d66e0, 1, 1;
L_000001eb058db1e0 .part L_000001eb058d81c0, 11, 1;
L_000001eb058db960 .part L_000001eb058d59c0, 0, 1;
L_000001eb058db640 .part L_000001eb058d65a0, 1, 1;
L_000001eb058dc2c0 .part L_000001eb058d66e0, 0, 1;
L_000001eb058dc220 .part L_000001eb058d81c0, 1, 1;
L_000001eb058db6e0 .part L_000001eb058d59c0, 0, 1;
L_000001eb058daf60 .part L_000001eb058d65a0, 1, 1;
L_000001eb058db780 .part L_000001eb058d66e0, 0, 1;
L_000001eb058dc400 .part L_000001eb058d81c0, 9, 1;
L_000001eb058db820 .part L_000001eb058d59c0, 0, 1;
L_000001eb058dc4a0 .part L_000001eb058d65a0, 1, 1;
L_000001eb058daa60 .part L_000001eb058d66e0, 0, 1;
L_000001eb058dac40 .part L_000001eb058d81c0, 17, 1;
L_000001eb058db320 .part L_000001eb058d59c0, 0, 1;
L_000001eb058da920 .part L_000001eb058d65a0, 0, 1;
L_000001eb058dc540 .part L_000001eb058d66e0, 1, 1;
L_000001eb058dbbe0 .part L_000001eb058d81c0, 14, 1;
L_000001eb058dae20 .part L_000001eb058d59c0, 0, 1;
L_000001eb058dba00 .part L_000001eb058d65a0, 0, 1;
L_000001eb058dc5e0 .part L_000001eb058d66e0, 1, 1;
L_000001eb058dbaa0 .part L_000001eb058d81c0, 15, 1;
L_000001eb058dc720 .part L_000001eb058d59c0, 0, 1;
L_000001eb058dc7c0 .part L_000001eb058d65a0, 0, 1;
L_000001eb058dbb40 .part L_000001eb058d66e0, 1, 1;
L_000001eb058da9c0 .part L_000001eb058d81c0, 16, 1;
L_000001eb058dbd20 .part L_000001eb058d59c0, 0, 1;
L_000001eb058dbc80 .part L_000001eb058d65a0, 10, 1;
L_000001eb058da560 .part L_000001eb058d59c0, 0, 1;
L_000001eb058dbdc0 .part L_000001eb058d65a0, 8, 1;
L_000001eb058dc860 .part L_000001eb058d59c0, 0, 1;
L_000001eb058da1a0 .part L_000001eb058d65a0, 9, 1;
L_000001eb058dab00 .part L_000001eb058d59c0, 0, 1;
L_000001eb058da2e0 .part L_000001eb058d65a0, 13, 1;
L_000001eb058da380 .part L_000001eb058d59c0, 0, 1;
L_000001eb058db280 .part L_000001eb058d65a0, 14, 1;
L_000001eb058da4c0 .part L_000001eb058d59c0, 0, 1;
L_000001eb058da600 .part L_000001eb058d65a0, 15, 1;
L_000001eb058da740 .part L_000001eb058d59c0, 10, 1;
L_000001eb058daba0 .part L_000001eb058d65a0, 2, 1;
L_000001eb058dace0 .part L_000001eb058d59c0, 10, 1;
L_000001eb058dc9a0 .part L_000001eb058d65a0, 6, 1;
L_000001eb058ddd00 .part L_000001eb058d59c0, 19, 1;
L_000001eb058dd580 .part L_000001eb058d59c0, 20, 1;
L_000001eb058dcfe0 .part L_000001eb058d59c0, 21, 1;
L_000001eb058dd940 .part L_000001eb058d59c0, 22, 1;
L_000001eb058dec00 .part L_000001eb058d59c0, 23, 1;
L_000001eb058de8e0 .part L_000001eb058d59c0, 5, 1;
L_000001eb058dc900 .part v000001eb0583d8c0_0, 25, 1;
L_000001eb058de700 .part L_000001eb058d59c0, 7, 1;
LS_000001eb058deb60_0_0 .concat8 [ 1 1 1 1], L_000001eb058c7e60, L_000001eb058c7ae0, L_000001eb058c7a70, L_000001eb058c84f0;
LS_000001eb058deb60_0_4 .concat8 [ 1 1 1 1], L_000001eb058c7fb0, L_000001eb058c7990, L_000001eb058c7f40, L_000001eb058c8870;
LS_000001eb058deb60_0_8 .concat8 [ 1 1 1 1], L_000001eb058c8020, L_000001eb058c8f70, L_000001eb058c8090, L_000001eb058c8330;
L_000001eb058deb60 .concat8 [ 4 4 4 0], LS_000001eb058deb60_0_0, LS_000001eb058deb60_0_4, LS_000001eb058deb60_0_8;
L_000001eb058dd260 .part L_000001eb058d0ba0, 19, 1;
LS_000001eb058dd800_0_0 .concat [ 1 1 1 1], L_000001eb058dd260, L_000001eb058dd260, L_000001eb058dd260, L_000001eb058dd260;
LS_000001eb058dd800_0_4 .concat [ 1 1 1 1], L_000001eb058dd260, L_000001eb058dd260, L_000001eb058dd260, L_000001eb058dd260;
LS_000001eb058dd800_0_8 .concat [ 1 1 1 1], L_000001eb058dd260, L_000001eb058dd260, L_000001eb058dd260, L_000001eb058dd260;
L_000001eb058dd800 .concat [ 4 4 4 0], LS_000001eb058dd800_0_0, LS_000001eb058dd800_0_4, LS_000001eb058dd800_0_8;
L_000001eb058dcc20 .concat [ 20 12 0 0], L_000001eb058d0ba0, L_000001eb058dd800;
L_000001eb058ddbc0 .part L_000001eb058dcc20, 0, 20;
L_000001eb058ddda0 .concat [ 12 20 0 0], L_000001eb05865d98, L_000001eb058ddbc0;
L_000001eb058dccc0 .concat [ 12 20 0 0], L_000001eb05865e28, L_000001eb058d0ba0;
L_000001eb058deca0 .part L_000001eb058d0c40, 0, 5;
L_000001eb058de0c0 .concat [ 5 27 0 0], L_000001eb058deca0, L_000001eb05865e70;
L_000001eb058dd760 .concat [ 12 20 0 0], L_000001eb058d0c40, L_000001eb05865eb8;
L_000001eb058de2a0 .part L_000001eb058d0c40, 11, 1;
LS_000001eb058de200_0_0 .concat [ 1 1 1 1], L_000001eb058de2a0, L_000001eb058de2a0, L_000001eb058de2a0, L_000001eb058de2a0;
LS_000001eb058de200_0_4 .concat [ 1 1 1 1], L_000001eb058de2a0, L_000001eb058de2a0, L_000001eb058de2a0, L_000001eb058de2a0;
LS_000001eb058de200_0_8 .concat [ 1 1 1 1], L_000001eb058de2a0, L_000001eb058de2a0, L_000001eb058de2a0, L_000001eb058de2a0;
LS_000001eb058de200_0_12 .concat [ 1 1 1 1], L_000001eb058de2a0, L_000001eb058de2a0, L_000001eb058de2a0, L_000001eb058de2a0;
LS_000001eb058de200_0_16 .concat [ 1 1 1 1], L_000001eb058de2a0, L_000001eb058de2a0, L_000001eb058de2a0, L_000001eb058de2a0;
LS_000001eb058de200_1_0 .concat [ 4 4 4 4], LS_000001eb058de200_0_0, LS_000001eb058de200_0_4, LS_000001eb058de200_0_8, LS_000001eb058de200_0_12;
LS_000001eb058de200_1_4 .concat [ 4 0 0 0], LS_000001eb058de200_0_16;
L_000001eb058de200 .concat [ 16 4 0 0], LS_000001eb058de200_1_0, LS_000001eb058de200_1_4;
L_000001eb058dede0 .concat [ 12 20 0 0], L_000001eb058d0c40, L_000001eb058de200;
L_000001eb058ded40 .functor MUXZ 32, L_000001eb058dede0, L_000001eb058dd760, L_000001eb058c7a00, C4<>;
L_000001eb058de3e0 .functor MUXZ 32, L_000001eb058ded40, L_000001eb058de0c0, L_000001eb058c8e90, C4<>;
L_000001eb058de980 .functor MUXZ 32, L_000001eb058de3e0, L_000001eb058dccc0, L_000001eb058c8b10, C4<>;
L_000001eb058dee80 .functor MUXZ 32, L_000001eb058de980, L_000001eb058ddda0, L_000001eb058c81e0, C4<>;
L_000001eb058dd440 .functor MUXZ 32, L_000001eb058dee80, L_000001eb05865de0, L_000001eb058c9130, C4<>;
L_000001eb058dea20 .part L_000001eb058d0b00, 25, 1;
L_000001eb058dd120 .concat [ 1 1 1 1], L_000001eb058dea20, L_000001eb058dea20, L_000001eb058dea20, L_000001eb058dea20;
L_000001eb058de840 .concat [ 2 26 4 0], L_000001eb05865f00, L_000001eb058d0b00, L_000001eb058dd120;
L_000001eb058dca40 .part L_000001eb058d10a0, 15, 1;
LS_000001eb058de160_0_0 .concat [ 1 1 1 1], L_000001eb058dca40, L_000001eb058dca40, L_000001eb058dca40, L_000001eb058dca40;
LS_000001eb058de160_0_4 .concat [ 1 1 1 1], L_000001eb058dca40, L_000001eb058dca40, L_000001eb058dca40, L_000001eb058dca40;
LS_000001eb058de160_0_8 .concat [ 1 1 1 1], L_000001eb058dca40, L_000001eb058dca40, L_000001eb058dca40, L_000001eb058dca40;
LS_000001eb058de160_0_12 .concat [ 1 1 0 0], L_000001eb058dca40, L_000001eb058dca40;
L_000001eb058de160 .concat [ 4 4 4 2], LS_000001eb058de160_0_0, LS_000001eb058de160_0_4, LS_000001eb058de160_0_8, LS_000001eb058de160_0_12;
L_000001eb058dde40 .concat [ 2 16 14 0], L_000001eb05865f48, L_000001eb058d10a0, L_000001eb058de160;
L_000001eb058dd8a0 .functor MUXZ 32, L_000001eb058dde40, L_000001eb058de840, L_000001eb058c90c0, C4<>;
L_000001eb058dcea0 .part L_000001eb058d10a0, 15, 1;
LS_000001eb058de480_0_0 .concat [ 1 1 1 1], L_000001eb058dcea0, L_000001eb058dcea0, L_000001eb058dcea0, L_000001eb058dcea0;
LS_000001eb058de480_0_4 .concat [ 1 1 1 1], L_000001eb058dcea0, L_000001eb058dcea0, L_000001eb058dcea0, L_000001eb058dcea0;
LS_000001eb058de480_0_8 .concat [ 1 1 1 1], L_000001eb058dcea0, L_000001eb058dcea0, L_000001eb058dcea0, L_000001eb058dcea0;
LS_000001eb058de480_0_12 .concat [ 1 1 0 0], L_000001eb058dcea0, L_000001eb058dcea0;
L_000001eb058de480 .concat [ 4 4 4 2], LS_000001eb058de480_0_0, LS_000001eb058de480_0_4, LS_000001eb058de480_0_8, LS_000001eb058de480_0_12;
L_000001eb058dd6c0 .concat [ 2 16 14 0], L_000001eb05865f90, L_000001eb058d10a0, L_000001eb058de480;
L_000001eb058dd620 .functor MUXZ 5, L_000001eb058d07e0, L_000001eb05865fd8, L_000001eb058c97c0, C4<>;
L_000001eb058def20 .functor MUXZ 5, L_000001eb058d04c0, L_000001eb058d07e0, L_000001eb058c8a30, C4<>;
L_000001eb058dda80 .cmp/ne 5, v000001eb0583d640_0, L_000001eb058661d0;
L_000001eb058deac0 .reduce/nor v000001eb0583cf60_0;
L_000001eb058dcf40 .functor MUXZ 32, v000001eb0583eea0_0, o000001eb057d2c58, v000001eb0583cce0_0, C4<>;
L_000001eb058dcae0 .cmp/ne 5, v000001eb0583e220_0, L_000001eb05866218;
L_000001eb058dcd60 .cmp/ne 5, L_000001eb058e5230, L_000001eb05866260;
L_000001eb058dce00 .cmp/eq 5, L_000001eb058c6260, v000001eb0583d640_0;
L_000001eb058dd1c0 .cmp/eq 5, L_000001eb058c6260, v000001eb0583e220_0;
L_000001eb058ddb20 .cmp/eq 5, L_000001eb058c6260, L_000001eb058e5230;
L_000001eb058dd300 .cmp/eq 5, L_000001eb058c6260, L_000001eb058662a8;
L_000001eb058dd080 .functor MUXZ 32, L_000001eb058ddf80, L_000001eb058c6730, L_000001eb058c6ff0, C4<>;
L_000001eb058ddc60 .functor MUXZ 32, L_000001eb058dd080, L_000001eb058dcf40, L_000001eb058c73e0, C4<>;
L_000001eb058dcb80 .functor MUXZ 32, L_000001eb058ddc60, L_000001eb058c5c40, L_000001eb058c5fc0, C4<>;
L_000001eb058dd3a0 .functor MUXZ 32, L_000001eb058dcb80, L_000001eb058662f0, L_000001eb058dd300, C4<>;
L_000001eb058de020 .cmp/eq 5, L_000001eb058def20, v000001eb0583d640_0;
L_000001eb058dd4e0 .cmp/eq 5, L_000001eb058def20, v000001eb0583e220_0;
L_000001eb058de660 .cmp/eq 5, L_000001eb058def20, L_000001eb058e5230;
L_000001eb058de7a0 .cmp/eq 5, L_000001eb058def20, L_000001eb05866338;
L_000001eb058dfc40 .functor MUXZ 32, L_000001eb058df060, L_000001eb058c6730, L_000001eb058c6880, C4<>;
L_000001eb058dfba0 .functor MUXZ 32, L_000001eb058dfc40, L_000001eb058dcf40, L_000001eb058c68f0, C4<>;
L_000001eb058df4c0 .functor MUXZ 32, L_000001eb058dfba0, L_000001eb058c5c40, L_000001eb058c5e70, C4<>;
L_000001eb058dfce0 .functor MUXZ 32, L_000001eb058df4c0, L_000001eb05866380, L_000001eb058de7a0, C4<>;
L_000001eb058df740 .cmp/eq 32, L_000001eb058dd3a0, L_000001eb058dfce0;
L_000001eb058df380 .reduce/nor L_000001eb058df740;
L_000001eb058dfd80 .reduce/nor L_000001eb058e4ac0;
L_000001eb058df240 .arith/sum 32, v000001eb0583da00_0, L_000001eb058dd8a0;
L_000001eb058dfe20 .arith/sum 32, L_000001eb058dd3a0, L_000001eb058dd6c0;
L_000001eb058df920 .functor MUXZ 32, L_000001eb058dfe20, L_000001eb058df240, L_000001eb058c5f50, C4<>;
L_000001eb058dfa60 .cmp/ne 5, L_000001eb058c6260, L_000001eb058663c8;
L_000001eb058df1a0 .cmp/eq 5, L_000001eb058c6260, v000001eb0583d640_0;
L_000001eb058df2e0 .cmp/ne 5, L_000001eb058def20, L_000001eb05866410;
L_000001eb058df7e0 .cmp/eq 5, L_000001eb058def20, v000001eb0583d640_0;
L_000001eb058df420 .cmp/ne 5, L_000001eb058c6260, L_000001eb05866458;
L_000001eb058dfb00 .cmp/eq 5, L_000001eb058c6260, v000001eb0583e220_0;
L_000001eb058dfec0 .cmp/ne 5, L_000001eb058def20, L_000001eb058664a0;
L_000001eb058dff60 .cmp/eq 5, L_000001eb058def20, v000001eb0583e220_0;
L_000001eb058df6a0 .cmp/ne 5, v000001eb0583d640_0, L_000001eb058664e8;
L_000001eb058df100 .cmp/eq 5, L_000001eb058c6260, v000001eb0583d640_0;
L_000001eb058df560 .cmp/eq 5, L_000001eb058def20, v000001eb0583d640_0;
L_000001eb058df600 .functor MUXZ 32, L_000001eb0585c4f0, L_000001eb058df920, L_000001eb058c71b0, C4<>;
L_000001eb058df880 .functor MUXZ 32, L_000001eb058df600, v000001eb0585b730_0, L_000001eb058e4ac0, C4<>;
L_000001eb058df9c0 .functor MUXZ 32, v000001eb0583d780_0, v000001eb0583e680_0, v000001eb0583e720_0, C4<>;
L_000001eb058ed090 .functor MUXZ 32, v000001eb0583ee00_0, v000001eb0583ea40_0, v000001eb0583d500_0, C4<>;
L_000001eb058ec2d0 .concat [ 1 1 1 1], L_000001eb058e4eb0, L_000001eb058e4eb0, L_000001eb058e4eb0, L_000001eb058e4eb0;
L_000001eb058eb790 .functor MUXZ 32, v000001eb0583eae0_0, v000001eb0583dc80_0, v000001eb05849b20_0, C4<>;
L_000001eb058eb830 .concat [ 1 1 1 1], L_000001eb058e51c0, L_000001eb058e51c0, L_000001eb058e51c0, L_000001eb058e51c0;
L_000001eb058ec870 .functor MUXZ 4, L_000001eb05866770, L_000001eb058eb830, v000001eb05849e40_0, C4<>;
S_000001eb0533c9c0 .scope module, "u_alu" "alu" 2 446, 3 1 0, S_000001eb0533c830;
 .timescale 0 0;
    .port_info 0 /INPUT 12 "alu_op";
    .port_info 1 /INPUT 32 "alu_src1";
    .port_info 2 /INPUT 32 "alu_src2";
    .port_info 3 /OUTPUT 32 "alu_result";
L_000001eb058e4f90 .functor BUFZ 32, L_000001eb058df9c0, C4<00000000000000000000000000000000>, C4<00000000000000000000000000000000>, C4<00000000000000000000000000000000>;
L_000001eb058e4c80 .functor OR 1, L_000001eb058eccd0, L_000001eb058ebe70, C4<0>, C4<0>;
L_000001eb058e37f0 .functor OR 1, L_000001eb058e4c80, L_000001eb058eb510, C4<0>, C4<0>;
L_000001eb058e47b0 .functor NOT 32, L_000001eb058ed090, C4<00000000000000000000000000000000>, C4<00000000000000000000000000000000>, C4<00000000000000000000000000000000>;
L_000001eb058e4cf0 .functor OR 1, L_000001eb058eccd0, L_000001eb058ebe70, C4<0>, C4<0>;
L_000001eb058e3860 .functor OR 1, L_000001eb058e4cf0, L_000001eb058eb510, C4<0>, C4<0>;
L_000001eb058e44a0 .functor BUFZ 32, L_000001eb058ebb50, C4<00000000000000000000000000000000>, C4<00000000000000000000000000000000>, C4<00000000000000000000000000000000>;
L_000001eb058e46d0 .functor NOT 1, L_000001eb058ec7d0, C4<0>, C4<0>, C4<0>;
L_000001eb058e50e0 .functor AND 1, L_000001eb058eaed0, L_000001eb058e46d0, C4<1>, C4<1>;
L_000001eb058e3e80 .functor XNOR 1, L_000001eb058eceb0, L_000001eb058ebdd0, C4<0>, C4<0>;
L_000001eb058e4a50 .functor AND 1, L_000001eb058e3e80, L_000001eb058ecaf0, C4<1>, C4<1>;
L_000001eb058e4dd0 .functor OR 1, L_000001eb058e50e0, L_000001eb058e4a50, C4<0>, C4<0>;
L_000001eb058e39b0 .functor NOT 1, L_000001eb058ebf10, C4<0>, C4<0>, C4<0>;
L_000001eb058e3be0 .functor AND 32, L_000001eb058df9c0, L_000001eb058ed090, C4<11111111111111111111111111111111>, C4<11111111111111111111111111111111>;
L_000001eb058e3940 .functor OR 32, L_000001eb058df9c0, L_000001eb058ed090, C4<00000000000000000000000000000000>, C4<00000000000000000000000000000000>;
L_000001eb058e3cc0 .functor NOT 32, L_000001eb058e3940, C4<00000000000000000000000000000000>, C4<00000000000000000000000000000000>, C4<00000000000000000000000000000000>;
L_000001eb058e3d30 .functor XOR 32, L_000001eb058df9c0, L_000001eb058ed090, C4<00000000000000000000000000000000>, C4<00000000000000000000000000000000>;
L_000001eb058e3e10 .functor BUFZ 32, L_000001eb058ed090, C4<00000000000000000000000000000000>, C4<00000000000000000000000000000000>, C4<00000000000000000000000000000000>;
L_000001eb058e4b30 .functor AND 1, L_000001eb058ed310, L_000001eb058ec9b0, C4<1>, C4<1>;
L_000001eb058e3ef0 .functor OR 1, L_000001eb058eb970, L_000001eb058eccd0, C4<0>, C4<0>;
L_000001eb058e4660 .functor AND 32, L_000001eb058ebc90, L_000001eb058e44a0, C4<11111111111111111111111111111111>, C4<11111111111111111111111111111111>;
L_000001eb058e3a20 .functor AND 32, L_000001eb058ec410, L_000001eb058ec550, C4<11111111111111111111111111111111>, C4<11111111111111111111111111111111>;
L_000001eb058e3f60 .functor OR 32, L_000001eb058e4660, L_000001eb058e3a20, C4<00000000000000000000000000000000>, C4<00000000000000000000000000000000>;
L_000001eb058e5150 .functor AND 32, L_000001eb058eb010, L_000001eb058ecf50, C4<11111111111111111111111111111111>, C4<11111111111111111111111111111111>;
L_000001eb058e38d0 .functor OR 32, L_000001eb058e3f60, L_000001eb058e5150, C4<00000000000000000000000000000000>, C4<00000000000000000000000000000000>;
L_000001eb058e3fd0 .functor AND 32, L_000001eb058ec4b0, L_000001eb058e3be0, C4<11111111111111111111111111111111>, C4<11111111111111111111111111111111>;
L_000001eb058e4820 .functor OR 32, L_000001eb058e38d0, L_000001eb058e3fd0, C4<00000000000000000000000000000000>, C4<00000000000000000000000000000000>;
L_000001eb058e4c10 .functor AND 32, L_000001eb058ec230, L_000001eb058e3cc0, C4<11111111111111111111111111111111>, C4<11111111111111111111111111111111>;
L_000001eb058e4ba0 .functor OR 32, L_000001eb058e4820, L_000001eb058e4c10, C4<00000000000000000000000000000000>, C4<00000000000000000000000000000000>;
L_000001eb058e4190 .functor AND 32, L_000001eb058ec050, L_000001eb058e3940, C4<11111111111111111111111111111111>, C4<11111111111111111111111111111111>;
L_000001eb058e49e0 .functor OR 32, L_000001eb058e4ba0, L_000001eb058e4190, C4<00000000000000000000000000000000>, C4<00000000000000000000000000000000>;
L_000001eb058e4900 .functor AND 32, L_000001eb058eb0b0, L_000001eb058e3d30, C4<11111111111111111111111111111111>, C4<11111111111111111111111111111111>;
L_000001eb058e4740 .functor OR 32, L_000001eb058e49e0, L_000001eb058e4900, C4<00000000000000000000000000000000>, C4<00000000000000000000000000000000>;
L_000001eb058e4f20 .functor AND 32, L_000001eb058ebd30, L_000001eb058e3e10, C4<11111111111111111111111111111111>, C4<11111111111111111111111111111111>;
L_000001eb058e4040 .functor OR 32, L_000001eb058e4740, L_000001eb058e4f20, C4<00000000000000000000000000000000>, C4<00000000000000000000000000000000>;
L_000001eb058e5070 .functor AND 32, L_000001eb058ec690, L_000001eb058eb330, C4<11111111111111111111111111111111>, C4<11111111111111111111111111111111>;
L_000001eb058e40b0 .functor OR 32, L_000001eb058e4040, L_000001eb058e5070, C4<00000000000000000000000000000000>, C4<00000000000000000000000000000000>;
L_000001eb058e4580 .functor OR 1, L_000001eb058eb5b0, L_000001eb058ed310, C4<0>, C4<0>;
L_000001eb058e4d60 .functor AND 32, L_000001eb058eca50, L_000001eb058ec370, C4<11111111111111111111111111111111>, C4<11111111111111111111111111111111>;
L_000001eb058e4e40 .functor OR 32, L_000001eb058e40b0, L_000001eb058e4d60, C4<00000000000000000000000000000000>, C4<00000000000000000000000000000000>;
v000001eb0578d620_0 .net *"_ivl_112", 4 0, L_000001eb058ebbf0;  1 drivers
v000001eb0578df80_0 .net *"_ivl_116", 0 0, L_000001eb058ec9b0;  1 drivers
v000001eb0578d760_0 .net *"_ivl_117", 0 0, L_000001eb058e4b30;  1 drivers
v000001eb0578e020_0 .net *"_ivl_119", 31 0, L_000001eb058ec5f0;  1 drivers
v000001eb0578e3e0_0 .net *"_ivl_121", 63 0, L_000001eb058eacf0;  1 drivers
v000001eb0578e480_0 .net *"_ivl_124", 4 0, L_000001eb058ec190;  1 drivers
v000001eb0578e520_0 .net *"_ivl_129", 0 0, L_000001eb058e3ef0;  1 drivers
v000001eb05818650_0 .net *"_ivl_131", 31 0, L_000001eb058ebc90;  1 drivers
v000001eb05818330_0 .net *"_ivl_133", 31 0, L_000001eb058e4660;  1 drivers
v000001eb05819370_0 .net *"_ivl_135", 31 0, L_000001eb058ec410;  1 drivers
v000001eb05818510_0 .net *"_ivl_137", 31 0, L_000001eb058e3a20;  1 drivers
v000001eb05818fb0_0 .net *"_ivl_139", 31 0, L_000001eb058e3f60;  1 drivers
v000001eb05818010_0 .net *"_ivl_141", 31 0, L_000001eb058eb010;  1 drivers
v000001eb05819050_0 .net *"_ivl_143", 31 0, L_000001eb058e5150;  1 drivers
v000001eb05819af0_0 .net *"_ivl_145", 31 0, L_000001eb058e38d0;  1 drivers
v000001eb058188d0_0 .net *"_ivl_147", 31 0, L_000001eb058ec4b0;  1 drivers
v000001eb05819eb0_0 .net *"_ivl_149", 31 0, L_000001eb058e3fd0;  1 drivers
v000001eb05819190_0 .net *"_ivl_151", 31 0, L_000001eb058e4820;  1 drivers
v000001eb058197d0_0 .net *"_ivl_153", 31 0, L_000001eb058ec230;  1 drivers
v000001eb058186f0_0 .net *"_ivl_155", 31 0, L_000001eb058e4c10;  1 drivers
v000001eb05818470_0 .net *"_ivl_157", 31 0, L_000001eb058e4ba0;  1 drivers
v000001eb058190f0_0 .net *"_ivl_159", 31 0, L_000001eb058ec050;  1 drivers
v000001eb0581a590_0 .net *"_ivl_161", 31 0, L_000001eb058e4190;  1 drivers
v000001eb05819230_0 .net *"_ivl_163", 31 0, L_000001eb058e49e0;  1 drivers
v000001eb05819b90_0 .net *"_ivl_165", 31 0, L_000001eb058eb0b0;  1 drivers
v000001eb05818290_0 .net *"_ivl_167", 31 0, L_000001eb058e4900;  1 drivers
v000001eb05818970_0 .net *"_ivl_169", 31 0, L_000001eb058e4740;  1 drivers
v000001eb05819550_0 .net *"_ivl_171", 31 0, L_000001eb058ebd30;  1 drivers
v000001eb0581a090_0 .net *"_ivl_173", 31 0, L_000001eb058e4f20;  1 drivers
v000001eb05819f50_0 .net *"_ivl_175", 31 0, L_000001eb058e4040;  1 drivers
v000001eb05819ff0_0 .net *"_ivl_177", 31 0, L_000001eb058ec690;  1 drivers
v000001eb0581a630_0 .net *"_ivl_179", 31 0, L_000001eb058e5070;  1 drivers
v000001eb0581a770_0 .net *"_ivl_181", 31 0, L_000001eb058e40b0;  1 drivers
v000001eb05819cd0_0 .net *"_ivl_183", 0 0, L_000001eb058e4580;  1 drivers
v000001eb0581a130_0 .net *"_ivl_185", 31 0, L_000001eb058eca50;  1 drivers
v000001eb05818a10_0 .net *"_ivl_187", 31 0, L_000001eb058e4d60;  1 drivers
v000001eb0581a270_0 .net *"_ivl_26", 0 0, L_000001eb058e4c80;  1 drivers
v000001eb05819c30_0 .net *"_ivl_28", 0 0, L_000001eb058e37f0;  1 drivers
v000001eb05818790_0 .net *"_ivl_30", 31 0, L_000001eb058e47b0;  1 drivers
v000001eb05819d70_0 .net *"_ivl_34", 0 0, L_000001eb058e4cf0;  1 drivers
v000001eb05818ab0_0 .net *"_ivl_36", 0 0, L_000001eb058e3860;  1 drivers
L_000001eb05866530 .functor BUFT 1, C4<1>, C4<0>, C4<0>, C4<0>;
v000001eb0581a1d0_0 .net/2u *"_ivl_38", 0 0, L_000001eb05866530;  1 drivers
L_000001eb05866578 .functor BUFT 1, C4<0>, C4<0>, C4<0>, C4<0>;
v000001eb058195f0_0 .net/2u *"_ivl_40", 0 0, L_000001eb05866578;  1 drivers
v000001eb058183d0_0 .net *"_ivl_47", 32 0, L_000001eb058eb8d0;  1 drivers
L_000001eb058665c0 .functor BUFT 1, C4<0>, C4<0>, C4<0>, C4<0>;
v000001eb058192d0_0 .net *"_ivl_50", 0 0, L_000001eb058665c0;  1 drivers
v000001eb0581a310_0 .net *"_ivl_51", 32 0, L_000001eb058eb150;  1 drivers
L_000001eb05866608 .functor BUFT 1, C4<0>, C4<0>, C4<0>, C4<0>;
v000001eb05819410_0 .net *"_ivl_54", 0 0, L_000001eb05866608;  1 drivers
v000001eb05819e10_0 .net *"_ivl_55", 32 0, L_000001eb058ecb90;  1 drivers
v000001eb05818b50_0 .net *"_ivl_57", 32 0, L_000001eb058ecd70;  1 drivers
L_000001eb05866650 .functor BUFT 1, C4<00000000000000000000000000000000>, C4<0>, C4<0>, C4<0>;
v000001eb0581a3b0_0 .net *"_ivl_60", 31 0, L_000001eb05866650;  1 drivers
v000001eb0581a450_0 .net *"_ivl_61", 32 0, L_000001eb058ec0f0;  1 drivers
L_000001eb05866698 .functor BUFT 1, C4<0000000000000000000000000000000>, C4<0>, C4<0>, C4<0>;
v000001eb05819910_0 .net/2u *"_ivl_67", 30 0, L_000001eb05866698;  1 drivers
v000001eb058199b0_0 .net *"_ivl_73", 0 0, L_000001eb058eaed0;  1 drivers
v000001eb05819690_0 .net *"_ivl_75", 0 0, L_000001eb058ec7d0;  1 drivers
v000001eb058194b0_0 .net *"_ivl_76", 0 0, L_000001eb058e46d0;  1 drivers
v000001eb05818bf0_0 .net *"_ivl_78", 0 0, L_000001eb058e50e0;  1 drivers
v000001eb05819730_0 .net *"_ivl_81", 0 0, L_000001eb058eceb0;  1 drivers
v000001eb0581a4f0_0 .net *"_ivl_83", 0 0, L_000001eb058ebdd0;  1 drivers
v000001eb05818c90_0 .net *"_ivl_84", 0 0, L_000001eb058e3e80;  1 drivers
v000001eb05819a50_0 .net *"_ivl_87", 0 0, L_000001eb058ecaf0;  1 drivers
v000001eb05818d30_0 .net *"_ivl_88", 0 0, L_000001eb058e4a50;  1 drivers
v000001eb05818f10_0 .net *"_ivl_90", 0 0, L_000001eb058e4dd0;  1 drivers
L_000001eb058666e0 .functor BUFT 1, C4<0000000000000000000000000000000>, C4<0>, C4<0>, C4<0>;
v000001eb0581a6d0_0 .net/2u *"_ivl_94", 30 0, L_000001eb058666e0;  1 drivers
v000001eb058185b0_0 .net *"_ivl_99", 0 0, L_000001eb058e39b0;  1 drivers
v000001eb05819870_0 .net "add_sub_result", 31 0, L_000001eb058e44a0;  1 drivers
v000001eb05818dd0_0 .net "adder_a", 31 0, L_000001eb058e4f90;  1 drivers
v000001eb058180b0_0 .net "adder_b", 31 0, L_000001eb058eac50;  1 drivers
v000001eb05818150_0 .net "adder_cin", 0 0, L_000001eb058eaf70;  1 drivers
v000001eb058181f0_0 .net "adder_cout", 0 0, L_000001eb058ebf10;  1 drivers
v000001eb05818830_0 .net "adder_result", 31 0, L_000001eb058ebb50;  1 drivers
v000001eb05818e70_0 .net "alu_op", 11 0, v000001eb0583e400_0;  1 drivers
v000001eb0581a8b0_0 .net "alu_result", 31 0, L_000001eb058e4e40;  alias, 1 drivers
v000001eb0581bcb0_0 .net "alu_src1", 31 0, L_000001eb058df9c0;  alias, 1 drivers
v000001eb0581b5d0_0 .net "alu_src2", 31 0, L_000001eb058ed090;  alias, 1 drivers
v000001eb0581a9f0_0 .net "and_result", 31 0, L_000001eb058e3be0;  1 drivers
v000001eb0581ab30_0 .net "lui_result", 31 0, L_000001eb058e3e10;  1 drivers
v000001eb0581ad10_0 .net "nor_result", 31 0, L_000001eb058e3cc0;  1 drivers
v000001eb0581adb0_0 .net "op_add", 0 0, L_000001eb058eb970;  1 drivers
v000001eb0581aef0_0 .net "op_and", 0 0, L_000001eb058ece10;  1 drivers
v000001eb0581b990_0 .net "op_lui", 0 0, L_000001eb058eb6f0;  1 drivers
v000001eb0581b670_0 .net "op_nor", 0 0, L_000001eb058ec730;  1 drivers
v000001eb0581ae50_0 .net "op_or", 0 0, L_000001eb058eb1f0;  1 drivers
v000001eb0581ac70_0 .net "op_sll", 0 0, L_000001eb058eb650;  1 drivers
v000001eb0581bd50_0 .net "op_slt", 0 0, L_000001eb058ebe70;  1 drivers
v000001eb0581bc10_0 .net "op_sltu", 0 0, L_000001eb058eb510;  1 drivers
v000001eb0581b3f0_0 .net "op_sra", 0 0, L_000001eb058ed310;  1 drivers
v000001eb0581b710_0 .net "op_srl", 0 0, L_000001eb058eb5b0;  1 drivers
v000001eb0581b490_0 .net "op_sub", 0 0, L_000001eb058eccd0;  1 drivers
v000001eb0581b7b0_0 .net "op_xor", 0 0, L_000001eb058eabb0;  1 drivers
v000001eb0581af90_0 .net "or_result", 31 0, L_000001eb058e3940;  1 drivers
v000001eb0581b0d0_0 .net "sll_result", 31 0, L_000001eb058eb330;  1 drivers
v000001eb0581b8f0_0 .net "slt_result", 31 0, L_000001eb058ec550;  1 drivers
v000001eb0581b530_0 .net "sltu_result", 31 0, L_000001eb058ecf50;  1 drivers
v000001eb0581b850_0 .net "sr64_result", 63 0, L_000001eb058ebfb0;  1 drivers
v000001eb0581a950_0 .net "sr_result", 31 0, L_000001eb058ec370;  1 drivers
v000001eb0581bdf0_0 .net "xor_result", 31 0, L_000001eb058e3d30;  1 drivers
L_000001eb058eb970 .part v000001eb0583e400_0, 0, 1;
L_000001eb058eccd0 .part v000001eb0583e400_0, 1, 1;
L_000001eb058ebe70 .part v000001eb0583e400_0, 2, 1;
L_000001eb058eb510 .part v000001eb0583e400_0, 3, 1;
L_000001eb058ece10 .part v000001eb0583e400_0, 4, 1;
L_000001eb058ec730 .part v000001eb0583e400_0, 5, 1;
L_000001eb058eb1f0 .part v000001eb0583e400_0, 6, 1;
L_000001eb058eabb0 .part v000001eb0583e400_0, 7, 1;
L_000001eb058eb650 .part v000001eb0583e400_0, 8, 1;
L_000001eb058eb5b0 .part v000001eb0583e400_0, 9, 1;
L_000001eb058ed310 .part v000001eb0583e400_0, 10, 1;
L_000001eb058eb6f0 .part v000001eb0583e400_0, 11, 1;
L_000001eb058eac50 .functor MUXZ 32, L_000001eb058ed090, L_000001eb058e47b0, L_000001eb058e37f0, C4<>;
L_000001eb058eaf70 .functor MUXZ 1, L_000001eb05866578, L_000001eb05866530, L_000001eb058e3860, C4<>;
L_000001eb058ebf10 .part L_000001eb058ec0f0, 32, 1;
L_000001eb058ebb50 .part L_000001eb058ec0f0, 0, 32;
L_000001eb058eb8d0 .concat [ 32 1 0 0], L_000001eb058e4f90, L_000001eb058665c0;
L_000001eb058eb150 .concat [ 32 1 0 0], L_000001eb058eac50, L_000001eb05866608;
L_000001eb058ecb90 .arith/sum 33, L_000001eb058eb8d0, L_000001eb058eb150;
L_000001eb058ecd70 .concat [ 1 32 0 0], L_000001eb058eaf70, L_000001eb05866650;
L_000001eb058ec0f0 .arith/sum 33, L_000001eb058ecb90, L_000001eb058ecd70;
L_000001eb058ec550 .concat8 [ 1 31 0 0], L_000001eb058e4dd0, L_000001eb05866698;
L_000001eb058eaed0 .part L_000001eb058df9c0, 31, 1;
L_000001eb058ec7d0 .part L_000001eb058ed090, 31, 1;
L_000001eb058eceb0 .part L_000001eb058df9c0, 31, 1;
L_000001eb058ebdd0 .part L_000001eb058ed090, 31, 1;
L_000001eb058ecaf0 .part L_000001eb058ebb50, 31, 1;
L_000001eb058ecf50 .concat8 [ 1 31 0 0], L_000001eb058e39b0, L_000001eb058666e0;
L_000001eb058ebbf0 .part L_000001eb058ed090, 0, 5;
L_000001eb058eb330 .shift/l 32, L_000001eb058df9c0, L_000001eb058ebbf0;
L_000001eb058ec9b0 .part L_000001eb058df9c0, 31, 1;
LS_000001eb058ec5f0_0_0 .concat [ 1 1 1 1], L_000001eb058e4b30, L_000001eb058e4b30, L_000001eb058e4b30, L_000001eb058e4b30;
LS_000001eb058ec5f0_0_4 .concat [ 1 1 1 1], L_000001eb058e4b30, L_000001eb058e4b30, L_000001eb058e4b30, L_000001eb058e4b30;
LS_000001eb058ec5f0_0_8 .concat [ 1 1 1 1], L_000001eb058e4b30, L_000001eb058e4b30, L_000001eb058e4b30, L_000001eb058e4b30;
LS_000001eb058ec5f0_0_12 .concat [ 1 1 1 1], L_000001eb058e4b30, L_000001eb058e4b30, L_000001eb058e4b30, L_000001eb058e4b30;
LS_000001eb058ec5f0_0_16 .concat [ 1 1 1 1], L_000001eb058e4b30, L_000001eb058e4b30, L_000001eb058e4b30, L_000001eb058e4b30;
LS_000001eb058ec5f0_0_20 .concat [ 1 1 1 1], L_000001eb058e4b30, L_000001eb058e4b30, L_000001eb058e4b30, L_000001eb058e4b30;
LS_000001eb058ec5f0_0_24 .concat [ 1 1 1 1], L_000001eb058e4b30, L_000001eb058e4b30, L_000001eb058e4b30, L_000001eb058e4b30;
LS_000001eb058ec5f0_0_28 .concat [ 1 1 1 1], L_000001eb058e4b30, L_000001eb058e4b30, L_000001eb058e4b30, L_000001eb058e4b30;
LS_000001eb058ec5f0_1_0 .concat [ 4 4 4 4], LS_000001eb058ec5f0_0_0, LS_000001eb058ec5f0_0_4, LS_000001eb058ec5f0_0_8, LS_000001eb058ec5f0_0_12;
LS_000001eb058ec5f0_1_4 .concat [ 4 4 4 4], LS_000001eb058ec5f0_0_16, LS_000001eb058ec5f0_0_20, LS_000001eb058ec5f0_0_24, LS_000001eb058ec5f0_0_28;
L_000001eb058ec5f0 .concat [ 16 16 0 0], LS_000001eb058ec5f0_1_0, LS_000001eb058ec5f0_1_4;
L_000001eb058eacf0 .concat [ 32 32 0 0], L_000001eb058df9c0, L_000001eb058ec5f0;
L_000001eb058ec190 .part L_000001eb058ed090, 0, 5;
L_000001eb058ebfb0 .shift/r 64, L_000001eb058eacf0, L_000001eb058ec190;
L_000001eb058ec370 .part L_000001eb058ebfb0, 0, 32;
LS_000001eb058ebc90_0_0 .concat [ 1 1 1 1], L_000001eb058e3ef0, L_000001eb058e3ef0, L_000001eb058e3ef0, L_000001eb058e3ef0;
LS_000001eb058ebc90_0_4 .concat [ 1 1 1 1], L_000001eb058e3ef0, L_000001eb058e3ef0, L_000001eb058e3ef0, L_000001eb058e3ef0;
LS_000001eb058ebc90_0_8 .concat [ 1 1 1 1], L_000001eb058e3ef0, L_000001eb058e3ef0, L_000001eb058e3ef0, L_000001eb058e3ef0;
LS_000001eb058ebc90_0_12 .concat [ 1 1 1 1], L_000001eb058e3ef0, L_000001eb058e3ef0, L_000001eb058e3ef0, L_000001eb058e3ef0;
LS_000001eb058ebc90_0_16 .concat [ 1 1 1 1], L_000001eb058e3ef0, L_000001eb058e3ef0, L_000001eb058e3ef0, L_000001eb058e3ef0;
LS_000001eb058ebc90_0_20 .concat [ 1 1 1 1], L_000001eb058e3ef0, L_000001eb058e3ef0, L_000001eb058e3ef0, L_000001eb058e3ef0;
LS_000001eb058ebc90_0_24 .concat [ 1 1 1 1], L_000001eb058e3ef0, L_000001eb058e3ef0, L_000001eb058e3ef0, L_000001eb058e3ef0;
LS_000001eb058ebc90_0_28 .concat [ 1 1 1 1], L_000001eb058e3ef0, L_000001eb058e3ef0, L_000001eb058e3ef0, L_000001eb058e3ef0;
LS_000001eb058ebc90_1_0 .concat [ 4 4 4 4], LS_000001eb058ebc90_0_0, LS_000001eb058ebc90_0_4, LS_000001eb058ebc90_0_8, LS_000001eb058ebc90_0_12;
LS_000001eb058ebc90_1_4 .concat [ 4 4 4 4], LS_000001eb058ebc90_0_16, LS_000001eb058ebc90_0_20, LS_000001eb058ebc90_0_24, LS_000001eb058ebc90_0_28;
L_000001eb058ebc90 .concat [ 16 16 0 0], LS_000001eb058ebc90_1_0, LS_000001eb058ebc90_1_4;
LS_000001eb058ec410_0_0 .concat [ 1 1 1 1], L_000001eb058ebe70, L_000001eb058ebe70, L_000001eb058ebe70, L_000001eb058ebe70;
LS_000001eb058ec410_0_4 .concat [ 1 1 1 1], L_000001eb058ebe70, L_000001eb058ebe70, L_000001eb058ebe70, L_000001eb058ebe70;
LS_000001eb058ec410_0_8 .concat [ 1 1 1 1], L_000001eb058ebe70, L_000001eb058ebe70, L_000001eb058ebe70, L_000001eb058ebe70;
LS_000001eb058ec410_0_12 .concat [ 1 1 1 1], L_000001eb058ebe70, L_000001eb058ebe70, L_000001eb058ebe70, L_000001eb058ebe70;
LS_000001eb058ec410_0_16 .concat [ 1 1 1 1], L_000001eb058ebe70, L_000001eb058ebe70, L_000001eb058ebe70, L_000001eb058ebe70;
LS_000001eb058ec410_0_20 .concat [ 1 1 1 1], L_000001eb058ebe70, L_000001eb058ebe70, L_000001eb058ebe70, L_000001eb058ebe70;
LS_000001eb058ec410_0_24 .concat [ 1 1 1 1], L_000001eb058ebe70, L_000001eb058ebe70, L_000001eb058ebe70, L_000001eb058ebe70;
LS_000001eb058ec410_0_28 .concat [ 1 1 1 1], L_000001eb058ebe70, L_000001eb058ebe70, L_000001eb058ebe70, L_000001eb058ebe70;
LS_000001eb058ec410_1_0 .concat [ 4 4 4 4], LS_000001eb058ec410_0_0, LS_000001eb058ec410_0_4, LS_000001eb058ec410_0_8, LS_000001eb058ec410_0_12;
LS_000001eb058ec410_1_4 .concat [ 4 4 4 4], LS_000001eb058ec410_0_16, LS_000001eb058ec410_0_20, LS_000001eb058ec410_0_24, LS_000001eb058ec410_0_28;
L_000001eb058ec410 .concat [ 16 16 0 0], LS_000001eb058ec410_1_0, LS_000001eb058ec410_1_4;
LS_000001eb058eb010_0_0 .concat [ 1 1 1 1], L_000001eb058eb510, L_000001eb058eb510, L_000001eb058eb510, L_000001eb058eb510;
LS_000001eb058eb010_0_4 .concat [ 1 1 1 1], L_000001eb058eb510, L_000001eb058eb510, L_000001eb058eb510, L_000001eb058eb510;
LS_000001eb058eb010_0_8 .concat [ 1 1 1 1], L_000001eb058eb510, L_000001eb058eb510, L_000001eb058eb510, L_000001eb058eb510;
LS_000001eb058eb010_0_12 .concat [ 1 1 1 1], L_000001eb058eb510, L_000001eb058eb510, L_000001eb058eb510, L_000001eb058eb510;
LS_000001eb058eb010_0_16 .concat [ 1 1 1 1], L_000001eb058eb510, L_000001eb058eb510, L_000001eb058eb510, L_000001eb058eb510;
LS_000001eb058eb010_0_20 .concat [ 1 1 1 1], L_000001eb058eb510, L_000001eb058eb510, L_000001eb058eb510, L_000001eb058eb510;
LS_000001eb058eb010_0_24 .concat [ 1 1 1 1], L_000001eb058eb510, L_000001eb058eb510, L_000001eb058eb510, L_000001eb058eb510;
LS_000001eb058eb010_0_28 .concat [ 1 1 1 1], L_000001eb058eb510, L_000001eb058eb510, L_000001eb058eb510, L_000001eb058eb510;
LS_000001eb058eb010_1_0 .concat [ 4 4 4 4], LS_000001eb058eb010_0_0, LS_000001eb058eb010_0_4, LS_000001eb058eb010_0_8, LS_000001eb058eb010_0_12;
LS_000001eb058eb010_1_4 .concat [ 4 4 4 4], LS_000001eb058eb010_0_16, LS_000001eb058eb010_0_20, LS_000001eb058eb010_0_24, LS_000001eb058eb010_0_28;
L_000001eb058eb010 .concat [ 16 16 0 0], LS_000001eb058eb010_1_0, LS_000001eb058eb010_1_4;
LS_000001eb058ec4b0_0_0 .concat [ 1 1 1 1], L_000001eb058ece10, L_000001eb058ece10, L_000001eb058ece10, L_000001eb058ece10;
LS_000001eb058ec4b0_0_4 .concat [ 1 1 1 1], L_000001eb058ece10, L_000001eb058ece10, L_000001eb058ece10, L_000001eb058ece10;
LS_000001eb058ec4b0_0_8 .concat [ 1 1 1 1], L_000001eb058ece10, L_000001eb058ece10, L_000001eb058ece10, L_000001eb058ece10;
LS_000001eb058ec4b0_0_12 .concat [ 1 1 1 1], L_000001eb058ece10, L_000001eb058ece10, L_000001eb058ece10, L_000001eb058ece10;
LS_000001eb058ec4b0_0_16 .concat [ 1 1 1 1], L_000001eb058ece10, L_000001eb058ece10, L_000001eb058ece10, L_000001eb058ece10;
LS_000001eb058ec4b0_0_20 .concat [ 1 1 1 1], L_000001eb058ece10, L_000001eb058ece10, L_000001eb058ece10, L_000001eb058ece10;
LS_000001eb058ec4b0_0_24 .concat [ 1 1 1 1], L_000001eb058ece10, L_000001eb058ece10, L_000001eb058ece10, L_000001eb058ece10;
LS_000001eb058ec4b0_0_28 .concat [ 1 1 1 1], L_000001eb058ece10, L_000001eb058ece10, L_000001eb058ece10, L_000001eb058ece10;
LS_000001eb058ec4b0_1_0 .concat [ 4 4 4 4], LS_000001eb058ec4b0_0_0, LS_000001eb058ec4b0_0_4, LS_000001eb058ec4b0_0_8, LS_000001eb058ec4b0_0_12;
LS_000001eb058ec4b0_1_4 .concat [ 4 4 4 4], LS_000001eb058ec4b0_0_16, LS_000001eb058ec4b0_0_20, LS_000001eb058ec4b0_0_24, LS_000001eb058ec4b0_0_28;
L_000001eb058ec4b0 .concat [ 16 16 0 0], LS_000001eb058ec4b0_1_0, LS_000001eb058ec4b0_1_4;
LS_000001eb058ec230_0_0 .concat [ 1 1 1 1], L_000001eb058ec730, L_000001eb058ec730, L_000001eb058ec730, L_000001eb058ec730;
LS_000001eb058ec230_0_4 .concat [ 1 1 1 1], L_000001eb058ec730, L_000001eb058ec730, L_000001eb058ec730, L_000001eb058ec730;
LS_000001eb058ec230_0_8 .concat [ 1 1 1 1], L_000001eb058ec730, L_000001eb058ec730, L_000001eb058ec730, L_000001eb058ec730;
LS_000001eb058ec230_0_12 .concat [ 1 1 1 1], L_000001eb058ec730, L_000001eb058ec730, L_000001eb058ec730, L_000001eb058ec730;
LS_000001eb058ec230_0_16 .concat [ 1 1 1 1], L_000001eb058ec730, L_000001eb058ec730, L_000001eb058ec730, L_000001eb058ec730;
LS_000001eb058ec230_0_20 .concat [ 1 1 1 1], L_000001eb058ec730, L_000001eb058ec730, L_000001eb058ec730, L_000001eb058ec730;
LS_000001eb058ec230_0_24 .concat [ 1 1 1 1], L_000001eb058ec730, L_000001eb058ec730, L_000001eb058ec730, L_000001eb058ec730;
LS_000001eb058ec230_0_28 .concat [ 1 1 1 1], L_000001eb058ec730, L_000001eb058ec730, L_000001eb058ec730, L_000001eb058ec730;
LS_000001eb058ec230_1_0 .concat [ 4 4 4 4], LS_000001eb058ec230_0_0, LS_000001eb058ec230_0_4, LS_000001eb058ec230_0_8, LS_000001eb058ec230_0_12;
LS_000001eb058ec230_1_4 .concat [ 4 4 4 4], LS_000001eb058ec230_0_16, LS_000001eb058ec230_0_20, LS_000001eb058ec230_0_24, LS_000001eb058ec230_0_28;
L_000001eb058ec230 .concat [ 16 16 0 0], LS_000001eb058ec230_1_0, LS_000001eb058ec230_1_4;
LS_000001eb058ec050_0_0 .concat [ 1 1 1 1], L_000001eb058eb1f0, L_000001eb058eb1f0, L_000001eb058eb1f0, L_000001eb058eb1f0;
LS_000001eb058ec050_0_4 .concat [ 1 1 1 1], L_000001eb058eb1f0, L_000001eb058eb1f0, L_000001eb058eb1f0, L_000001eb058eb1f0;
LS_000001eb058ec050_0_8 .concat [ 1 1 1 1], L_000001eb058eb1f0, L_000001eb058eb1f0, L_000001eb058eb1f0, L_000001eb058eb1f0;
LS_000001eb058ec050_0_12 .concat [ 1 1 1 1], L_000001eb058eb1f0, L_000001eb058eb1f0, L_000001eb058eb1f0, L_000001eb058eb1f0;
LS_000001eb058ec050_0_16 .concat [ 1 1 1 1], L_000001eb058eb1f0, L_000001eb058eb1f0, L_000001eb058eb1f0, L_000001eb058eb1f0;
LS_000001eb058ec050_0_20 .concat [ 1 1 1 1], L_000001eb058eb1f0, L_000001eb058eb1f0, L_000001eb058eb1f0, L_000001eb058eb1f0;
LS_000001eb058ec050_0_24 .concat [ 1 1 1 1], L_000001eb058eb1f0, L_000001eb058eb1f0, L_000001eb058eb1f0, L_000001eb058eb1f0;
LS_000001eb058ec050_0_28 .concat [ 1 1 1 1], L_000001eb058eb1f0, L_000001eb058eb1f0, L_000001eb058eb1f0, L_000001eb058eb1f0;
LS_000001eb058ec050_1_0 .concat [ 4 4 4 4], LS_000001eb058ec050_0_0, LS_000001eb058ec050_0_4, LS_000001eb058ec050_0_8, LS_000001eb058ec050_0_12;
LS_000001eb058ec050_1_4 .concat [ 4 4 4 4], LS_000001eb058ec050_0_16, LS_000001eb058ec050_0_20, LS_000001eb058ec050_0_24, LS_000001eb058ec050_0_28;
L_000001eb058ec050 .concat [ 16 16 0 0], LS_000001eb058ec050_1_0, LS_000001eb058ec050_1_4;
LS_000001eb058eb0b0_0_0 .concat [ 1 1 1 1], L_000001eb058eabb0, L_000001eb058eabb0, L_000001eb058eabb0, L_000001eb058eabb0;
LS_000001eb058eb0b0_0_4 .concat [ 1 1 1 1], L_000001eb058eabb0, L_000001eb058eabb0, L_000001eb058eabb0, L_000001eb058eabb0;
LS_000001eb058eb0b0_0_8 .concat [ 1 1 1 1], L_000001eb058eabb0, L_000001eb058eabb0, L_000001eb058eabb0, L_000001eb058eabb0;
LS_000001eb058eb0b0_0_12 .concat [ 1 1 1 1], L_000001eb058eabb0, L_000001eb058eabb0, L_000001eb058eabb0, L_000001eb058eabb0;
LS_000001eb058eb0b0_0_16 .concat [ 1 1 1 1], L_000001eb058eabb0, L_000001eb058eabb0, L_000001eb058eabb0, L_000001eb058eabb0;
LS_000001eb058eb0b0_0_20 .concat [ 1 1 1 1], L_000001eb058eabb0, L_000001eb058eabb0, L_000001eb058eabb0, L_000001eb058eabb0;
LS_000001eb058eb0b0_0_24 .concat [ 1 1 1 1], L_000001eb058eabb0, L_000001eb058eabb0, L_000001eb058eabb0, L_000001eb058eabb0;
LS_000001eb058eb0b0_0_28 .concat [ 1 1 1 1], L_000001eb058eabb0, L_000001eb058eabb0, L_000001eb058eabb0, L_000001eb058eabb0;
LS_000001eb058eb0b0_1_0 .concat [ 4 4 4 4], LS_000001eb058eb0b0_0_0, LS_000001eb058eb0b0_0_4, LS_000001eb058eb0b0_0_8, LS_000001eb058eb0b0_0_12;
LS_000001eb058eb0b0_1_4 .concat [ 4 4 4 4], LS_000001eb058eb0b0_0_16, LS_000001eb058eb0b0_0_20, LS_000001eb058eb0b0_0_24, LS_000001eb058eb0b0_0_28;
L_000001eb058eb0b0 .concat [ 16 16 0 0], LS_000001eb058eb0b0_1_0, LS_000001eb058eb0b0_1_4;
LS_000001eb058ebd30_0_0 .concat [ 1 1 1 1], L_000001eb058eb6f0, L_000001eb058eb6f0, L_000001eb058eb6f0, L_000001eb058eb6f0;
LS_000001eb058ebd30_0_4 .concat [ 1 1 1 1], L_000001eb058eb6f0, L_000001eb058eb6f0, L_000001eb058eb6f0, L_000001eb058eb6f0;
LS_000001eb058ebd30_0_8 .concat [ 1 1 1 1], L_000001eb058eb6f0, L_000001eb058eb6f0, L_000001eb058eb6f0, L_000001eb058eb6f0;
LS_000001eb058ebd30_0_12 .concat [ 1 1 1 1], L_000001eb058eb6f0, L_000001eb058eb6f0, L_000001eb058eb6f0, L_000001eb058eb6f0;
LS_000001eb058ebd30_0_16 .concat [ 1 1 1 1], L_000001eb058eb6f0, L_000001eb058eb6f0, L_000001eb058eb6f0, L_000001eb058eb6f0;
LS_000001eb058ebd30_0_20 .concat [ 1 1 1 1], L_000001eb058eb6f0, L_000001eb058eb6f0, L_000001eb058eb6f0, L_000001eb058eb6f0;
LS_000001eb058ebd30_0_24 .concat [ 1 1 1 1], L_000001eb058eb6f0, L_000001eb058eb6f0, L_000001eb058eb6f0, L_000001eb058eb6f0;
LS_000001eb058ebd30_0_28 .concat [ 1 1 1 1], L_000001eb058eb6f0, L_000001eb058eb6f0, L_000001eb058eb6f0, L_000001eb058eb6f0;
LS_000001eb058ebd30_1_0 .concat [ 4 4 4 4], LS_000001eb058ebd30_0_0, LS_000001eb058ebd30_0_4, LS_000001eb058ebd30_0_8, LS_000001eb058ebd30_0_12;
LS_000001eb058ebd30_1_4 .concat [ 4 4 4 4], LS_000001eb058ebd30_0_16, LS_000001eb058ebd30_0_20, LS_000001eb058ebd30_0_24, LS_000001eb058ebd30_0_28;
L_000001eb058ebd30 .concat [ 16 16 0 0], LS_000001eb058ebd30_1_0, LS_000001eb058ebd30_1_4;
LS_000001eb058ec690_0_0 .concat [ 1 1 1 1], L_000001eb058eb650, L_000001eb058eb650, L_000001eb058eb650, L_000001eb058eb650;
LS_000001eb058ec690_0_4 .concat [ 1 1 1 1], L_000001eb058eb650, L_000001eb058eb650, L_000001eb058eb650, L_000001eb058eb650;
LS_000001eb058ec690_0_8 .concat [ 1 1 1 1], L_000001eb058eb650, L_000001eb058eb650, L_000001eb058eb650, L_000001eb058eb650;
LS_000001eb058ec690_0_12 .concat [ 1 1 1 1], L_000001eb058eb650, L_000001eb058eb650, L_000001eb058eb650, L_000001eb058eb650;
LS_000001eb058ec690_0_16 .concat [ 1 1 1 1], L_000001eb058eb650, L_000001eb058eb650, L_000001eb058eb650, L_000001eb058eb650;
LS_000001eb058ec690_0_20 .concat [ 1 1 1 1], L_000001eb058eb650, L_000001eb058eb650, L_000001eb058eb650, L_000001eb058eb650;
LS_000001eb058ec690_0_24 .concat [ 1 1 1 1], L_000001eb058eb650, L_000001eb058eb650, L_000001eb058eb650, L_000001eb058eb650;
LS_000001eb058ec690_0_28 .concat [ 1 1 1 1], L_000001eb058eb650, L_000001eb058eb650, L_000001eb058eb650, L_000001eb058eb650;
LS_000001eb058ec690_1_0 .concat [ 4 4 4 4], LS_000001eb058ec690_0_0, LS_000001eb058ec690_0_4, LS_000001eb058ec690_0_8, LS_000001eb058ec690_0_12;
LS_000001eb058ec690_1_4 .concat [ 4 4 4 4], LS_000001eb058ec690_0_16, LS_000001eb058ec690_0_20, LS_000001eb058ec690_0_24, LS_000001eb058ec690_0_28;
L_000001eb058ec690 .concat [ 16 16 0 0], LS_000001eb058ec690_1_0, LS_000001eb058ec690_1_4;
LS_000001eb058eca50_0_0 .concat [ 1 1 1 1], L_000001eb058e4580, L_000001eb058e4580, L_000001eb058e4580, L_000001eb058e4580;
LS_000001eb058eca50_0_4 .concat [ 1 1 1 1], L_000001eb058e4580, L_000001eb058e4580, L_000001eb058e4580, L_000001eb058e4580;
LS_000001eb058eca50_0_8 .concat [ 1 1 1 1], L_000001eb058e4580, L_000001eb058e4580, L_000001eb058e4580, L_000001eb058e4580;
LS_000001eb058eca50_0_12 .concat [ 1 1 1 1], L_000001eb058e4580, L_000001eb058e4580, L_000001eb058e4580, L_000001eb058e4580;
LS_000001eb058eca50_0_16 .concat [ 1 1 1 1], L_000001eb058e4580, L_000001eb058e4580, L_000001eb058e4580, L_000001eb058e4580;
LS_000001eb058eca50_0_20 .concat [ 1 1 1 1], L_000001eb058e4580, L_000001eb058e4580, L_000001eb058e4580, L_000001eb058e4580;
LS_000001eb058eca50_0_24 .concat [ 1 1 1 1], L_000001eb058e4580, L_000001eb058e4580, L_000001eb058e4580, L_000001eb058e4580;
LS_000001eb058eca50_0_28 .concat [ 1 1 1 1], L_000001eb058e4580, L_000001eb058e4580, L_000001eb058e4580, L_000001eb058e4580;
LS_000001eb058eca50_1_0 .concat [ 4 4 4 4], LS_000001eb058eca50_0_0, LS_000001eb058eca50_0_4, LS_000001eb058eca50_0_8, LS_000001eb058eca50_0_12;
LS_000001eb058eca50_1_4 .concat [ 4 4 4 4], LS_000001eb058eca50_0_16, LS_000001eb058eca50_0_20, LS_000001eb058eca50_0_24, LS_000001eb058eca50_0_28;
L_000001eb058eca50 .concat [ 16 16 0 0], LS_000001eb058eca50_1_0, LS_000001eb058eca50_1_4;
S_000001eb05343930 .scope module, "u_dec0" "decoder_6_64" 2 231, 4 1 0, S_000001eb0533c830;
 .timescale 0 0;
    .port_info 0 /INPUT 6 "in";
    .port_info 1 /OUTPUT 64 "out";
v000001eb05823bd0_0 .net "in", 5 0, L_000001eb058d2220;  alias, 1 drivers
v000001eb05825570_0 .net "out", 63 0, L_000001eb058d59c0;  alias, 1 drivers
LS_000001eb058d59c0_0_0 .concat8 [ 1 1 1 1], L_000001eb058d0a60, L_000001eb058d13c0, L_000001eb058d16e0, L_000001eb058d0920;
LS_000001eb058d59c0_0_4 .concat8 [ 1 1 1 1], L_000001eb058d27c0, L_000001eb058d0100, L_000001eb058d0740, L_000001eb058d2040;
LS_000001eb058d59c0_0_8 .concat8 [ 1 1 1 1], L_000001eb058d1320, L_000001eb058d1aa0, L_000001eb058d0ec0, L_000001eb058d06a0;
LS_000001eb058d59c0_0_12 .concat8 [ 1 1 1 1], L_000001eb058d1d20, L_000001eb058d2180, L_000001eb058d2400, L_000001eb058d2720;
LS_000001eb058d59c0_0_16 .concat8 [ 1 1 1 1], L_000001eb058d1e60, L_000001eb058d1000, L_000001eb058d1960, L_000001eb058d24a0;
LS_000001eb058d59c0_0_20 .concat8 [ 1 1 1 1], L_000001eb058d2540, L_000001eb058d2680, L_000001eb058d0e20, L_000001eb058d1140;
LS_000001eb058d59c0_0_24 .concat8 [ 1 1 1 1], L_000001eb058d1280, L_000001eb058d38a0, L_000001eb058d2e00, L_000001eb058d47a0;
LS_000001eb058d59c0_0_28 .concat8 [ 1 1 1 1], L_000001eb058d31c0, L_000001eb058d3440, L_000001eb058d4840, L_000001eb058d3bc0;
LS_000001eb058d59c0_0_32 .concat8 [ 1 1 1 1], L_000001eb058d4fc0, L_000001eb058d4200, L_000001eb058d34e0, L_000001eb058d2d60;
LS_000001eb058d59c0_0_36 .concat8 [ 1 1 1 1], L_000001eb058d4160, L_000001eb058d4e80, L_000001eb058d3300, L_000001eb058d4980;
LS_000001eb058d59c0_0_40 .concat8 [ 1 1 1 1], L_000001eb058d3580, L_000001eb058d3620, L_000001eb058d3080, L_000001eb058d3ee0;
LS_000001eb058d59c0_0_44 .concat8 [ 1 1 1 1], L_000001eb058d36c0, L_000001eb058d4f20, L_000001eb058d29a0, L_000001eb058d3f80;
LS_000001eb058d59c0_0_48 .concat8 [ 1 1 1 1], L_000001eb058d5060, L_000001eb058d2ae0, L_000001eb058d3760, L_000001eb058d3800;
LS_000001eb058d59c0_0_52 .concat8 [ 1 1 1 1], L_000001eb058d4ac0, L_000001eb058d3da0, L_000001eb058d4520, L_000001eb058d3a80;
LS_000001eb058d59c0_0_56 .concat8 [ 1 1 1 1], L_000001eb058d4c00, L_000001eb058d6820, L_000001eb058d6e60, L_000001eb058d7220;
LS_000001eb058d59c0_0_60 .concat8 [ 1 1 1 1], L_000001eb058d57e0, L_000001eb058d77c0, L_000001eb058d72c0, L_000001eb058d5d80;
LS_000001eb058d59c0_1_0 .concat8 [ 4 4 4 4], LS_000001eb058d59c0_0_0, LS_000001eb058d59c0_0_4, LS_000001eb058d59c0_0_8, LS_000001eb058d59c0_0_12;
LS_000001eb058d59c0_1_4 .concat8 [ 4 4 4 4], LS_000001eb058d59c0_0_16, LS_000001eb058d59c0_0_20, LS_000001eb058d59c0_0_24, LS_000001eb058d59c0_0_28;
LS_000001eb058d59c0_1_8 .concat8 [ 4 4 4 4], LS_000001eb058d59c0_0_32, LS_000001eb058d59c0_0_36, LS_000001eb058d59c0_0_40, LS_000001eb058d59c0_0_44;
LS_000001eb058d59c0_1_12 .concat8 [ 4 4 4 4], LS_000001eb058d59c0_0_48, LS_000001eb058d59c0_0_52, LS_000001eb058d59c0_0_56, LS_000001eb058d59c0_0_60;
L_000001eb058d59c0 .concat8 [ 16 16 16 16], LS_000001eb058d59c0_1_0, LS_000001eb058d59c0_1_4, LS_000001eb058d59c0_1_8, LS_000001eb058d59c0_1_12;
S_000001eb05343ac0 .scope generate, "gen_for_dec_6_64[0]" "gen_for_dec_6_64[0]" 4 7, 4 7 0, S_000001eb05343930;
 .timescale 0 0;
P_000001eb05798dc0 .param/l "i" 0 4 7, +C4<00>;
v000001eb0581ba30_0 .net *"_ivl_0", 6 0, L_000001eb058d0ce0;  1 drivers
L_000001eb05861c58 .functor BUFT 1, C4<0>, C4<0>, C4<0>, C4<0>;
v000001eb0581a810_0 .net *"_ivl_3", 0 0, L_000001eb05861c58;  1 drivers
L_000001eb05861ca0 .functor BUFT 1, C4<0000000>, C4<0>, C4<0>, C4<0>;
v000001eb0581aa90_0 .net/2u *"_ivl_4", 6 0, L_000001eb05861ca0;  1 drivers
v000001eb0581be90_0 .net *"_ivl_6", 0 0, L_000001eb058d0a60;  1 drivers
L_000001eb058d0ce0 .concat [ 6 1 0 0], L_000001eb058d2220, L_000001eb05861c58;
L_000001eb058d0a60 .cmp/eq 7, L_000001eb058d0ce0, L_000001eb05861ca0;
S_000001eb05341530 .scope generate, "gen_for_dec_6_64[1]" "gen_for_dec_6_64[1]" 4 7, 4 7 0, S_000001eb05343930;
 .timescale 0 0;
P_000001eb05799000 .param/l "i" 0 4 7, +C4<01>;
v000001eb0581abd0_0 .net *"_ivl_0", 6 0, L_000001eb058d0420;  1 drivers
L_000001eb05861ce8 .functor BUFT 1, C4<0>, C4<0>, C4<0>, C4<0>;
v000001eb0581b030_0 .net *"_ivl_3", 0 0, L_000001eb05861ce8;  1 drivers
L_000001eb05861d30 .functor BUFT 1, C4<0000001>, C4<0>, C4<0>, C4<0>;
v000001eb0581b170_0 .net/2u *"_ivl_4", 6 0, L_000001eb05861d30;  1 drivers
v000001eb0581bad0_0 .net *"_ivl_6", 0 0, L_000001eb058d13c0;  1 drivers
L_000001eb058d0420 .concat [ 6 1 0 0], L_000001eb058d2220, L_000001eb05861ce8;
L_000001eb058d13c0 .cmp/eq 7, L_000001eb058d0420, L_000001eb05861d30;
S_000001eb053416c0 .scope generate, "gen_for_dec_6_64[2]" "gen_for_dec_6_64[2]" 4 7, 4 7 0, S_000001eb05343930;
 .timescale 0 0;
P_000001eb05799a00 .param/l "i" 0 4 7, +C4<010>;
v000001eb0581bb70_0 .net *"_ivl_0", 6 0, L_000001eb058d1780;  1 drivers
L_000001eb05861d78 .functor BUFT 1, C4<0>, C4<0>, C4<0>, C4<0>;
v000001eb0581b210_0 .net *"_ivl_3", 0 0, L_000001eb05861d78;  1 drivers
L_000001eb05861dc0 .functor BUFT 1, C4<0000010>, C4<0>, C4<0>, C4<0>;
v000001eb0581b2b0_0 .net/2u *"_ivl_4", 6 0, L_000001eb05861dc0;  1 drivers
v000001eb0581b350_0 .net *"_ivl_6", 0 0, L_000001eb058d16e0;  1 drivers
L_000001eb058d1780 .concat [ 6 1 0 0], L_000001eb058d2220, L_000001eb05861d78;
L_000001eb058d16e0 .cmp/eq 7, L_000001eb058d1780, L_000001eb05861dc0;
S_000001eb05340d40 .scope generate, "gen_for_dec_6_64[3]" "gen_for_dec_6_64[3]" 4 7, 4 7 0, S_000001eb05343930;
 .timescale 0 0;
P_000001eb05798e00 .param/l "i" 0 4 7, +C4<011>;
v000001eb0581fd60_0 .net *"_ivl_0", 6 0, L_000001eb058d0380;  1 drivers
L_000001eb05861e08 .functor BUFT 1, C4<0>, C4<0>, C4<0>, C4<0>;
v000001eb0581ed20_0 .net *"_ivl_3", 0 0, L_000001eb05861e08;  1 drivers
L_000001eb05861e50 .functor BUFT 1, C4<0000011>, C4<0>, C4<0>, C4<0>;
v000001eb0581efa0_0 .net/2u *"_ivl_4", 6 0, L_000001eb05861e50;  1 drivers
v000001eb0581f540_0 .net *"_ivl_6", 0 0, L_000001eb058d0920;  1 drivers
L_000001eb058d0380 .concat [ 6 1 0 0], L_000001eb058d2220, L_000001eb05861e08;
L_000001eb058d0920 .cmp/eq 7, L_000001eb058d0380, L_000001eb05861e50;
S_000001eb05340ed0 .scope generate, "gen_for_dec_6_64[4]" "gen_for_dec_6_64[4]" 4 7, 4 7 0, S_000001eb05343930;
 .timescale 0 0;
P_000001eb05799100 .param/l "i" 0 4 7, +C4<0100>;
v000001eb0581f040_0 .net *"_ivl_0", 6 0, L_000001eb058d0560;  1 drivers
L_000001eb05861e98 .functor BUFT 1, C4<0>, C4<0>, C4<0>, C4<0>;
v000001eb0581f7c0_0 .net *"_ivl_3", 0 0, L_000001eb05861e98;  1 drivers
L_000001eb05861ee0 .functor BUFT 1, C4<0000100>, C4<0>, C4<0>, C4<0>;
v000001eb0581f2c0_0 .net/2u *"_ivl_4", 6 0, L_000001eb05861ee0;  1 drivers
v000001eb0581fb80_0 .net *"_ivl_6", 0 0, L_000001eb058d27c0;  1 drivers
L_000001eb058d0560 .concat [ 6 1 0 0], L_000001eb058d2220, L_000001eb05861e98;
L_000001eb058d27c0 .cmp/eq 7, L_000001eb058d0560, L_000001eb05861ee0;
S_000001eb0532bf30 .scope generate, "gen_for_dec_6_64[5]" "gen_for_dec_6_64[5]" 4 7, 4 7 0, S_000001eb05343930;
 .timescale 0 0;
P_000001eb05799900 .param/l "i" 0 4 7, +C4<0101>;
v000001eb0581f400_0 .net *"_ivl_0", 6 0, L_000001eb058d1a00;  1 drivers
L_000001eb05861f28 .functor BUFT 1, C4<0>, C4<0>, C4<0>, C4<0>;
v000001eb0581edc0_0 .net *"_ivl_3", 0 0, L_000001eb05861f28;  1 drivers
L_000001eb05861f70 .functor BUFT 1, C4<0000101>, C4<0>, C4<0>, C4<0>;
v000001eb0581fc20_0 .net/2u *"_ivl_4", 6 0, L_000001eb05861f70;  1 drivers
v000001eb0581fe00_0 .net *"_ivl_6", 0 0, L_000001eb058d0100;  1 drivers
L_000001eb058d1a00 .concat [ 6 1 0 0], L_000001eb058d2220, L_000001eb05861f28;
L_000001eb058d0100 .cmp/eq 7, L_000001eb058d1a00, L_000001eb05861f70;
S_000001eb0532c0c0 .scope generate, "gen_for_dec_6_64[6]" "gen_for_dec_6_64[6]" 4 7, 4 7 0, S_000001eb05343930;
 .timescale 0 0;
P_000001eb05799cc0 .param/l "i" 0 4 7, +C4<0110>;
v000001eb0581f220_0 .net *"_ivl_0", 6 0, L_000001eb058d20e0;  1 drivers
L_000001eb05861fb8 .functor BUFT 1, C4<0>, C4<0>, C4<0>, C4<0>;
v000001eb0581ee60_0 .net *"_ivl_3", 0 0, L_000001eb05861fb8;  1 drivers
L_000001eb05862000 .functor BUFT 1, C4<0000110>, C4<0>, C4<0>, C4<0>;
v000001eb0581f9a0_0 .net/2u *"_ivl_4", 6 0, L_000001eb05862000;  1 drivers
v000001eb0581ea00_0 .net *"_ivl_6", 0 0, L_000001eb058d0740;  1 drivers
L_000001eb058d20e0 .concat [ 6 1 0 0], L_000001eb058d2220, L_000001eb05861fb8;
L_000001eb058d0740 .cmp/eq 7, L_000001eb058d20e0, L_000001eb05862000;
S_000001eb052a2b50 .scope generate, "gen_for_dec_6_64[7]" "gen_for_dec_6_64[7]" 4 7, 4 7 0, S_000001eb05343930;
 .timescale 0 0;
P_000001eb05799980 .param/l "i" 0 4 7, +C4<0111>;
v000001eb0581ef00_0 .net *"_ivl_0", 6 0, L_000001eb058d1500;  1 drivers
L_000001eb05862048 .functor BUFT 1, C4<0>, C4<0>, C4<0>, C4<0>;
v000001eb0581f4a0_0 .net *"_ivl_3", 0 0, L_000001eb05862048;  1 drivers
L_000001eb05862090 .functor BUFT 1, C4<0000111>, C4<0>, C4<0>, C4<0>;
v000001eb0581eaa0_0 .net/2u *"_ivl_4", 6 0, L_000001eb05862090;  1 drivers
v000001eb0581ec80_0 .net *"_ivl_6", 0 0, L_000001eb058d2040;  1 drivers
L_000001eb058d1500 .concat [ 6 1 0 0], L_000001eb058d2220, L_000001eb05862048;
L_000001eb058d2040 .cmp/eq 7, L_000001eb058d1500, L_000001eb05862090;
S_000001eb052a2ce0 .scope generate, "gen_for_dec_6_64[8]" "gen_for_dec_6_64[8]" 4 7, 4 7 0, S_000001eb05343930;
 .timescale 0 0;
P_000001eb05799680 .param/l "i" 0 4 7, +C4<01000>;
v000001eb0581f5e0_0 .net *"_ivl_0", 6 0, L_000001eb058d01a0;  1 drivers
L_000001eb058620d8 .functor BUFT 1, C4<0>, C4<0>, C4<0>, C4<0>;
v000001eb0581f0e0_0 .net *"_ivl_3", 0 0, L_000001eb058620d8;  1 drivers
L_000001eb05862120 .functor BUFT 1, C4<0001000>, C4<0>, C4<0>, C4<0>;
v000001eb0581f900_0 .net/2u *"_ivl_4", 6 0, L_000001eb05862120;  1 drivers
v000001eb0581fea0_0 .net *"_ivl_6", 0 0, L_000001eb058d1320;  1 drivers
L_000001eb058d01a0 .concat [ 6 1 0 0], L_000001eb058d2220, L_000001eb058620d8;
L_000001eb058d1320 .cmp/eq 7, L_000001eb058d01a0, L_000001eb05862120;
S_000001eb052a2e70 .scope generate, "gen_for_dec_6_64[9]" "gen_for_dec_6_64[9]" 4 7, 4 7 0, S_000001eb05343930;
 .timescale 0 0;
P_000001eb05799800 .param/l "i" 0 4 7, +C4<01001>;
v000001eb0581f860_0 .net *"_ivl_0", 6 0, L_000001eb058d0600;  1 drivers
L_000001eb05862168 .functor BUFT 1, C4<0>, C4<0>, C4<0>, C4<0>;
v000001eb0581ebe0_0 .net *"_ivl_3", 0 0, L_000001eb05862168;  1 drivers
L_000001eb058621b0 .functor BUFT 1, C4<0001001>, C4<0>, C4<0>, C4<0>;
v000001eb0581f180_0 .net/2u *"_ivl_4", 6 0, L_000001eb058621b0;  1 drivers
v000001eb0581fa40_0 .net *"_ivl_6", 0 0, L_000001eb058d1aa0;  1 drivers
L_000001eb058d0600 .concat [ 6 1 0 0], L_000001eb058d2220, L_000001eb05862168;
L_000001eb058d1aa0 .cmp/eq 7, L_000001eb058d0600, L_000001eb058621b0;
S_000001eb0581ffd0 .scope generate, "gen_for_dec_6_64[10]" "gen_for_dec_6_64[10]" 4 7, 4 7 0, S_000001eb05343930;
 .timescale 0 0;
P_000001eb05798e80 .param/l "i" 0 4 7, +C4<01010>;
v000001eb0581fcc0_0 .net *"_ivl_0", 6 0, L_000001eb058d1be0;  1 drivers
L_000001eb058621f8 .functor BUFT 1, C4<0>, C4<0>, C4<0>, C4<0>;
v000001eb0581fae0_0 .net *"_ivl_3", 0 0, L_000001eb058621f8;  1 drivers
L_000001eb05862240 .functor BUFT 1, C4<0001010>, C4<0>, C4<0>, C4<0>;
v000001eb0581f680_0 .net/2u *"_ivl_4", 6 0, L_000001eb05862240;  1 drivers
v000001eb0581f360_0 .net *"_ivl_6", 0 0, L_000001eb058d0ec0;  1 drivers
L_000001eb058d1be0 .concat [ 6 1 0 0], L_000001eb058d2220, L_000001eb058621f8;
L_000001eb058d0ec0 .cmp/eq 7, L_000001eb058d1be0, L_000001eb05862240;
S_000001eb05820160 .scope generate, "gen_for_dec_6_64[11]" "gen_for_dec_6_64[11]" 4 7, 4 7 0, S_000001eb05343930;
 .timescale 0 0;
P_000001eb05798f40 .param/l "i" 0 4 7, +C4<01011>;
v000001eb0581e820_0 .net *"_ivl_0", 6 0, L_000001eb058d1dc0;  1 drivers
L_000001eb05862288 .functor BUFT 1, C4<0>, C4<0>, C4<0>, C4<0>;
v000001eb0581e8c0_0 .net *"_ivl_3", 0 0, L_000001eb05862288;  1 drivers
L_000001eb058622d0 .functor BUFT 1, C4<0001011>, C4<0>, C4<0>, C4<0>;
v000001eb0581f720_0 .net/2u *"_ivl_4", 6 0, L_000001eb058622d0;  1 drivers
v000001eb0581e960_0 .net *"_ivl_6", 0 0, L_000001eb058d06a0;  1 drivers
L_000001eb058d1dc0 .concat [ 6 1 0 0], L_000001eb058d2220, L_000001eb05862288;
L_000001eb058d06a0 .cmp/eq 7, L_000001eb058d1dc0, L_000001eb058622d0;
S_000001eb058202f0 .scope generate, "gen_for_dec_6_64[12]" "gen_for_dec_6_64[12]" 4 7, 4 7 0, S_000001eb05343930;
 .timescale 0 0;
P_000001eb05799180 .param/l "i" 0 4 7, +C4<01100>;
v000001eb0581eb40_0 .net *"_ivl_0", 6 0, L_000001eb058d1c80;  1 drivers
L_000001eb05862318 .functor BUFT 1, C4<0>, C4<0>, C4<0>, C4<0>;
v000001eb0581dd80_0 .net *"_ivl_3", 0 0, L_000001eb05862318;  1 drivers
L_000001eb05862360 .functor BUFT 1, C4<0001100>, C4<0>, C4<0>, C4<0>;
v000001eb0581cc00_0 .net/2u *"_ivl_4", 6 0, L_000001eb05862360;  1 drivers
v000001eb0581d560_0 .net *"_ivl_6", 0 0, L_000001eb058d1d20;  1 drivers
L_000001eb058d1c80 .concat [ 6 1 0 0], L_000001eb058d2220, L_000001eb05862318;
L_000001eb058d1d20 .cmp/eq 7, L_000001eb058d1c80, L_000001eb05862360;
S_000001eb05820480 .scope generate, "gen_for_dec_6_64[13]" "gen_for_dec_6_64[13]" 4 7, 4 7 0, S_000001eb05343930;
 .timescale 0 0;
P_000001eb05799340 .param/l "i" 0 4 7, +C4<01101>;
v000001eb0581c7a0_0 .net *"_ivl_0", 6 0, L_000001eb058d22c0;  1 drivers
L_000001eb058623a8 .functor BUFT 1, C4<0>, C4<0>, C4<0>, C4<0>;
v000001eb0581c200_0 .net *"_ivl_3", 0 0, L_000001eb058623a8;  1 drivers
L_000001eb058623f0 .functor BUFT 1, C4<0001101>, C4<0>, C4<0>, C4<0>;
v000001eb0581de20_0 .net/2u *"_ivl_4", 6 0, L_000001eb058623f0;  1 drivers
v000001eb0581dc40_0 .net *"_ivl_6", 0 0, L_000001eb058d2180;  1 drivers
L_000001eb058d22c0 .concat [ 6 1 0 0], L_000001eb058d2220, L_000001eb058623a8;
L_000001eb058d2180 .cmp/eq 7, L_000001eb058d22c0, L_000001eb058623f0;
S_000001eb058207f0 .scope generate, "gen_for_dec_6_64[14]" "gen_for_dec_6_64[14]" 4 7, 4 7 0, S_000001eb05343930;
 .timescale 0 0;
P_000001eb0579a080 .param/l "i" 0 4 7, +C4<01110>;
v000001eb0581c8e0_0 .net *"_ivl_0", 6 0, L_000001eb058d09c0;  1 drivers
L_000001eb05862438 .functor BUFT 1, C4<0>, C4<0>, C4<0>, C4<0>;
v000001eb0581d600_0 .net *"_ivl_3", 0 0, L_000001eb05862438;  1 drivers
L_000001eb05862480 .functor BUFT 1, C4<0001110>, C4<0>, C4<0>, C4<0>;
v000001eb0581c340_0 .net/2u *"_ivl_4", 6 0, L_000001eb05862480;  1 drivers
v000001eb0581c3e0_0 .net *"_ivl_6", 0 0, L_000001eb058d2400;  1 drivers
L_000001eb058d09c0 .concat [ 6 1 0 0], L_000001eb058d2220, L_000001eb05862438;
L_000001eb058d2400 .cmp/eq 7, L_000001eb058d09c0, L_000001eb05862480;
S_000001eb05820980 .scope generate, "gen_for_dec_6_64[15]" "gen_for_dec_6_64[15]" 4 7, 4 7 0, S_000001eb05343930;
 .timescale 0 0;
P_000001eb0579a140 .param/l "i" 0 4 7, +C4<01111>;
v000001eb0581dec0_0 .net *"_ivl_0", 6 0, L_000001eb058d2860;  1 drivers
L_000001eb058624c8 .functor BUFT 1, C4<0>, C4<0>, C4<0>, C4<0>;
v000001eb0581c980_0 .net *"_ivl_3", 0 0, L_000001eb058624c8;  1 drivers
L_000001eb05862510 .functor BUFT 1, C4<0001111>, C4<0>, C4<0>, C4<0>;
v000001eb0581e5a0_0 .net/2u *"_ivl_4", 6 0, L_000001eb05862510;  1 drivers
v000001eb0581d6a0_0 .net *"_ivl_6", 0 0, L_000001eb058d2720;  1 drivers
L_000001eb058d2860 .concat [ 6 1 0 0], L_000001eb058d2220, L_000001eb058624c8;
L_000001eb058d2720 .cmp/eq 7, L_000001eb058d2860, L_000001eb05862510;
S_000001eb05820fc0 .scope generate, "gen_for_dec_6_64[16]" "gen_for_dec_6_64[16]" 4 7, 4 7 0, S_000001eb05343930;
 .timescale 0 0;
P_000001eb0579a6c0 .param/l "i" 0 4 7, +C4<010000>;
v000001eb0581da60_0 .net *"_ivl_0", 6 0, L_000001eb058d2360;  1 drivers
L_000001eb05862558 .functor BUFT 1, C4<0>, C4<0>, C4<0>, C4<0>;
v000001eb0581df60_0 .net *"_ivl_3", 0 0, L_000001eb05862558;  1 drivers
L_000001eb058625a0 .functor BUFT 1, C4<0010000>, C4<0>, C4<0>, C4<0>;
v000001eb0581d4c0_0 .net/2u *"_ivl_4", 6 0, L_000001eb058625a0;  1 drivers
v000001eb0581e320_0 .net *"_ivl_6", 0 0, L_000001eb058d1e60;  1 drivers
L_000001eb058d2360 .concat [ 6 1 0 0], L_000001eb058d2220, L_000001eb05862558;
L_000001eb058d1e60 .cmp/eq 7, L_000001eb058d2360, L_000001eb058625a0;
S_000001eb05820ca0 .scope generate, "gen_for_dec_6_64[17]" "gen_for_dec_6_64[17]" 4 7, 4 7 0, S_000001eb05343930;
 .timescale 0 0;
P_000001eb0579a0c0 .param/l "i" 0 4 7, +C4<010001>;
v000001eb0581e000_0 .net *"_ivl_0", 6 0, L_000001eb058d1f00;  1 drivers
L_000001eb058625e8 .functor BUFT 1, C4<0>, C4<0>, C4<0>, C4<0>;
v000001eb0581d100_0 .net *"_ivl_3", 0 0, L_000001eb058625e8;  1 drivers
L_000001eb05862630 .functor BUFT 1, C4<0010001>, C4<0>, C4<0>, C4<0>;
v000001eb0581d740_0 .net/2u *"_ivl_4", 6 0, L_000001eb05862630;  1 drivers
v000001eb0581e0a0_0 .net *"_ivl_6", 0 0, L_000001eb058d1000;  1 drivers
L_000001eb058d1f00 .concat [ 6 1 0 0], L_000001eb058d2220, L_000001eb058625e8;
L_000001eb058d1000 .cmp/eq 7, L_000001eb058d1f00, L_000001eb05862630;
S_000001eb05821150 .scope generate, "gen_for_dec_6_64[18]" "gen_for_dec_6_64[18]" 4 7, 4 7 0, S_000001eb05343930;
 .timescale 0 0;
P_000001eb0579ac00 .param/l "i" 0 4 7, +C4<010010>;
v000001eb0581d7e0_0 .net *"_ivl_0", 6 0, L_000001eb058d18c0;  1 drivers
L_000001eb05862678 .functor BUFT 1, C4<0>, C4<0>, C4<0>, C4<0>;
v000001eb0581dce0_0 .net *"_ivl_3", 0 0, L_000001eb05862678;  1 drivers
L_000001eb058626c0 .functor BUFT 1, C4<0010010>, C4<0>, C4<0>, C4<0>;
v000001eb0581e140_0 .net/2u *"_ivl_4", 6 0, L_000001eb058626c0;  1 drivers
v000001eb0581e1e0_0 .net *"_ivl_6", 0 0, L_000001eb058d1960;  1 drivers
L_000001eb058d18c0 .concat [ 6 1 0 0], L_000001eb058d2220, L_000001eb05862678;
L_000001eb058d1960 .cmp/eq 7, L_000001eb058d18c0, L_000001eb058626c0;
S_000001eb05821470 .scope generate, "gen_for_dec_6_64[19]" "gen_for_dec_6_64[19]" 4 7, 4 7 0, S_000001eb05343930;
 .timescale 0 0;
P_000001eb0579ad00 .param/l "i" 0 4 7, +C4<010011>;
v000001eb0581cca0_0 .net *"_ivl_0", 6 0, L_000001eb058d0d80;  1 drivers
L_000001eb05862708 .functor BUFT 1, C4<0>, C4<0>, C4<0>, C4<0>;
v000001eb0581c700_0 .net *"_ivl_3", 0 0, L_000001eb05862708;  1 drivers
L_000001eb05862750 .functor BUFT 1, C4<0010011>, C4<0>, C4<0>, C4<0>;
v000001eb0581e3c0_0 .net/2u *"_ivl_4", 6 0, L_000001eb05862750;  1 drivers
v000001eb0581c020_0 .net *"_ivl_6", 0 0, L_000001eb058d24a0;  1 drivers
L_000001eb058d0d80 .concat [ 6 1 0 0], L_000001eb058d2220, L_000001eb05862708;
L_000001eb058d24a0 .cmp/eq 7, L_000001eb058d0d80, L_000001eb05862750;
S_000001eb05820b10 .scope generate, "gen_for_dec_6_64[20]" "gen_for_dec_6_64[20]" 4 7, 4 7 0, S_000001eb05343930;
 .timescale 0 0;
P_000001eb05799e80 .param/l "i" 0 4 7, +C4<010100>;
v000001eb0581d380_0 .net *"_ivl_0", 6 0, L_000001eb058d1460;  1 drivers
L_000001eb05862798 .functor BUFT 1, C4<0>, C4<0>, C4<0>, C4<0>;
v000001eb0581e280_0 .net *"_ivl_3", 0 0, L_000001eb05862798;  1 drivers
L_000001eb058627e0 .functor BUFT 1, C4<0010100>, C4<0>, C4<0>, C4<0>;
v000001eb0581c840_0 .net/2u *"_ivl_4", 6 0, L_000001eb058627e0;  1 drivers
v000001eb0581c5c0_0 .net *"_ivl_6", 0 0, L_000001eb058d2540;  1 drivers
L_000001eb058d1460 .concat [ 6 1 0 0], L_000001eb058d2220, L_000001eb05862798;
L_000001eb058d2540 .cmp/eq 7, L_000001eb058d1460, L_000001eb058627e0;
S_000001eb05820660 .scope generate, "gen_for_dec_6_64[21]" "gen_for_dec_6_64[21]" 4 7, 4 7 0, S_000001eb05343930;
 .timescale 0 0;
P_000001eb0579a180 .param/l "i" 0 4 7, +C4<010101>;
v000001eb0581e460_0 .net *"_ivl_0", 6 0, L_000001eb058d25e0;  1 drivers
L_000001eb05862828 .functor BUFT 1, C4<0>, C4<0>, C4<0>, C4<0>;
v000001eb0581d1a0_0 .net *"_ivl_3", 0 0, L_000001eb05862828;  1 drivers
L_000001eb05862870 .functor BUFT 1, C4<0010101>, C4<0>, C4<0>, C4<0>;
v000001eb0581ca20_0 .net/2u *"_ivl_4", 6 0, L_000001eb05862870;  1 drivers
v000001eb0581cac0_0 .net *"_ivl_6", 0 0, L_000001eb058d2680;  1 drivers
L_000001eb058d25e0 .concat [ 6 1 0 0], L_000001eb058d2220, L_000001eb05862828;
L_000001eb058d2680 .cmp/eq 7, L_000001eb058d25e0, L_000001eb05862870;
S_000001eb058212e0 .scope generate, "gen_for_dec_6_64[22]" "gen_for_dec_6_64[22]" 4 7, 4 7 0, S_000001eb05343930;
 .timescale 0 0;
P_000001eb05799ec0 .param/l "i" 0 4 7, +C4<010110>;
v000001eb0581d880_0 .net *"_ivl_0", 6 0, L_000001eb058d0240;  1 drivers
L_000001eb058628b8 .functor BUFT 1, C4<0>, C4<0>, C4<0>, C4<0>;
v000001eb0581db00_0 .net *"_ivl_3", 0 0, L_000001eb058628b8;  1 drivers
L_000001eb05862900 .functor BUFT 1, C4<0010110>, C4<0>, C4<0>, C4<0>;
v000001eb0581c520_0 .net/2u *"_ivl_4", 6 0, L_000001eb05862900;  1 drivers
v000001eb0581cb60_0 .net *"_ivl_6", 0 0, L_000001eb058d0e20;  1 drivers
L_000001eb058d0240 .concat [ 6 1 0 0], L_000001eb058d2220, L_000001eb058628b8;
L_000001eb058d0e20 .cmp/eq 7, L_000001eb058d0240, L_000001eb05862900;
S_000001eb05820e30 .scope generate, "gen_for_dec_6_64[23]" "gen_for_dec_6_64[23]" 4 7, 4 7 0, S_000001eb05343930;
 .timescale 0 0;
P_000001eb0579a1c0 .param/l "i" 0 4 7, +C4<010111>;
v000001eb0581e500_0 .net *"_ivl_0", 6 0, L_000001eb058d0f60;  1 drivers
L_000001eb05862948 .functor BUFT 1, C4<0>, C4<0>, C4<0>, C4<0>;
v000001eb0581e640_0 .net *"_ivl_3", 0 0, L_000001eb05862948;  1 drivers
L_000001eb05862990 .functor BUFT 1, C4<0010111>, C4<0>, C4<0>, C4<0>;
v000001eb0581e6e0_0 .net/2u *"_ivl_4", 6 0, L_000001eb05862990;  1 drivers
v000001eb0581d240_0 .net *"_ivl_6", 0 0, L_000001eb058d1140;  1 drivers
L_000001eb058d0f60 .concat [ 6 1 0 0], L_000001eb058d2220, L_000001eb05862948;
L_000001eb058d1140 .cmp/eq 7, L_000001eb058d0f60, L_000001eb05862990;
S_000001eb058227a0 .scope generate, "gen_for_dec_6_64[24]" "gen_for_dec_6_64[24]" 4 7, 4 7 0, S_000001eb05343930;
 .timescale 0 0;
P_000001eb0579acc0 .param/l "i" 0 4 7, +C4<011000>;
v000001eb0581dba0_0 .net *"_ivl_0", 6 0, L_000001eb058d11e0;  1 drivers
L_000001eb058629d8 .functor BUFT 1, C4<0>, C4<0>, C4<0>, C4<0>;
v000001eb0581d420_0 .net *"_ivl_3", 0 0, L_000001eb058629d8;  1 drivers
L_000001eb05862a20 .functor BUFT 1, C4<0011000>, C4<0>, C4<0>, C4<0>;
v000001eb0581d920_0 .net/2u *"_ivl_4", 6 0, L_000001eb05862a20;  1 drivers
v000001eb0581e780_0 .net *"_ivl_6", 0 0, L_000001eb058d1280;  1 drivers
L_000001eb058d11e0 .concat [ 6 1 0 0], L_000001eb058d2220, L_000001eb058629d8;
L_000001eb058d1280 .cmp/eq 7, L_000001eb058d11e0, L_000001eb05862a20;
S_000001eb05822610 .scope generate, "gen_for_dec_6_64[25]" "gen_for_dec_6_64[25]" 4 7, 4 7 0, S_000001eb05343930;
 .timescale 0 0;
P_000001eb0579ac40 .param/l "i" 0 4 7, +C4<011001>;
v000001eb0581d2e0_0 .net *"_ivl_0", 6 0, L_000001eb058d1b40;  1 drivers
L_000001eb05862a68 .functor BUFT 1, C4<0>, C4<0>, C4<0>, C4<0>;
v000001eb0581cd40_0 .net *"_ivl_3", 0 0, L_000001eb05862a68;  1 drivers
L_000001eb05862ab0 .functor BUFT 1, C4<0011001>, C4<0>, C4<0>, C4<0>;
v000001eb0581cde0_0 .net/2u *"_ivl_4", 6 0, L_000001eb05862ab0;  1 drivers
v000001eb0581ce80_0 .net *"_ivl_6", 0 0, L_000001eb058d38a0;  1 drivers
L_000001eb058d1b40 .concat [ 6 1 0 0], L_000001eb058d2220, L_000001eb05862a68;
L_000001eb058d38a0 .cmp/eq 7, L_000001eb058d1b40, L_000001eb05862ab0;
S_000001eb05821990 .scope generate, "gen_for_dec_6_64[26]" "gen_for_dec_6_64[26]" 4 7, 4 7 0, S_000001eb05343930;
 .timescale 0 0;
P_000001eb05799dc0 .param/l "i" 0 4 7, +C4<011010>;
v000001eb0581d9c0_0 .net *"_ivl_0", 6 0, L_000001eb058d4700;  1 drivers
L_000001eb05862af8 .functor BUFT 1, C4<0>, C4<0>, C4<0>, C4<0>;
v000001eb0581c660_0 .net *"_ivl_3", 0 0, L_000001eb05862af8;  1 drivers
L_000001eb05862b40 .functor BUFT 1, C4<0011010>, C4<0>, C4<0>, C4<0>;
v000001eb0581cf20_0 .net/2u *"_ivl_4", 6 0, L_000001eb05862b40;  1 drivers
v000001eb0581cfc0_0 .net *"_ivl_6", 0 0, L_000001eb058d2e00;  1 drivers
L_000001eb058d4700 .concat [ 6 1 0 0], L_000001eb058d2220, L_000001eb05862af8;
L_000001eb058d2e00 .cmp/eq 7, L_000001eb058d4700, L_000001eb05862b40;
S_000001eb05821800 .scope generate, "gen_for_dec_6_64[27]" "gen_for_dec_6_64[27]" 4 7, 4 7 0, S_000001eb05343930;
 .timescale 0 0;
P_000001eb0579ac80 .param/l "i" 0 4 7, +C4<011011>;
v000001eb0581d060_0 .net *"_ivl_0", 6 0, L_000001eb058d4de0;  1 drivers
L_000001eb05862b88 .functor BUFT 1, C4<0>, C4<0>, C4<0>, C4<0>;
v000001eb0581c0c0_0 .net *"_ivl_3", 0 0, L_000001eb05862b88;  1 drivers
L_000001eb05862bd0 .functor BUFT 1, C4<0011011>, C4<0>, C4<0>, C4<0>;
v000001eb0581c160_0 .net/2u *"_ivl_4", 6 0, L_000001eb05862bd0;  1 drivers
v000001eb0581c2a0_0 .net *"_ivl_6", 0 0, L_000001eb058d47a0;  1 drivers
L_000001eb058d4de0 .concat [ 6 1 0 0], L_000001eb058d2220, L_000001eb05862b88;
L_000001eb058d47a0 .cmp/eq 7, L_000001eb058d4de0, L_000001eb05862bd0;
S_000001eb05822930 .scope generate, "gen_for_dec_6_64[28]" "gen_for_dec_6_64[28]" 4 7, 4 7 0, S_000001eb05343930;
 .timescale 0 0;
P_000001eb0579a500 .param/l "i" 0 4 7, +C4<011100>;
v000001eb0581c480_0 .net *"_ivl_0", 6 0, L_000001eb058d4020;  1 drivers
L_000001eb05862c18 .functor BUFT 1, C4<0>, C4<0>, C4<0>, C4<0>;
v000001eb05826ab0_0 .net *"_ivl_3", 0 0, L_000001eb05862c18;  1 drivers
L_000001eb05862c60 .functor BUFT 1, C4<0011100>, C4<0>, C4<0>, C4<0>;
v000001eb058265b0_0 .net/2u *"_ivl_4", 6 0, L_000001eb05862c60;  1 drivers
v000001eb05827910_0 .net *"_ivl_6", 0 0, L_000001eb058d31c0;  1 drivers
L_000001eb058d4020 .concat [ 6 1 0 0], L_000001eb058d2220, L_000001eb05862c18;
L_000001eb058d31c0 .cmp/eq 7, L_000001eb058d4020, L_000001eb05862c60;
S_000001eb05823100 .scope generate, "gen_for_dec_6_64[29]" "gen_for_dec_6_64[29]" 4 7, 4 7 0, S_000001eb05343930;
 .timescale 0 0;
P_000001eb0579a700 .param/l "i" 0 4 7, +C4<011101>;
v000001eb05827a50_0 .net *"_ivl_0", 6 0, L_000001eb058d2cc0;  1 drivers
L_000001eb05862ca8 .functor BUFT 1, C4<0>, C4<0>, C4<0>, C4<0>;
v000001eb058270f0_0 .net *"_ivl_3", 0 0, L_000001eb05862ca8;  1 drivers
L_000001eb05862cf0 .functor BUFT 1, C4<0011101>, C4<0>, C4<0>, C4<0>;
v000001eb058288b0_0 .net/2u *"_ivl_4", 6 0, L_000001eb05862cf0;  1 drivers
v000001eb058263d0_0 .net *"_ivl_6", 0 0, L_000001eb058d3440;  1 drivers
L_000001eb058d2cc0 .concat [ 6 1 0 0], L_000001eb058d2220, L_000001eb05862ca8;
L_000001eb058d3440 .cmp/eq 7, L_000001eb058d2cc0, L_000001eb05862cf0;
S_000001eb05822f70 .scope generate, "gen_for_dec_6_64[30]" "gen_for_dec_6_64[30]" 4 7, 4 7 0, S_000001eb05343930;
 .timescale 0 0;
P_000001eb0579a200 .param/l "i" 0 4 7, +C4<011110>;
v000001eb05828130_0 .net *"_ivl_0", 6 0, L_000001eb058d40c0;  1 drivers
L_000001eb05862d38 .functor BUFT 1, C4<0>, C4<0>, C4<0>, C4<0>;
v000001eb05827af0_0 .net *"_ivl_3", 0 0, L_000001eb05862d38;  1 drivers
L_000001eb05862d80 .functor BUFT 1, C4<0011110>, C4<0>, C4<0>, C4<0>;
v000001eb05826650_0 .net/2u *"_ivl_4", 6 0, L_000001eb05862d80;  1 drivers
v000001eb058268d0_0 .net *"_ivl_6", 0 0, L_000001eb058d4840;  1 drivers
L_000001eb058d40c0 .concat [ 6 1 0 0], L_000001eb058d2220, L_000001eb05862d38;
L_000001eb058d4840 .cmp/eq 7, L_000001eb058d40c0, L_000001eb05862d80;
S_000001eb05823290 .scope generate, "gen_for_dec_6_64[31]" "gen_for_dec_6_64[31]" 4 7, 4 7 0, S_000001eb05343930;
 .timescale 0 0;
P_000001eb0579a240 .param/l "i" 0 4 7, +C4<011111>;
v000001eb05828810_0 .net *"_ivl_0", 6 0, L_000001eb058d4d40;  1 drivers
L_000001eb05862dc8 .functor BUFT 1, C4<0>, C4<0>, C4<0>, C4<0>;
v000001eb058283b0_0 .net *"_ivl_3", 0 0, L_000001eb05862dc8;  1 drivers
L_000001eb05862e10 .functor BUFT 1, C4<0011111>, C4<0>, C4<0>, C4<0>;
v000001eb058272d0_0 .net/2u *"_ivl_4", 6 0, L_000001eb05862e10;  1 drivers
v000001eb05828270_0 .net *"_ivl_6", 0 0, L_000001eb058d3bc0;  1 drivers
L_000001eb058d4d40 .concat [ 6 1 0 0], L_000001eb058d2220, L_000001eb05862dc8;
L_000001eb058d3bc0 .cmp/eq 7, L_000001eb058d4d40, L_000001eb05862e10;
S_000001eb05821670 .scope generate, "gen_for_dec_6_64[32]" "gen_for_dec_6_64[32]" 4 7, 4 7 0, S_000001eb05343930;
 .timescale 0 0;
P_000001eb0579a780 .param/l "i" 0 4 7, +C4<0100000>;
v000001eb058274b0_0 .net *"_ivl_0", 7 0, L_000001eb058d3120;  1 drivers
L_000001eb05862e58 .functor BUFT 1, C4<00>, C4<0>, C4<0>, C4<0>;
v000001eb05828090_0 .net *"_ivl_3", 1 0, L_000001eb05862e58;  1 drivers
L_000001eb05862ea0 .functor BUFT 1, C4<00100000>, C4<0>, C4<0>, C4<0>;
v000001eb05827230_0 .net/2u *"_ivl_4", 7 0, L_000001eb05862ea0;  1 drivers
v000001eb05827c30_0 .net *"_ivl_6", 0 0, L_000001eb058d4fc0;  1 drivers
L_000001eb058d3120 .concat [ 6 2 0 0], L_000001eb058d2220, L_000001eb05862e58;
L_000001eb058d4fc0 .cmp/eq 8, L_000001eb058d3120, L_000001eb05862ea0;
S_000001eb05821e40 .scope generate, "gen_for_dec_6_64[33]" "gen_for_dec_6_64[33]" 4 7, 4 7 0, S_000001eb05343930;
 .timescale 0 0;
P_000001eb0579a800 .param/l "i" 0 4 7, +C4<0100001>;
v000001eb058275f0_0 .net *"_ivl_0", 7 0, L_000001eb058d48e0;  1 drivers
L_000001eb05862ee8 .functor BUFT 1, C4<00>, C4<0>, C4<0>, C4<0>;
v000001eb058289f0_0 .net *"_ivl_3", 1 0, L_000001eb05862ee8;  1 drivers
L_000001eb05862f30 .functor BUFT 1, C4<00100001>, C4<0>, C4<0>, C4<0>;
v000001eb05827690_0 .net/2u *"_ivl_4", 7 0, L_000001eb05862f30;  1 drivers
v000001eb05826290_0 .net *"_ivl_6", 0 0, L_000001eb058d4200;  1 drivers
L_000001eb058d48e0 .concat [ 6 2 0 0], L_000001eb058d2220, L_000001eb05862ee8;
L_000001eb058d4200 .cmp/eq 8, L_000001eb058d48e0, L_000001eb05862f30;
S_000001eb05822ac0 .scope generate, "gen_for_dec_6_64[34]" "gen_for_dec_6_64[34]" 4 7, 4 7 0, S_000001eb05343930;
 .timescale 0 0;
P_000001eb0579a7c0 .param/l "i" 0 4 7, +C4<0100010>;
v000001eb058266f0_0 .net *"_ivl_0", 7 0, L_000001eb058d3260;  1 drivers
L_000001eb05862f78 .functor BUFT 1, C4<00>, C4<0>, C4<0>, C4<0>;
v000001eb05827190_0 .net *"_ivl_3", 1 0, L_000001eb05862f78;  1 drivers
L_000001eb05862fc0 .functor BUFT 1, C4<00100010>, C4<0>, C4<0>, C4<0>;
v000001eb05828950_0 .net/2u *"_ivl_4", 7 0, L_000001eb05862fc0;  1 drivers
v000001eb058277d0_0 .net *"_ivl_6", 0 0, L_000001eb058d34e0;  1 drivers
L_000001eb058d3260 .concat [ 6 2 0 0], L_000001eb058d2220, L_000001eb05862f78;
L_000001eb058d34e0 .cmp/eq 8, L_000001eb058d3260, L_000001eb05862fc0;
S_000001eb05823420 .scope generate, "gen_for_dec_6_64[35]" "gen_for_dec_6_64[35]" 4 7, 4 7 0, S_000001eb05343930;
 .timescale 0 0;
P_000001eb05799e40 .param/l "i" 0 4 7, +C4<0100011>;
v000001eb05827f50_0 .net *"_ivl_0", 7 0, L_000001eb058d2fe0;  1 drivers
L_000001eb05863008 .functor BUFT 1, C4<00>, C4<0>, C4<0>, C4<0>;
v000001eb05828310_0 .net *"_ivl_3", 1 0, L_000001eb05863008;  1 drivers
L_000001eb05863050 .functor BUFT 1, C4<00100011>, C4<0>, C4<0>, C4<0>;
v000001eb058286d0_0 .net/2u *"_ivl_4", 7 0, L_000001eb05863050;  1 drivers
v000001eb05826fb0_0 .net *"_ivl_6", 0 0, L_000001eb058d2d60;  1 drivers
L_000001eb058d2fe0 .concat [ 6 2 0 0], L_000001eb058d2220, L_000001eb05863008;
L_000001eb058d2d60 .cmp/eq 8, L_000001eb058d2fe0, L_000001eb05863050;
S_000001eb05822160 .scope generate, "gen_for_dec_6_64[36]" "gen_for_dec_6_64[36]" 4 7, 4 7 0, S_000001eb05343930;
 .timescale 0 0;
P_000001eb0579a280 .param/l "i" 0 4 7, +C4<0100100>;
v000001eb05827410_0 .net *"_ivl_0", 7 0, L_000001eb058d3b20;  1 drivers
L_000001eb05863098 .functor BUFT 1, C4<00>, C4<0>, C4<0>, C4<0>;
v000001eb05826bf0_0 .net *"_ivl_3", 1 0, L_000001eb05863098;  1 drivers
L_000001eb058630e0 .functor BUFT 1, C4<00100100>, C4<0>, C4<0>, C4<0>;
v000001eb058281d0_0 .net/2u *"_ivl_4", 7 0, L_000001eb058630e0;  1 drivers
v000001eb05826790_0 .net *"_ivl_6", 0 0, L_000001eb058d4160;  1 drivers
L_000001eb058d3b20 .concat [ 6 2 0 0], L_000001eb058d2220, L_000001eb05863098;
L_000001eb058d4160 .cmp/eq 8, L_000001eb058d3b20, L_000001eb058630e0;
S_000001eb05822c50 .scope generate, "gen_for_dec_6_64[37]" "gen_for_dec_6_64[37]" 4 7, 4 7 0, S_000001eb05343930;
 .timescale 0 0;
P_000001eb05799e00 .param/l "i" 0 4 7, +C4<0100101>;
v000001eb05826330_0 .net *"_ivl_0", 7 0, L_000001eb058d3e40;  1 drivers
L_000001eb05863128 .functor BUFT 1, C4<00>, C4<0>, C4<0>, C4<0>;
v000001eb05827870_0 .net *"_ivl_3", 1 0, L_000001eb05863128;  1 drivers
L_000001eb05863170 .functor BUFT 1, C4<00100101>, C4<0>, C4<0>, C4<0>;
v000001eb05828450_0 .net/2u *"_ivl_4", 7 0, L_000001eb05863170;  1 drivers
v000001eb05826470_0 .net *"_ivl_6", 0 0, L_000001eb058d4e80;  1 drivers
L_000001eb058d3e40 .concat [ 6 2 0 0], L_000001eb058d2220, L_000001eb05863128;
L_000001eb058d4e80 .cmp/eq 8, L_000001eb058d3e40, L_000001eb05863170;
S_000001eb058222f0 .scope generate, "gen_for_dec_6_64[38]" "gen_for_dec_6_64[38]" 4 7, 4 7 0, S_000001eb05343930;
 .timescale 0 0;
P_000001eb05799f00 .param/l "i" 0 4 7, +C4<0100110>;
v000001eb05827730_0 .net *"_ivl_0", 7 0, L_000001eb058d2ea0;  1 drivers
L_000001eb058631b8 .functor BUFT 1, C4<00>, C4<0>, C4<0>, C4<0>;
v000001eb05828590_0 .net *"_ivl_3", 1 0, L_000001eb058631b8;  1 drivers
L_000001eb05863200 .functor BUFT 1, C4<00100110>, C4<0>, C4<0>, C4<0>;
v000001eb05826b50_0 .net/2u *"_ivl_4", 7 0, L_000001eb05863200;  1 drivers
v000001eb05826c90_0 .net *"_ivl_6", 0 0, L_000001eb058d3300;  1 drivers
L_000001eb058d2ea0 .concat [ 6 2 0 0], L_000001eb058d2220, L_000001eb058631b8;
L_000001eb058d3300 .cmp/eq 8, L_000001eb058d2ea0, L_000001eb05863200;
S_000001eb05821fd0 .scope generate, "gen_for_dec_6_64[39]" "gen_for_dec_6_64[39]" 4 7, 4 7 0, S_000001eb05343930;
 .timescale 0 0;
P_000001eb0579a880 .param/l "i" 0 4 7, +C4<0100111>;
v000001eb058284f0_0 .net *"_ivl_0", 7 0, L_000001eb058d33a0;  1 drivers
L_000001eb05863248 .functor BUFT 1, C4<00>, C4<0>, C4<0>, C4<0>;
v000001eb05827370_0 .net *"_ivl_3", 1 0, L_000001eb05863248;  1 drivers
L_000001eb05863290 .functor BUFT 1, C4<00100111>, C4<0>, C4<0>, C4<0>;
v000001eb05826d30_0 .net/2u *"_ivl_4", 7 0, L_000001eb05863290;  1 drivers
v000001eb05828630_0 .net *"_ivl_6", 0 0, L_000001eb058d4980;  1 drivers
L_000001eb058d33a0 .concat [ 6 2 0 0], L_000001eb058d2220, L_000001eb05863248;
L_000001eb058d4980 .cmp/eq 8, L_000001eb058d33a0, L_000001eb05863290;
S_000001eb05822de0 .scope generate, "gen_for_dec_6_64[40]" "gen_for_dec_6_64[40]" 4 7, 4 7 0, S_000001eb05343930;
 .timescale 0 0;
P_000001eb05799f40 .param/l "i" 0 4 7, +C4<0101000>;
v000001eb05826830_0 .net *"_ivl_0", 7 0, L_000001eb058d4660;  1 drivers
L_000001eb058632d8 .functor BUFT 1, C4<00>, C4<0>, C4<0>, C4<0>;
v000001eb05826970_0 .net *"_ivl_3", 1 0, L_000001eb058632d8;  1 drivers
L_000001eb05863320 .functor BUFT 1, C4<00101000>, C4<0>, C4<0>, C4<0>;
v000001eb05827550_0 .net/2u *"_ivl_4", 7 0, L_000001eb05863320;  1 drivers
v000001eb058279b0_0 .net *"_ivl_6", 0 0, L_000001eb058d3580;  1 drivers
L_000001eb058d4660 .concat [ 6 2 0 0], L_000001eb058d2220, L_000001eb058632d8;
L_000001eb058d3580 .cmp/eq 8, L_000001eb058d4660, L_000001eb05863320;
S_000001eb05821b20 .scope generate, "gen_for_dec_6_64[41]" "gen_for_dec_6_64[41]" 4 7, 4 7 0, S_000001eb05343930;
 .timescale 0 0;
P_000001eb0579a900 .param/l "i" 0 4 7, +C4<0101001>;
v000001eb05827b90_0 .net *"_ivl_0", 7 0, L_000001eb058d2c20;  1 drivers
L_000001eb05863368 .functor BUFT 1, C4<00>, C4<0>, C4<0>, C4<0>;
v000001eb05828770_0 .net *"_ivl_3", 1 0, L_000001eb05863368;  1 drivers
L_000001eb058633b0 .functor BUFT 1, C4<00101001>, C4<0>, C4<0>, C4<0>;
v000001eb05826510_0 .net/2u *"_ivl_4", 7 0, L_000001eb058633b0;  1 drivers
v000001eb05826dd0_0 .net *"_ivl_6", 0 0, L_000001eb058d3620;  1 drivers
L_000001eb058d2c20 .concat [ 6 2 0 0], L_000001eb058d2220, L_000001eb05863368;
L_000001eb058d3620 .cmp/eq 8, L_000001eb058d2c20, L_000001eb058633b0;
S_000001eb05822480 .scope generate, "gen_for_dec_6_64[42]" "gen_for_dec_6_64[42]" 4 7, 4 7 0, S_000001eb05343930;
 .timescale 0 0;
P_000001eb0579a400 .param/l "i" 0 4 7, +C4<0101010>;
v000001eb05827cd0_0 .net *"_ivl_0", 7 0, L_000001eb058d4a20;  1 drivers
L_000001eb058633f8 .functor BUFT 1, C4<00>, C4<0>, C4<0>, C4<0>;
v000001eb05826a10_0 .net *"_ivl_3", 1 0, L_000001eb058633f8;  1 drivers
L_000001eb05863440 .functor BUFT 1, C4<00101010>, C4<0>, C4<0>, C4<0>;
v000001eb05827d70_0 .net/2u *"_ivl_4", 7 0, L_000001eb05863440;  1 drivers
v000001eb05826e70_0 .net *"_ivl_6", 0 0, L_000001eb058d3080;  1 drivers
L_000001eb058d4a20 .concat [ 6 2 0 0], L_000001eb058d2220, L_000001eb058633f8;
L_000001eb058d3080 .cmp/eq 8, L_000001eb058d4a20, L_000001eb05863440;
S_000001eb05821cb0 .scope generate, "gen_for_dec_6_64[43]" "gen_for_dec_6_64[43]" 4 7, 4 7 0, S_000001eb05343930;
 .timescale 0 0;
P_000001eb0579a980 .param/l "i" 0 4 7, +C4<0101011>;
v000001eb05826f10_0 .net *"_ivl_0", 7 0, L_000001eb058d3c60;  1 drivers
L_000001eb05863488 .functor BUFT 1, C4<00>, C4<0>, C4<0>, C4<0>;
v000001eb05827050_0 .net *"_ivl_3", 1 0, L_000001eb05863488;  1 drivers
L_000001eb058634d0 .functor BUFT 1, C4<00101011>, C4<0>, C4<0>, C4<0>;
v000001eb05827e10_0 .net/2u *"_ivl_4", 7 0, L_000001eb058634d0;  1 drivers
v000001eb05827eb0_0 .net *"_ivl_6", 0 0, L_000001eb058d3ee0;  1 drivers
L_000001eb058d3c60 .concat [ 6 2 0 0], L_000001eb058d2220, L_000001eb05863488;
L_000001eb058d3ee0 .cmp/eq 8, L_000001eb058d3c60, L_000001eb058634d0;
S_000001eb05834f70 .scope generate, "gen_for_dec_6_64[44]" "gen_for_dec_6_64[44]" 4 7, 4 7 0, S_000001eb05343930;
 .timescale 0 0;
P_000001eb0579a2c0 .param/l "i" 0 4 7, +C4<0101100>;
v000001eb05827ff0_0 .net *"_ivl_0", 7 0, L_000001eb058d43e0;  1 drivers
L_000001eb05863518 .functor BUFT 1, C4<00>, C4<0>, C4<0>, C4<0>;
v000001eb05829210_0 .net *"_ivl_3", 1 0, L_000001eb05863518;  1 drivers
L_000001eb05863560 .functor BUFT 1, C4<00101100>, C4<0>, C4<0>, C4<0>;
v000001eb05828db0_0 .net/2u *"_ivl_4", 7 0, L_000001eb05863560;  1 drivers
v000001eb05829df0_0 .net *"_ivl_6", 0 0, L_000001eb058d36c0;  1 drivers
L_000001eb058d43e0 .concat [ 6 2 0 0], L_000001eb058d2220, L_000001eb05863518;
L_000001eb058d36c0 .cmp/eq 8, L_000001eb058d43e0, L_000001eb05863560;
S_000001eb05835420 .scope generate, "gen_for_dec_6_64[45]" "gen_for_dec_6_64[45]" 4 7, 4 7 0, S_000001eb05343930;
 .timescale 0 0;
P_000001eb0579a3c0 .param/l "i" 0 4 7, +C4<0101101>;
v000001eb05828f90_0 .net *"_ivl_0", 7 0, L_000001eb058d42a0;  1 drivers
L_000001eb058635a8 .functor BUFT 1, C4<00>, C4<0>, C4<0>, C4<0>;
v000001eb05829170_0 .net *"_ivl_3", 1 0, L_000001eb058635a8;  1 drivers
L_000001eb058635f0 .functor BUFT 1, C4<00101101>, C4<0>, C4<0>, C4<0>;
v000001eb05829350_0 .net/2u *"_ivl_4", 7 0, L_000001eb058635f0;  1 drivers
v000001eb05829c10_0 .net *"_ivl_6", 0 0, L_000001eb058d4f20;  1 drivers
L_000001eb058d42a0 .concat [ 6 2 0 0], L_000001eb058d2220, L_000001eb058635a8;
L_000001eb058d4f20 .cmp/eq 8, L_000001eb058d42a0, L_000001eb058635f0;
S_000001eb058355b0 .scope generate, "gen_for_dec_6_64[46]" "gen_for_dec_6_64[46]" 4 7, 4 7 0, S_000001eb05343930;
 .timescale 0 0;
P_000001eb0579a300 .param/l "i" 0 4 7, +C4<0101110>;
v000001eb0582a750_0 .net *"_ivl_0", 7 0, L_000001eb058d2f40;  1 drivers
L_000001eb05863638 .functor BUFT 1, C4<00>, C4<0>, C4<0>, C4<0>;
v000001eb058290d0_0 .net *"_ivl_3", 1 0, L_000001eb05863638;  1 drivers
L_000001eb05863680 .functor BUFT 1, C4<00101110>, C4<0>, C4<0>, C4<0>;
v000001eb05828a90_0 .net/2u *"_ivl_4", 7 0, L_000001eb05863680;  1 drivers
v000001eb05828b30_0 .net *"_ivl_6", 0 0, L_000001eb058d29a0;  1 drivers
L_000001eb058d2f40 .concat [ 6 2 0 0], L_000001eb058d2220, L_000001eb05863638;
L_000001eb058d29a0 .cmp/eq 8, L_000001eb058d2f40, L_000001eb05863680;
S_000001eb058358d0 .scope generate, "gen_for_dec_6_64[47]" "gen_for_dec_6_64[47]" 4 7, 4 7 0, S_000001eb05343930;
 .timescale 0 0;
P_000001eb0579a840 .param/l "i" 0 4 7, +C4<0101111>;
v000001eb058295d0_0 .net *"_ivl_0", 7 0, L_000001eb058d2a40;  1 drivers
L_000001eb058636c8 .functor BUFT 1, C4<00>, C4<0>, C4<0>, C4<0>;
v000001eb0582a930_0 .net *"_ivl_3", 1 0, L_000001eb058636c8;  1 drivers
L_000001eb05863710 .functor BUFT 1, C4<00101111>, C4<0>, C4<0>, C4<0>;
v000001eb05828bd0_0 .net/2u *"_ivl_4", 7 0, L_000001eb05863710;  1 drivers
v000001eb05829f30_0 .net *"_ivl_6", 0 0, L_000001eb058d3f80;  1 drivers
L_000001eb058d2a40 .concat [ 6 2 0 0], L_000001eb058d2220, L_000001eb058636c8;
L_000001eb058d3f80 .cmp/eq 8, L_000001eb058d2a40, L_000001eb05863710;
S_000001eb05834160 .scope generate, "gen_for_dec_6_64[48]" "gen_for_dec_6_64[48]" 4 7, 4 7 0, S_000001eb05343930;
 .timescale 0 0;
P_000001eb0579a040 .param/l "i" 0 4 7, +C4<0110000>;
v000001eb0582b150_0 .net *"_ivl_0", 7 0, L_000001eb058d4340;  1 drivers
L_000001eb05863758 .functor BUFT 1, C4<00>, C4<0>, C4<0>, C4<0>;
v000001eb0582a430_0 .net *"_ivl_3", 1 0, L_000001eb05863758;  1 drivers
L_000001eb058637a0 .functor BUFT 1, C4<00110000>, C4<0>, C4<0>, C4<0>;
v000001eb0582a6b0_0 .net/2u *"_ivl_4", 7 0, L_000001eb058637a0;  1 drivers
v000001eb0582acf0_0 .net *"_ivl_6", 0 0, L_000001eb058d5060;  1 drivers
L_000001eb058d4340 .concat [ 6 2 0 0], L_000001eb058d2220, L_000001eb05863758;
L_000001eb058d5060 .cmp/eq 8, L_000001eb058d4340, L_000001eb058637a0;
S_000001eb05833fd0 .scope generate, "gen_for_dec_6_64[49]" "gen_for_dec_6_64[49]" 4 7, 4 7 0, S_000001eb05343930;
 .timescale 0 0;
P_000001eb0579a340 .param/l "i" 0 4 7, +C4<0110001>;
v000001eb0582a9d0_0 .net *"_ivl_0", 7 0, L_000001eb058d2900;  1 drivers
L_000001eb058637e8 .functor BUFT 1, C4<00>, C4<0>, C4<0>, C4<0>;
v000001eb0582a390_0 .net *"_ivl_3", 1 0, L_000001eb058637e8;  1 drivers
L_000001eb05863830 .functor BUFT 1, C4<00110001>, C4<0>, C4<0>, C4<0>;
v000001eb0582ac50_0 .net/2u *"_ivl_4", 7 0, L_000001eb05863830;  1 drivers
v000001eb05828e50_0 .net *"_ivl_6", 0 0, L_000001eb058d2ae0;  1 drivers
L_000001eb058d2900 .concat [ 6 2 0 0], L_000001eb058d2220, L_000001eb058637e8;
L_000001eb058d2ae0 .cmp/eq 8, L_000001eb058d2900, L_000001eb05863830;
S_000001eb05835290 .scope generate, "gen_for_dec_6_64[50]" "gen_for_dec_6_64[50]" 4 7, 4 7 0, S_000001eb05343930;
 .timescale 0 0;
P_000001eb0579a9c0 .param/l "i" 0 4 7, +C4<0110010>;
v000001eb0582aed0_0 .net *"_ivl_0", 7 0, L_000001eb058d2b80;  1 drivers
L_000001eb05863878 .functor BUFT 1, C4<00>, C4<0>, C4<0>, C4<0>;
v000001eb0582a110_0 .net *"_ivl_3", 1 0, L_000001eb05863878;  1 drivers
L_000001eb058638c0 .functor BUFT 1, C4<00110010>, C4<0>, C4<0>, C4<0>;
v000001eb0582a7f0_0 .net/2u *"_ivl_4", 7 0, L_000001eb058638c0;  1 drivers
v000001eb05829fd0_0 .net *"_ivl_6", 0 0, L_000001eb058d3760;  1 drivers
L_000001eb058d2b80 .concat [ 6 2 0 0], L_000001eb058d2220, L_000001eb05863878;
L_000001eb058d3760 .cmp/eq 8, L_000001eb058d2b80, L_000001eb058638c0;
S_000001eb05834de0 .scope generate, "gen_for_dec_6_64[51]" "gen_for_dec_6_64[51]" 4 7, 4 7 0, S_000001eb05343930;
 .timescale 0 0;
P_000001eb05799f80 .param/l "i" 0 4 7, +C4<0110011>;
v000001eb058293f0_0 .net *"_ivl_0", 7 0, L_000001eb058d4480;  1 drivers
L_000001eb05863908 .functor BUFT 1, C4<00>, C4<0>, C4<0>, C4<0>;
v000001eb0582aa70_0 .net *"_ivl_3", 1 0, L_000001eb05863908;  1 drivers
L_000001eb05863950 .functor BUFT 1, C4<00110011>, C4<0>, C4<0>, C4<0>;
v000001eb05829b70_0 .net/2u *"_ivl_4", 7 0, L_000001eb05863950;  1 drivers
v000001eb0582a1b0_0 .net *"_ivl_6", 0 0, L_000001eb058d3800;  1 drivers
L_000001eb058d4480 .concat [ 6 2 0 0], L_000001eb058d2220, L_000001eb05863908;
L_000001eb058d3800 .cmp/eq 8, L_000001eb058d4480, L_000001eb05863950;
S_000001eb05833cb0 .scope generate, "gen_for_dec_6_64[52]" "gen_for_dec_6_64[52]" 4 7, 4 7 0, S_000001eb05343930;
 .timescale 0 0;
P_000001eb05799fc0 .param/l "i" 0 4 7, +C4<0110100>;
v000001eb0582ae30_0 .net *"_ivl_0", 7 0, L_000001eb058d3d00;  1 drivers
L_000001eb05863998 .functor BUFT 1, C4<00>, C4<0>, C4<0>, C4<0>;
v000001eb0582a070_0 .net *"_ivl_3", 1 0, L_000001eb05863998;  1 drivers
L_000001eb058639e0 .functor BUFT 1, C4<00110100>, C4<0>, C4<0>, C4<0>;
v000001eb0582a890_0 .net/2u *"_ivl_4", 7 0, L_000001eb058639e0;  1 drivers
v000001eb0582ab10_0 .net *"_ivl_6", 0 0, L_000001eb058d4ac0;  1 drivers
L_000001eb058d3d00 .concat [ 6 2 0 0], L_000001eb058d2220, L_000001eb05863998;
L_000001eb058d4ac0 .cmp/eq 8, L_000001eb058d3d00, L_000001eb058639e0;
S_000001eb058342f0 .scope generate, "gen_for_dec_6_64[53]" "gen_for_dec_6_64[53]" 4 7, 4 7 0, S_000001eb05343930;
 .timescale 0 0;
P_000001eb0579a440 .param/l "i" 0 4 7, +C4<0110101>;
v000001eb05829670_0 .net *"_ivl_0", 7 0, L_000001eb058d3940;  1 drivers
L_000001eb05863a28 .functor BUFT 1, C4<00>, C4<0>, C4<0>, C4<0>;
v000001eb0582b1f0_0 .net *"_ivl_3", 1 0, L_000001eb05863a28;  1 drivers
L_000001eb05863a70 .functor BUFT 1, C4<00110101>, C4<0>, C4<0>, C4<0>;
v000001eb058292b0_0 .net/2u *"_ivl_4", 7 0, L_000001eb05863a70;  1 drivers
v000001eb0582ad90_0 .net *"_ivl_6", 0 0, L_000001eb058d3da0;  1 drivers
L_000001eb058d3940 .concat [ 6 2 0 0], L_000001eb058d2220, L_000001eb05863a28;
L_000001eb058d3da0 .cmp/eq 8, L_000001eb058d3940, L_000001eb05863a70;
S_000001eb05835740 .scope generate, "gen_for_dec_6_64[54]" "gen_for_dec_6_64[54]" 4 7, 4 7 0, S_000001eb05343930;
 .timescale 0 0;
P_000001eb0579a540 .param/l "i" 0 4 7, +C4<0110110>;
v000001eb05828ef0_0 .net *"_ivl_0", 7 0, L_000001eb058d39e0;  1 drivers
L_000001eb05863ab8 .functor BUFT 1, C4<00>, C4<0>, C4<0>, C4<0>;
v000001eb05829e90_0 .net *"_ivl_3", 1 0, L_000001eb05863ab8;  1 drivers
L_000001eb05863b00 .functor BUFT 1, C4<00110110>, C4<0>, C4<0>, C4<0>;
v000001eb0582abb0_0 .net/2u *"_ivl_4", 7 0, L_000001eb05863b00;  1 drivers
v000001eb05829490_0 .net *"_ivl_6", 0 0, L_000001eb058d4520;  1 drivers
L_000001eb058d39e0 .concat [ 6 2 0 0], L_000001eb058d2220, L_000001eb05863ab8;
L_000001eb058d4520 .cmp/eq 8, L_000001eb058d39e0, L_000001eb05863b00;
S_000001eb05835a60 .scope generate, "gen_for_dec_6_64[55]" "gen_for_dec_6_64[55]" 4 7, 4 7 0, S_000001eb05343930;
 .timescale 0 0;
P_000001eb0579a000 .param/l "i" 0 4 7, +C4<0110111>;
v000001eb05829530_0 .net *"_ivl_0", 7 0, L_000001eb058d45c0;  1 drivers
L_000001eb05863b48 .functor BUFT 1, C4<00>, C4<0>, C4<0>, C4<0>;
v000001eb0582af70_0 .net *"_ivl_3", 1 0, L_000001eb05863b48;  1 drivers
L_000001eb05863b90 .functor BUFT 1, C4<00110111>, C4<0>, C4<0>, C4<0>;
v000001eb05829cb0_0 .net/2u *"_ivl_4", 7 0, L_000001eb05863b90;  1 drivers
v000001eb05829710_0 .net *"_ivl_6", 0 0, L_000001eb058d3a80;  1 drivers
L_000001eb058d45c0 .concat [ 6 2 0 0], L_000001eb058d2220, L_000001eb05863b48;
L_000001eb058d3a80 .cmp/eq 8, L_000001eb058d45c0, L_000001eb05863b90;
S_000001eb05834480 .scope generate, "gen_for_dec_6_64[56]" "gen_for_dec_6_64[56]" 4 7, 4 7 0, S_000001eb05343930;
 .timescale 0 0;
P_000001eb0579a5c0 .param/l "i" 0 4 7, +C4<0111000>;
v000001eb05829030_0 .net *"_ivl_0", 7 0, L_000001eb058d4b60;  1 drivers
L_000001eb05863bd8 .functor BUFT 1, C4<00>, C4<0>, C4<0>, C4<0>;
v000001eb0582a2f0_0 .net *"_ivl_3", 1 0, L_000001eb05863bd8;  1 drivers
L_000001eb05863c20 .functor BUFT 1, C4<00111000>, C4<0>, C4<0>, C4<0>;
v000001eb0582a570_0 .net/2u *"_ivl_4", 7 0, L_000001eb05863c20;  1 drivers
v000001eb0582a250_0 .net *"_ivl_6", 0 0, L_000001eb058d4c00;  1 drivers
L_000001eb058d4b60 .concat [ 6 2 0 0], L_000001eb058d2220, L_000001eb05863bd8;
L_000001eb058d4c00 .cmp/eq 8, L_000001eb058d4b60, L_000001eb05863c20;
S_000001eb05834610 .scope generate, "gen_for_dec_6_64[57]" "gen_for_dec_6_64[57]" 4 7, 4 7 0, S_000001eb05343930;
 .timescale 0 0;
P_000001eb0579a600 .param/l "i" 0 4 7, +C4<0111001>;
v000001eb058297b0_0 .net *"_ivl_0", 7 0, L_000001eb058d4ca0;  1 drivers
L_000001eb05863c68 .functor BUFT 1, C4<00>, C4<0>, C4<0>, C4<0>;
v000001eb0582b010_0 .net *"_ivl_3", 1 0, L_000001eb05863c68;  1 drivers
L_000001eb05863cb0 .functor BUFT 1, C4<00111001>, C4<0>, C4<0>, C4<0>;
v000001eb0582b0b0_0 .net/2u *"_ivl_4", 7 0, L_000001eb05863cb0;  1 drivers
v000001eb05829850_0 .net *"_ivl_6", 0 0, L_000001eb058d6820;  1 drivers
L_000001eb058d4ca0 .concat [ 6 2 0 0], L_000001eb058d2220, L_000001eb05863c68;
L_000001eb058d6820 .cmp/eq 8, L_000001eb058d4ca0, L_000001eb05863cb0;
S_000001eb05833e40 .scope generate, "gen_for_dec_6_64[58]" "gen_for_dec_6_64[58]" 4 7, 4 7 0, S_000001eb05343930;
 .timescale 0 0;
P_000001eb0579a640 .param/l "i" 0 4 7, +C4<0111010>;
v000001eb05828c70_0 .net *"_ivl_0", 7 0, L_000001eb058d6f00;  1 drivers
L_000001eb05863cf8 .functor BUFT 1, C4<00>, C4<0>, C4<0>, C4<0>;
v000001eb058298f0_0 .net *"_ivl_3", 1 0, L_000001eb05863cf8;  1 drivers
L_000001eb05863d40 .functor BUFT 1, C4<00111010>, C4<0>, C4<0>, C4<0>;
v000001eb05828d10_0 .net/2u *"_ivl_4", 7 0, L_000001eb05863d40;  1 drivers
v000001eb05829990_0 .net *"_ivl_6", 0 0, L_000001eb058d6e60;  1 drivers
L_000001eb058d6f00 .concat [ 6 2 0 0], L_000001eb058d2220, L_000001eb05863cf8;
L_000001eb058d6e60 .cmp/eq 8, L_000001eb058d6f00, L_000001eb05863d40;
S_000001eb058347a0 .scope generate, "gen_for_dec_6_64[59]" "gen_for_dec_6_64[59]" 4 7, 4 7 0, S_000001eb05343930;
 .timescale 0 0;
P_000001eb0579a680 .param/l "i" 0 4 7, +C4<0111011>;
v000001eb05829a30_0 .net *"_ivl_0", 7 0, L_000001eb058d5ba0;  1 drivers
L_000001eb05863d88 .functor BUFT 1, C4<00>, C4<0>, C4<0>, C4<0>;
v000001eb05829ad0_0 .net *"_ivl_3", 1 0, L_000001eb05863d88;  1 drivers
L_000001eb05863dd0 .functor BUFT 1, C4<00111011>, C4<0>, C4<0>, C4<0>;
v000001eb05829d50_0 .net/2u *"_ivl_4", 7 0, L_000001eb05863dd0;  1 drivers
v000001eb0582a4d0_0 .net *"_ivl_6", 0 0, L_000001eb058d7220;  1 drivers
L_000001eb058d5ba0 .concat [ 6 2 0 0], L_000001eb058d2220, L_000001eb05863d88;
L_000001eb058d7220 .cmp/eq 8, L_000001eb058d5ba0, L_000001eb05863dd0;
S_000001eb05835100 .scope generate, "gen_for_dec_6_64[60]" "gen_for_dec_6_64[60]" 4 7, 4 7 0, S_000001eb05343930;
 .timescale 0 0;
P_000001eb0579b040 .param/l "i" 0 4 7, +C4<0111100>;
v000001eb0582a610_0 .net *"_ivl_0", 7 0, L_000001eb058d5880;  1 drivers
L_000001eb05863e18 .functor BUFT 1, C4<00>, C4<0>, C4<0>, C4<0>;
v000001eb0582b6f0_0 .net *"_ivl_3", 1 0, L_000001eb05863e18;  1 drivers
L_000001eb05863e60 .functor BUFT 1, C4<00111100>, C4<0>, C4<0>, C4<0>;
v000001eb0582b790_0 .net/2u *"_ivl_4", 7 0, L_000001eb05863e60;  1 drivers
v000001eb0582b8d0_0 .net *"_ivl_6", 0 0, L_000001eb058d57e0;  1 drivers
L_000001eb058d5880 .concat [ 6 2 0 0], L_000001eb058d2220, L_000001eb05863e18;
L_000001eb058d57e0 .cmp/eq 8, L_000001eb058d5880, L_000001eb05863e60;
S_000001eb05834c50 .scope generate, "gen_for_dec_6_64[61]" "gen_for_dec_6_64[61]" 4 7, 4 7 0, S_000001eb05343930;
 .timescale 0 0;
P_000001eb0579b0c0 .param/l "i" 0 4 7, +C4<0111101>;
v000001eb0582b830_0 .net *"_ivl_0", 7 0, L_000001eb058d5740;  1 drivers
L_000001eb05863ea8 .functor BUFT 1, C4<00>, C4<0>, C4<0>, C4<0>;
v000001eb0582b970_0 .net *"_ivl_3", 1 0, L_000001eb05863ea8;  1 drivers
L_000001eb05863ef0 .functor BUFT 1, C4<00111101>, C4<0>, C4<0>, C4<0>;
v000001eb0582b290_0 .net/2u *"_ivl_4", 7 0, L_000001eb05863ef0;  1 drivers
v000001eb0582b330_0 .net *"_ivl_6", 0 0, L_000001eb058d77c0;  1 drivers
L_000001eb058d5740 .concat [ 6 2 0 0], L_000001eb058d2220, L_000001eb05863ea8;
L_000001eb058d77c0 .cmp/eq 8, L_000001eb058d5740, L_000001eb05863ef0;
S_000001eb05834930 .scope generate, "gen_for_dec_6_64[62]" "gen_for_dec_6_64[62]" 4 7, 4 7 0, S_000001eb05343930;
 .timescale 0 0;
P_000001eb0579b6c0 .param/l "i" 0 4 7, +C4<0111110>;
v000001eb0582b3d0_0 .net *"_ivl_0", 7 0, L_000001eb058d60a0;  1 drivers
L_000001eb05863f38 .functor BUFT 1, C4<00>, C4<0>, C4<0>, C4<0>;
v000001eb0582b470_0 .net *"_ivl_3", 1 0, L_000001eb05863f38;  1 drivers
L_000001eb05863f80 .functor BUFT 1, C4<00111110>, C4<0>, C4<0>, C4<0>;
v000001eb0582b510_0 .net/2u *"_ivl_4", 7 0, L_000001eb05863f80;  1 drivers
v000001eb0582b5b0_0 .net *"_ivl_6", 0 0, L_000001eb058d72c0;  1 drivers
L_000001eb058d60a0 .concat [ 6 2 0 0], L_000001eb058d2220, L_000001eb05863f38;
L_000001eb058d72c0 .cmp/eq 8, L_000001eb058d60a0, L_000001eb05863f80;
S_000001eb05834ac0 .scope generate, "gen_for_dec_6_64[63]" "gen_for_dec_6_64[63]" 4 7, 4 7 0, S_000001eb05343930;
 .timescale 0 0;
P_000001eb0579ae00 .param/l "i" 0 4 7, +C4<0111111>;
v000001eb0582b650_0 .net *"_ivl_0", 7 0, L_000001eb058d51a0;  1 drivers
L_000001eb05863fc8 .functor BUFT 1, C4<00>, C4<0>, C4<0>, C4<0>;
v000001eb05825930_0 .net *"_ivl_3", 1 0, L_000001eb05863fc8;  1 drivers
L_000001eb05864010 .functor BUFT 1, C4<00111111>, C4<0>, C4<0>, C4<0>;
v000001eb05824b70_0 .net/2u *"_ivl_4", 7 0, L_000001eb05864010;  1 drivers
v000001eb05825110_0 .net *"_ivl_6", 0 0, L_000001eb058d5d80;  1 drivers
L_000001eb058d51a0 .concat [ 6 2 0 0], L_000001eb058d2220, L_000001eb05863fc8;
L_000001eb058d5d80 .cmp/eq 8, L_000001eb058d51a0, L_000001eb05864010;
S_000001eb05836df0 .scope module, "u_dec1" "decoder_4_16" 2 232, 5 1 0, S_000001eb0533c830;
 .timescale 0 0;
    .port_info 0 /INPUT 4 "in";
    .port_info 1 /OUTPUT 16 "out";
v000001eb0583f580_0 .net "in", 3 0, L_000001eb058d1fa0;  alias, 1 drivers
v000001eb0583f4e0_0 .net "out", 15 0, L_000001eb058d65a0;  alias, 1 drivers
LS_000001eb058d65a0_0_0 .concat8 [ 1 1 1 1], L_000001eb058d5920, L_000001eb058d7400, L_000001eb058d5b00, L_000001eb058d7680;
LS_000001eb058d65a0_0_4 .concat8 [ 1 1 1 1], L_000001eb058d7860, L_000001eb058d5f60, L_000001eb058d5ce0, L_000001eb058d5e20;
LS_000001eb058d65a0_0_8 .concat8 [ 1 1 1 1], L_000001eb058d7720, L_000001eb058d5240, L_000001eb058d6780, L_000001eb058d5100;
LS_000001eb058d65a0_0_12 .concat8 [ 1 1 1 1], L_000001eb058d75e0, L_000001eb058d5ec0, L_000001eb058d6000, L_000001eb058d61e0;
L_000001eb058d65a0 .concat8 [ 4 4 4 4], LS_000001eb058d65a0_0_0, LS_000001eb058d65a0_0_4, LS_000001eb058d65a0_0_8, LS_000001eb058d65a0_0_12;
S_000001eb05837750 .scope generate, "gen_for_dec_4_16[0]" "gen_for_dec_4_16[0]" 5 7, 5 7 0, S_000001eb05836df0;
 .timescale 0 0;
P_000001eb0579afc0 .param/l "i" 0 5 7, +C4<00>;
v000001eb05826010_0 .net *"_ivl_0", 4 0, L_000001eb058d6960;  1 drivers
L_000001eb05864058 .functor BUFT 1, C4<0>, C4<0>, C4<0>, C4<0>;
v000001eb058251b0_0 .net *"_ivl_3", 0 0, L_000001eb05864058;  1 drivers
L_000001eb058640a0 .functor BUFT 1, C4<00000>, C4<0>, C4<0>, C4<0>;
v000001eb058247b0_0 .net/2u *"_ivl_4", 4 0, L_000001eb058640a0;  1 drivers
v000001eb05824490_0 .net *"_ivl_6", 0 0, L_000001eb058d5920;  1 drivers
L_000001eb058d6960 .concat [ 4 1 0 0], L_000001eb058d1fa0, L_000001eb05864058;
L_000001eb058d5920 .cmp/eq 5, L_000001eb058d6960, L_000001eb058640a0;
S_000001eb05837430 .scope generate, "gen_for_dec_4_16[1]" "gen_for_dec_4_16[1]" 5 7, 5 7 0, S_000001eb05836df0;
 .timescale 0 0;
P_000001eb0579ad80 .param/l "i" 0 5 7, +C4<01>;
v000001eb05825250_0 .net *"_ivl_0", 4 0, L_000001eb058d6500;  1 drivers
L_000001eb058640e8 .functor BUFT 1, C4<0>, C4<0>, C4<0>, C4<0>;
v000001eb05824cb0_0 .net *"_ivl_3", 0 0, L_000001eb058640e8;  1 drivers
L_000001eb05864130 .functor BUFT 1, C4<00001>, C4<0>, C4<0>, C4<0>;
v000001eb05825890_0 .net/2u *"_ivl_4", 4 0, L_000001eb05864130;  1 drivers
v000001eb05824a30_0 .net *"_ivl_6", 0 0, L_000001eb058d7400;  1 drivers
L_000001eb058d6500 .concat [ 4 1 0 0], L_000001eb058d1fa0, L_000001eb058640e8;
L_000001eb058d7400 .cmp/eq 5, L_000001eb058d6500, L_000001eb05864130;
S_000001eb05836170 .scope generate, "gen_for_dec_4_16[2]" "gen_for_dec_4_16[2]" 5 7, 5 7 0, S_000001eb05836df0;
 .timescale 0 0;
P_000001eb0579af80 .param/l "i" 0 5 7, +C4<010>;
v000001eb05823f90_0 .net *"_ivl_0", 4 0, L_000001eb058d5a60;  1 drivers
L_000001eb05864178 .functor BUFT 1, C4<0>, C4<0>, C4<0>, C4<0>;
v000001eb05825cf0_0 .net *"_ivl_3", 0 0, L_000001eb05864178;  1 drivers
L_000001eb058641c0 .functor BUFT 1, C4<00010>, C4<0>, C4<0>, C4<0>;
v000001eb05824d50_0 .net/2u *"_ivl_4", 4 0, L_000001eb058641c0;  1 drivers
v000001eb058252f0_0 .net *"_ivl_6", 0 0, L_000001eb058d5b00;  1 drivers
L_000001eb058d5a60 .concat [ 4 1 0 0], L_000001eb058d1fa0, L_000001eb05864178;
L_000001eb058d5b00 .cmp/eq 5, L_000001eb058d5a60, L_000001eb058641c0;
S_000001eb05836f80 .scope generate, "gen_for_dec_4_16[3]" "gen_for_dec_4_16[3]" 5 7, 5 7 0, S_000001eb05836df0;
 .timescale 0 0;
P_000001eb0579b100 .param/l "i" 0 5 7, +C4<011>;
v000001eb05824ad0_0 .net *"_ivl_0", 4 0, L_000001eb058d6d20;  1 drivers
L_000001eb05864208 .functor BUFT 1, C4<0>, C4<0>, C4<0>, C4<0>;
v000001eb058243f0_0 .net *"_ivl_3", 0 0, L_000001eb05864208;  1 drivers
L_000001eb05864250 .functor BUFT 1, C4<00011>, C4<0>, C4<0>, C4<0>;
v000001eb058245d0_0 .net/2u *"_ivl_4", 4 0, L_000001eb05864250;  1 drivers
v000001eb05825b10_0 .net *"_ivl_6", 0 0, L_000001eb058d7680;  1 drivers
L_000001eb058d6d20 .concat [ 4 1 0 0], L_000001eb058d1fa0, L_000001eb05864208;
L_000001eb058d7680 .cmp/eq 5, L_000001eb058d6d20, L_000001eb05864250;
S_000001eb058378e0 .scope generate, "gen_for_dec_4_16[4]" "gen_for_dec_4_16[4]" 5 7, 5 7 0, S_000001eb05836df0;
 .timescale 0 0;
P_000001eb0579b5c0 .param/l "i" 0 5 7, +C4<0100>;
v000001eb05824530_0 .net *"_ivl_0", 4 0, L_000001eb058d5600;  1 drivers
L_000001eb05864298 .functor BUFT 1, C4<0>, C4<0>, C4<0>, C4<0>;
v000001eb05825bb0_0 .net *"_ivl_3", 0 0, L_000001eb05864298;  1 drivers
L_000001eb058642e0 .functor BUFT 1, C4<00100>, C4<0>, C4<0>, C4<0>;
v000001eb058260b0_0 .net/2u *"_ivl_4", 4 0, L_000001eb058642e0;  1 drivers
v000001eb05824670_0 .net *"_ivl_6", 0 0, L_000001eb058d7860;  1 drivers
L_000001eb058d5600 .concat [ 4 1 0 0], L_000001eb058d1fa0, L_000001eb05864298;
L_000001eb058d7860 .cmp/eq 5, L_000001eb058d5600, L_000001eb058642e0;
S_000001eb05835cc0 .scope generate, "gen_for_dec_4_16[5]" "gen_for_dec_4_16[5]" 5 7, 5 7 0, S_000001eb05836df0;
 .timescale 0 0;
P_000001eb0579bd00 .param/l "i" 0 5 7, +C4<0101>;
v000001eb05824710_0 .net *"_ivl_0", 4 0, L_000001eb058d68c0;  1 drivers
L_000001eb05864328 .functor BUFT 1, C4<0>, C4<0>, C4<0>, C4<0>;
v000001eb05824210_0 .net *"_ivl_3", 0 0, L_000001eb05864328;  1 drivers
L_000001eb05864370 .functor BUFT 1, C4<00101>, C4<0>, C4<0>, C4<0>;
v000001eb05826150_0 .net/2u *"_ivl_4", 4 0, L_000001eb05864370;  1 drivers
v000001eb05825430_0 .net *"_ivl_6", 0 0, L_000001eb058d5f60;  1 drivers
L_000001eb058d68c0 .concat [ 4 1 0 0], L_000001eb058d1fa0, L_000001eb05864328;
L_000001eb058d5f60 .cmp/eq 5, L_000001eb058d68c0, L_000001eb05864370;
S_000001eb05837110 .scope generate, "gen_for_dec_4_16[6]" "gen_for_dec_4_16[6]" 5 7, 5 7 0, S_000001eb05836df0;
 .timescale 0 0;
P_000001eb0579b340 .param/l "i" 0 5 7, +C4<0110>;
v000001eb05824850_0 .net *"_ivl_0", 4 0, L_000001eb058d5c40;  1 drivers
L_000001eb058643b8 .functor BUFT 1, C4<0>, C4<0>, C4<0>, C4<0>;
v000001eb05824350_0 .net *"_ivl_3", 0 0, L_000001eb058643b8;  1 drivers
L_000001eb05864400 .functor BUFT 1, C4<00110>, C4<0>, C4<0>, C4<0>;
v000001eb058259d0_0 .net/2u *"_ivl_4", 4 0, L_000001eb05864400;  1 drivers
v000001eb05825390_0 .net *"_ivl_6", 0 0, L_000001eb058d5ce0;  1 drivers
L_000001eb058d5c40 .concat [ 4 1 0 0], L_000001eb058d1fa0, L_000001eb058643b8;
L_000001eb058d5ce0 .cmp/eq 5, L_000001eb058d5c40, L_000001eb05864400;
S_000001eb058375c0 .scope generate, "gen_for_dec_4_16[7]" "gen_for_dec_4_16[7]" 5 7, 5 7 0, S_000001eb05836df0;
 .timescale 0 0;
P_000001eb0579b080 .param/l "i" 0 5 7, +C4<0111>;
v000001eb05825d90_0 .net *"_ivl_0", 4 0, L_000001eb058d5380;  1 drivers
L_000001eb05864448 .functor BUFT 1, C4<0>, C4<0>, C4<0>, C4<0>;
v000001eb058254d0_0 .net *"_ivl_3", 0 0, L_000001eb05864448;  1 drivers
L_000001eb05864490 .functor BUFT 1, C4<00111>, C4<0>, C4<0>, C4<0>;
v000001eb05825ed0_0 .net/2u *"_ivl_4", 4 0, L_000001eb05864490;  1 drivers
v000001eb05825610_0 .net *"_ivl_6", 0 0, L_000001eb058d5e20;  1 drivers
L_000001eb058d5380 .concat [ 4 1 0 0], L_000001eb058d1fa0, L_000001eb05864448;
L_000001eb058d5e20 .cmp/eq 5, L_000001eb058d5380, L_000001eb05864490;
S_000001eb05836490 .scope generate, "gen_for_dec_4_16[8]" "gen_for_dec_4_16[8]" 5 7, 5 7 0, S_000001eb05836df0;
 .timescale 0 0;
P_000001eb0579ae80 .param/l "i" 0 5 7, +C4<01000>;
v000001eb058256b0_0 .net *"_ivl_0", 5 0, L_000001eb058d6a00;  1 drivers
L_000001eb058644d8 .functor BUFT 1, C4<00>, C4<0>, C4<0>, C4<0>;
v000001eb05824df0_0 .net *"_ivl_3", 1 0, L_000001eb058644d8;  1 drivers
L_000001eb05864520 .functor BUFT 1, C4<001000>, C4<0>, C4<0>, C4<0>;
v000001eb05823ef0_0 .net/2u *"_ivl_4", 5 0, L_000001eb05864520;  1 drivers
v000001eb058248f0_0 .net *"_ivl_6", 0 0, L_000001eb058d7720;  1 drivers
L_000001eb058d6a00 .concat [ 4 2 0 0], L_000001eb058d1fa0, L_000001eb058644d8;
L_000001eb058d7720 .cmp/eq 6, L_000001eb058d6a00, L_000001eb05864520;
S_000001eb05835e50 .scope generate, "gen_for_dec_4_16[9]" "gen_for_dec_4_16[9]" 5 7, 5 7 0, S_000001eb05836df0;
 .timescale 0 0;
P_000001eb0579bc80 .param/l "i" 0 5 7, +C4<01001>;
v000001eb05823c70_0 .net *"_ivl_0", 5 0, L_000001eb058d5420;  1 drivers
L_000001eb05864568 .functor BUFT 1, C4<00>, C4<0>, C4<0>, C4<0>;
v000001eb05825750_0 .net *"_ivl_3", 1 0, L_000001eb05864568;  1 drivers
L_000001eb058645b0 .functor BUFT 1, C4<001001>, C4<0>, C4<0>, C4<0>;
v000001eb05823b30_0 .net/2u *"_ivl_4", 5 0, L_000001eb058645b0;  1 drivers
v000001eb058257f0_0 .net *"_ivl_6", 0 0, L_000001eb058d5240;  1 drivers
L_000001eb058d5420 .concat [ 4 2 0 0], L_000001eb058d1fa0, L_000001eb05864568;
L_000001eb058d5240 .cmp/eq 6, L_000001eb058d5420, L_000001eb058645b0;
S_000001eb05835fe0 .scope generate, "gen_for_dec_4_16[10]" "gen_for_dec_4_16[10]" 5 7, 5 7 0, S_000001eb05836df0;
 .timescale 0 0;
P_000001eb0579bb80 .param/l "i" 0 5 7, +C4<01010>;
v000001eb058240d0_0 .net *"_ivl_0", 5 0, L_000001eb058d52e0;  1 drivers
L_000001eb058645f8 .functor BUFT 1, C4<00>, C4<0>, C4<0>, C4<0>;
v000001eb058261f0_0 .net *"_ivl_3", 1 0, L_000001eb058645f8;  1 drivers
L_000001eb05864640 .functor BUFT 1, C4<001010>, C4<0>, C4<0>, C4<0>;
v000001eb05825a70_0 .net/2u *"_ivl_4", 5 0, L_000001eb05864640;  1 drivers
v000001eb05824990_0 .net *"_ivl_6", 0 0, L_000001eb058d6780;  1 drivers
L_000001eb058d52e0 .concat [ 4 2 0 0], L_000001eb058d1fa0, L_000001eb058645f8;
L_000001eb058d6780 .cmp/eq 6, L_000001eb058d52e0, L_000001eb05864640;
S_000001eb058372a0 .scope generate, "gen_for_dec_4_16[11]" "gen_for_dec_4_16[11]" 5 7, 5 7 0, S_000001eb05836df0;
 .timescale 0 0;
P_000001eb0579b3c0 .param/l "i" 0 5 7, +C4<01011>;
v000001eb05825c50_0 .net *"_ivl_0", 5 0, L_000001eb058d6aa0;  1 drivers
L_000001eb05864688 .functor BUFT 1, C4<00>, C4<0>, C4<0>, C4<0>;
v000001eb05824170_0 .net *"_ivl_3", 1 0, L_000001eb05864688;  1 drivers
L_000001eb058646d0 .functor BUFT 1, C4<001011>, C4<0>, C4<0>, C4<0>;
v000001eb05824c10_0 .net/2u *"_ivl_4", 5 0, L_000001eb058646d0;  1 drivers
v000001eb05824f30_0 .net *"_ivl_6", 0 0, L_000001eb058d5100;  1 drivers
L_000001eb058d6aa0 .concat [ 4 2 0 0], L_000001eb058d1fa0, L_000001eb05864688;
L_000001eb058d5100 .cmp/eq 6, L_000001eb058d6aa0, L_000001eb058646d0;
S_000001eb05836620 .scope generate, "gen_for_dec_4_16[12]" "gen_for_dec_4_16[12]" 5 7, 5 7 0, S_000001eb05836df0;
 .timescale 0 0;
P_000001eb0579b380 .param/l "i" 0 5 7, +C4<01100>;
v000001eb05825e30_0 .net *"_ivl_0", 5 0, L_000001eb058d54c0;  1 drivers
L_000001eb05864718 .functor BUFT 1, C4<00>, C4<0>, C4<0>, C4<0>;
v000001eb05825f70_0 .net *"_ivl_3", 1 0, L_000001eb05864718;  1 drivers
L_000001eb05864760 .functor BUFT 1, C4<001100>, C4<0>, C4<0>, C4<0>;
v000001eb05824e90_0 .net/2u *"_ivl_4", 5 0, L_000001eb05864760;  1 drivers
v000001eb05824fd0_0 .net *"_ivl_6", 0 0, L_000001eb058d75e0;  1 drivers
L_000001eb058d54c0 .concat [ 4 2 0 0], L_000001eb058d1fa0, L_000001eb05864718;
L_000001eb058d75e0 .cmp/eq 6, L_000001eb058d54c0, L_000001eb05864760;
S_000001eb05837a70 .scope generate, "gen_for_dec_4_16[13]" "gen_for_dec_4_16[13]" 5 7, 5 7 0, S_000001eb05836df0;
 .timescale 0 0;
P_000001eb0579b8c0 .param/l "i" 0 5 7, +C4<01101>;
v000001eb058242b0_0 .net *"_ivl_0", 5 0, L_000001eb058d5560;  1 drivers
L_000001eb058647a8 .functor BUFT 1, C4<00>, C4<0>, C4<0>, C4<0>;
v000001eb05825070_0 .net *"_ivl_3", 1 0, L_000001eb058647a8;  1 drivers
L_000001eb058647f0 .functor BUFT 1, C4<001101>, C4<0>, C4<0>, C4<0>;
v000001eb05823a90_0 .net/2u *"_ivl_4", 5 0, L_000001eb058647f0;  1 drivers
v000001eb05823d10_0 .net *"_ivl_6", 0 0, L_000001eb058d5ec0;  1 drivers
L_000001eb058d5560 .concat [ 4 2 0 0], L_000001eb058d1fa0, L_000001eb058647a8;
L_000001eb058d5ec0 .cmp/eq 6, L_000001eb058d5560, L_000001eb058647f0;
S_000001eb05836ad0 .scope generate, "gen_for_dec_4_16[14]" "gen_for_dec_4_16[14]" 5 7, 5 7 0, S_000001eb05836df0;
 .timescale 0 0;
P_000001eb0579b1c0 .param/l "i" 0 5 7, +C4<01110>;
v000001eb05824030_0 .net *"_ivl_0", 5 0, L_000001eb058d6b40;  1 drivers
L_000001eb05864838 .functor BUFT 1, C4<00>, C4<0>, C4<0>, C4<0>;
v000001eb05823db0_0 .net *"_ivl_3", 1 0, L_000001eb05864838;  1 drivers
L_000001eb05864880 .functor BUFT 1, C4<001110>, C4<0>, C4<0>, C4<0>;
v000001eb05823e50_0 .net/2u *"_ivl_4", 5 0, L_000001eb05864880;  1 drivers
v000001eb0583fbc0_0 .net *"_ivl_6", 0 0, L_000001eb058d6000;  1 drivers
L_000001eb058d6b40 .concat [ 4 2 0 0], L_000001eb058d1fa0, L_000001eb05864838;
L_000001eb058d6000 .cmp/eq 6, L_000001eb058d6b40, L_000001eb05864880;
S_000001eb05836c60 .scope generate, "gen_for_dec_4_16[15]" "gen_for_dec_4_16[15]" 5 7, 5 7 0, S_000001eb05836df0;
 .timescale 0 0;
P_000001eb0579b600 .param/l "i" 0 5 7, +C4<01111>;
v000001eb0583f620_0 .net *"_ivl_0", 5 0, L_000001eb058d6140;  1 drivers
L_000001eb058648c8 .functor BUFT 1, C4<00>, C4<0>, C4<0>, C4<0>;
v000001eb0583f8a0_0 .net *"_ivl_3", 1 0, L_000001eb058648c8;  1 drivers
L_000001eb05864910 .functor BUFT 1, C4<001111>, C4<0>, C4<0>, C4<0>;
v000001eb0583fb20_0 .net/2u *"_ivl_4", 5 0, L_000001eb05864910;  1 drivers
v000001eb0583fa80_0 .net *"_ivl_6", 0 0, L_000001eb058d61e0;  1 drivers
L_000001eb058d6140 .concat [ 4 2 0 0], L_000001eb058d1fa0, L_000001eb058648c8;
L_000001eb058d61e0 .cmp/eq 6, L_000001eb058d6140, L_000001eb05864910;
S_000001eb05836300 .scope module, "u_dec2" "decoder_2_4" 2 233, 6 1 0, S_000001eb0533c830;
 .timescale 0 0;
    .port_info 0 /INPUT 2 "in";
    .port_info 1 /OUTPUT 4 "out";
v000001eb05839680_0 .net "in", 1 0, L_000001eb058d0880;  alias, 1 drivers
v000001eb05838d20_0 .net "out", 3 0, L_000001eb058d66e0;  alias, 1 drivers
L_000001eb058d66e0 .concat8 [ 1 1 1 1], L_000001eb058d6280, L_000001eb058d63c0, L_000001eb058d6640, L_000001eb058d6c80;
S_000001eb05836940 .scope generate, "gen_for_dec_2_4[0]" "gen_for_dec_2_4[0]" 6 7, 6 7 0, S_000001eb05836300;
 .timescale 0 0;
P_000001eb0579b140 .param/l "i" 0 6 7, +C4<00>;
v000001eb0583f6c0_0 .net *"_ivl_0", 2 0, L_000001eb058d56a0;  1 drivers
L_000001eb05864958 .functor BUFT 1, C4<0>, C4<0>, C4<0>, C4<0>;
v000001eb0583f760_0 .net *"_ivl_3", 0 0, L_000001eb05864958;  1 drivers
L_000001eb058649a0 .functor BUFT 1, C4<000>, C4<0>, C4<0>, C4<0>;
v000001eb0583f800_0 .net/2u *"_ivl_4", 2 0, L_000001eb058649a0;  1 drivers
v000001eb0583f940_0 .net *"_ivl_6", 0 0, L_000001eb058d6280;  1 drivers
L_000001eb058d56a0 .concat [ 2 1 0 0], L_000001eb058d0880, L_000001eb05864958;
L_000001eb058d6280 .cmp/eq 3, L_000001eb058d56a0, L_000001eb058649a0;
S_000001eb058367b0 .scope generate, "gen_for_dec_2_4[1]" "gen_for_dec_2_4[1]" 6 7, 6 7 0, S_000001eb05836300;
 .timescale 0 0;
P_000001eb0579adc0 .param/l "i" 0 6 7, +C4<01>;
v000001eb0583f9e0_0 .net *"_ivl_0", 2 0, L_000001eb058d6320;  1 drivers
L_000001eb058649e8 .functor BUFT 1, C4<0>, C4<0>, C4<0>, C4<0>;
v000001eb058392c0_0 .net *"_ivl_3", 0 0, L_000001eb058649e8;  1 drivers
L_000001eb05864a30 .functor BUFT 1, C4<001>, C4<0>, C4<0>, C4<0>;
v000001eb058394a0_0 .net/2u *"_ivl_4", 2 0, L_000001eb05864a30;  1 drivers
v000001eb05839540_0 .net *"_ivl_6", 0 0, L_000001eb058d63c0;  1 drivers
L_000001eb058d6320 .concat [ 2 1 0 0], L_000001eb058d0880, L_000001eb058649e8;
L_000001eb058d63c0 .cmp/eq 3, L_000001eb058d6320, L_000001eb05864a30;
S_000001eb05841900 .scope generate, "gen_for_dec_2_4[2]" "gen_for_dec_2_4[2]" 6 7, 6 7 0, S_000001eb05836300;
 .timescale 0 0;
P_000001eb0579bb40 .param/l "i" 0 6 7, +C4<010>;
v000001eb058380a0_0 .net *"_ivl_0", 3 0, L_000001eb058d6460;  1 drivers
L_000001eb05864a78 .functor BUFT 1, C4<00>, C4<0>, C4<0>, C4<0>;
v000001eb0583a1c0_0 .net *"_ivl_3", 1 0, L_000001eb05864a78;  1 drivers
L_000001eb05864ac0 .functor BUFT 1, C4<0010>, C4<0>, C4<0>, C4<0>;
v000001eb0583a080_0 .net/2u *"_ivl_4", 3 0, L_000001eb05864ac0;  1 drivers
v000001eb05839360_0 .net *"_ivl_6", 0 0, L_000001eb058d6640;  1 drivers
L_000001eb058d6460 .concat [ 2 2 0 0], L_000001eb058d0880, L_000001eb05864a78;
L_000001eb058d6640 .cmp/eq 4, L_000001eb058d6460, L_000001eb05864ac0;
S_000001eb05841130 .scope generate, "gen_for_dec_2_4[3]" "gen_for_dec_2_4[3]" 6 7, 6 7 0, S_000001eb05836300;
 .timescale 0 0;
P_000001eb0579b400 .param/l "i" 0 6 7, +C4<011>;
v000001eb058395e0_0 .net *"_ivl_0", 3 0, L_000001eb058d6be0;  1 drivers
L_000001eb05864b08 .functor BUFT 1, C4<00>, C4<0>, C4<0>, C4<0>;
v000001eb05838820_0 .net *"_ivl_3", 1 0, L_000001eb05864b08;  1 drivers
L_000001eb05864b50 .functor BUFT 1, C4<0011>, C4<0>, C4<0>, C4<0>;
v000001eb058388c0_0 .net/2u *"_ivl_4", 3 0, L_000001eb05864b50;  1 drivers
v000001eb0583a3a0_0 .net *"_ivl_6", 0 0, L_000001eb058d6c80;  1 drivers
L_000001eb058d6be0 .concat [ 2 2 0 0], L_000001eb058d0880, L_000001eb05864b08;
L_000001eb058d6c80 .cmp/eq 4, L_000001eb058d6be0, L_000001eb05864b50;
S_000001eb05840190 .scope module, "u_dec3" "decoder_5_32" 2 234, 7 1 0, S_000001eb0533c830;
 .timescale 0 0;
    .port_info 0 /INPUT 5 "in";
    .port_info 1 /OUTPUT 32 "out";
v000001eb0583e4a0_0 .net "in", 4 0, L_000001eb058d02e0;  alias, 1 drivers
v000001eb0583ddc0_0 .net "out", 31 0, L_000001eb058d81c0;  alias, 1 drivers
LS_000001eb058d81c0_0_0 .concat8 [ 1 1 1 1], L_000001eb058d6fa0, L_000001eb058d70e0, L_000001eb058d7360, L_000001eb058d7540;
LS_000001eb058d81c0_0_4 .concat8 [ 1 1 1 1], L_000001eb058d8440, L_000001eb058d9020, L_000001eb058d7a40, L_000001eb058d9a20;
LS_000001eb058d81c0_0_8 .concat8 [ 1 1 1 1], L_000001eb058d8080, L_000001eb058d9d40, L_000001eb058d8e40, L_000001eb058d8b20;
LS_000001eb058d81c0_0_12 .concat8 [ 1 1 1 1], L_000001eb058da060, L_000001eb058d93e0, L_000001eb058d9e80, L_000001eb058d8300;
LS_000001eb058d81c0_0_16 .concat8 [ 1 1 1 1], L_000001eb058d7c20, L_000001eb058d7fe0, L_000001eb058d9b60, L_000001eb058d7d60;
LS_000001eb058d81c0_0_20 .concat8 [ 1 1 1 1], L_000001eb058d8f80, L_000001eb058d9160, L_000001eb058d86c0, L_000001eb058d8760;
LS_000001eb058d81c0_0_24 .concat8 [ 1 1 1 1], L_000001eb058d7900, L_000001eb058d97a0, L_000001eb058d9340, L_000001eb058d9520;
LS_000001eb058d81c0_0_28 .concat8 [ 1 1 1 1], L_000001eb058d88a0, L_000001eb058d9700, L_000001eb058d84e0, L_000001eb058d7cc0;
LS_000001eb058d81c0_1_0 .concat8 [ 4 4 4 4], LS_000001eb058d81c0_0_0, LS_000001eb058d81c0_0_4, LS_000001eb058d81c0_0_8, LS_000001eb058d81c0_0_12;
LS_000001eb058d81c0_1_4 .concat8 [ 4 4 4 4], LS_000001eb058d81c0_0_16, LS_000001eb058d81c0_0_20, LS_000001eb058d81c0_0_24, LS_000001eb058d81c0_0_28;
L_000001eb058d81c0 .concat8 [ 16 16 0 0], LS_000001eb058d81c0_1_0, LS_000001eb058d81c0_1_4;
S_000001eb05840960 .scope generate, "gen_for_dec_5_32[0]" "gen_for_dec_5_32[0]" 7 7, 7 7 0, S_000001eb05840190;
 .timescale 0 0;
P_000001eb0579b580 .param/l "i" 0 7 7, +C4<00>;
v000001eb05838c80_0 .net *"_ivl_0", 5 0, L_000001eb058d6dc0;  1 drivers
L_000001eb05864b98 .functor BUFT 1, C4<0>, C4<0>, C4<0>, C4<0>;
v000001eb058381e0_0 .net *"_ivl_3", 0 0, L_000001eb05864b98;  1 drivers
L_000001eb05864be0 .functor BUFT 1, C4<000000>, C4<0>, C4<0>, C4<0>;
v000001eb058383c0_0 .net/2u *"_ivl_4", 5 0, L_000001eb05864be0;  1 drivers
v000001eb058385a0_0 .net *"_ivl_6", 0 0, L_000001eb058d6fa0;  1 drivers
L_000001eb058d6dc0 .concat [ 5 1 0 0], L_000001eb058d02e0, L_000001eb05864b98;
L_000001eb058d6fa0 .cmp/eq 6, L_000001eb058d6dc0, L_000001eb05864be0;
S_000001eb05840af0 .scope generate, "gen_for_dec_5_32[1]" "gen_for_dec_5_32[1]" 7 7, 7 7 0, S_000001eb05840190;
 .timescale 0 0;
P_000001eb0579ad40 .param/l "i" 0 7 7, +C4<01>;
v000001eb058399a0_0 .net *"_ivl_0", 5 0, L_000001eb058d7040;  1 drivers
L_000001eb05864c28 .functor BUFT 1, C4<0>, C4<0>, C4<0>, C4<0>;
v000001eb05838460_0 .net *"_ivl_3", 0 0, L_000001eb05864c28;  1 drivers
L_000001eb05864c70 .functor BUFT 1, C4<000001>, C4<0>, C4<0>, C4<0>;
v000001eb05838be0_0 .net/2u *"_ivl_4", 5 0, L_000001eb05864c70;  1 drivers
v000001eb05839860_0 .net *"_ivl_6", 0 0, L_000001eb058d70e0;  1 drivers
L_000001eb058d7040 .concat [ 5 1 0 0], L_000001eb058d02e0, L_000001eb05864c28;
L_000001eb058d70e0 .cmp/eq 6, L_000001eb058d7040, L_000001eb05864c70;
S_000001eb05840320 .scope generate, "gen_for_dec_5_32[2]" "gen_for_dec_5_32[2]" 7 7, 7 7 0, S_000001eb05840190;
 .timescale 0 0;
P_000001eb0579b200 .param/l "i" 0 7 7, +C4<010>;
v000001eb05839d60_0 .net *"_ivl_0", 5 0, L_000001eb058d7180;  1 drivers
L_000001eb05864cb8 .functor BUFT 1, C4<0>, C4<0>, C4<0>, C4<0>;
v000001eb05837f60_0 .net *"_ivl_3", 0 0, L_000001eb05864cb8;  1 drivers
L_000001eb05864d00 .functor BUFT 1, C4<000010>, C4<0>, C4<0>, C4<0>;
v000001eb05839ae0_0 .net/2u *"_ivl_4", 5 0, L_000001eb05864d00;  1 drivers
v000001eb05839c20_0 .net *"_ivl_6", 0 0, L_000001eb058d7360;  1 drivers
L_000001eb058d7180 .concat [ 5 1 0 0], L_000001eb058d02e0, L_000001eb05864cb8;
L_000001eb058d7360 .cmp/eq 6, L_000001eb058d7180, L_000001eb05864d00;
S_000001eb05841a90 .scope generate, "gen_for_dec_5_32[3]" "gen_for_dec_5_32[3]" 7 7, 7 7 0, S_000001eb05840190;
 .timescale 0 0;
P_000001eb0579ba40 .param/l "i" 0 7 7, +C4<011>;
v000001eb05839400_0 .net *"_ivl_0", 5 0, L_000001eb058d74a0;  1 drivers
L_000001eb05864d48 .functor BUFT 1, C4<0>, C4<0>, C4<0>, C4<0>;
v000001eb05838500_0 .net *"_ivl_3", 0 0, L_000001eb05864d48;  1 drivers
L_000001eb05864d90 .functor BUFT 1, C4<000011>, C4<0>, C4<0>, C4<0>;
v000001eb05839720_0 .net/2u *"_ivl_4", 5 0, L_000001eb05864d90;  1 drivers
v000001eb05839f40_0 .net *"_ivl_6", 0 0, L_000001eb058d7540;  1 drivers
L_000001eb058d74a0 .concat [ 5 1 0 0], L_000001eb058d02e0, L_000001eb05864d48;
L_000001eb058d7540 .cmp/eq 6, L_000001eb058d74a0, L_000001eb05864d90;
S_000001eb058412c0 .scope generate, "gen_for_dec_5_32[4]" "gen_for_dec_5_32[4]" 7 7, 7 7 0, S_000001eb05840190;
 .timescale 0 0;
P_000001eb0579b000 .param/l "i" 0 7 7, +C4<0100>;
v000001eb05837ce0_0 .net *"_ivl_0", 5 0, L_000001eb058d8da0;  1 drivers
L_000001eb05864dd8 .functor BUFT 1, C4<0>, C4<0>, C4<0>, C4<0>;
v000001eb05837d80_0 .net *"_ivl_3", 0 0, L_000001eb05864dd8;  1 drivers
L_000001eb05864e20 .functor BUFT 1, C4<000100>, C4<0>, C4<0>, C4<0>;
v000001eb05839220_0 .net/2u *"_ivl_4", 5 0, L_000001eb05864e20;  1 drivers
v000001eb05839b80_0 .net *"_ivl_6", 0 0, L_000001eb058d8440;  1 drivers
L_000001eb058d8da0 .concat [ 5 1 0 0], L_000001eb058d02e0, L_000001eb05864dd8;
L_000001eb058d8440 .cmp/eq 6, L_000001eb058d8da0, L_000001eb05864e20;
S_000001eb05840c80 .scope generate, "gen_for_dec_5_32[5]" "gen_for_dec_5_32[5]" 7 7, 7 7 0, S_000001eb05840190;
 .timescale 0 0;
P_000001eb0579b980 .param/l "i" 0 7 7, +C4<0101>;
v000001eb05837e20_0 .net *"_ivl_0", 5 0, L_000001eb058d83a0;  1 drivers
L_000001eb05864e68 .functor BUFT 1, C4<0>, C4<0>, C4<0>, C4<0>;
v000001eb05839180_0 .net *"_ivl_3", 0 0, L_000001eb05864e68;  1 drivers
L_000001eb05864eb0 .functor BUFT 1, C4<000101>, C4<0>, C4<0>, C4<0>;
v000001eb05839fe0_0 .net/2u *"_ivl_4", 5 0, L_000001eb05864eb0;  1 drivers
v000001eb05838640_0 .net *"_ivl_6", 0 0, L_000001eb058d9020;  1 drivers
L_000001eb058d83a0 .concat [ 5 1 0 0], L_000001eb058d02e0, L_000001eb05864e68;
L_000001eb058d9020 .cmp/eq 6, L_000001eb058d83a0, L_000001eb05864eb0;
S_000001eb05840fa0 .scope generate, "gen_for_dec_5_32[6]" "gen_for_dec_5_32[6]" 7 7, 7 7 0, S_000001eb05840190;
 .timescale 0 0;
P_000001eb0579b780 .param/l "i" 0 7 7, +C4<0110>;
v000001eb05839900_0 .net *"_ivl_0", 5 0, L_000001eb058d7ea0;  1 drivers
L_000001eb05864ef8 .functor BUFT 1, C4<0>, C4<0>, C4<0>, C4<0>;
v000001eb0583a120_0 .net *"_ivl_3", 0 0, L_000001eb05864ef8;  1 drivers
L_000001eb05864f40 .functor BUFT 1, C4<000110>, C4<0>, C4<0>, C4<0>;
v000001eb05838dc0_0 .net/2u *"_ivl_4", 5 0, L_000001eb05864f40;  1 drivers
v000001eb058386e0_0 .net *"_ivl_6", 0 0, L_000001eb058d7a40;  1 drivers
L_000001eb058d7ea0 .concat [ 5 1 0 0], L_000001eb058d02e0, L_000001eb05864ef8;
L_000001eb058d7a40 .cmp/eq 6, L_000001eb058d7ea0, L_000001eb05864f40;
S_000001eb05840640 .scope generate, "gen_for_dec_5_32[7]" "gen_for_dec_5_32[7]" 7 7, 7 7 0, S_000001eb05840190;
 .timescale 0 0;
P_000001eb0579b740 .param/l "i" 0 7 7, +C4<0111>;
v000001eb05839ea0_0 .net *"_ivl_0", 5 0, L_000001eb058d90c0;  1 drivers
L_000001eb05864f88 .functor BUFT 1, C4<0>, C4<0>, C4<0>, C4<0>;
v000001eb05838000_0 .net *"_ivl_3", 0 0, L_000001eb05864f88;  1 drivers
L_000001eb05864fd0 .functor BUFT 1, C4<000111>, C4<0>, C4<0>, C4<0>;
v000001eb0583a260_0 .net/2u *"_ivl_4", 5 0, L_000001eb05864fd0;  1 drivers
v000001eb0583a300_0 .net *"_ivl_6", 0 0, L_000001eb058d9a20;  1 drivers
L_000001eb058d90c0 .concat [ 5 1 0 0], L_000001eb058d02e0, L_000001eb05864f88;
L_000001eb058d9a20 .cmp/eq 6, L_000001eb058d90c0, L_000001eb05864fd0;
S_000001eb05841450 .scope generate, "gen_for_dec_5_32[8]" "gen_for_dec_5_32[8]" 7 7, 7 7 0, S_000001eb05840190;
 .timescale 0 0;
P_000001eb0579bcc0 .param/l "i" 0 7 7, +C4<01000>;
v000001eb05838780_0 .net *"_ivl_0", 5 0, L_000001eb058d9840;  1 drivers
L_000001eb05865018 .functor BUFT 1, C4<0>, C4<0>, C4<0>, C4<0>;
v000001eb05839cc0_0 .net *"_ivl_3", 0 0, L_000001eb05865018;  1 drivers
L_000001eb05865060 .functor BUFT 1, C4<001000>, C4<0>, C4<0>, C4<0>;
v000001eb058397c0_0 .net/2u *"_ivl_4", 5 0, L_000001eb05865060;  1 drivers
v000001eb0583a440_0 .net *"_ivl_6", 0 0, L_000001eb058d8080;  1 drivers
L_000001eb058d9840 .concat [ 5 1 0 0], L_000001eb058d02e0, L_000001eb05865018;
L_000001eb058d8080 .cmp/eq 6, L_000001eb058d9840, L_000001eb05865060;
S_000001eb058415e0 .scope generate, "gen_for_dec_5_32[9]" "gen_for_dec_5_32[9]" 7 7, 7 7 0, S_000001eb05840190;
 .timescale 0 0;
P_000001eb0579aec0 .param/l "i" 0 7 7, +C4<01001>;
v000001eb05838960_0 .net *"_ivl_0", 5 0, L_000001eb058d95c0;  1 drivers
L_000001eb058650a8 .functor BUFT 1, C4<0>, C4<0>, C4<0>, C4<0>;
v000001eb05839e00_0 .net *"_ivl_3", 0 0, L_000001eb058650a8;  1 drivers
L_000001eb058650f0 .functor BUFT 1, C4<001001>, C4<0>, C4<0>, C4<0>;
v000001eb05839a40_0 .net/2u *"_ivl_4", 5 0, L_000001eb058650f0;  1 drivers
v000001eb05838e60_0 .net *"_ivl_6", 0 0, L_000001eb058d9d40;  1 drivers
L_000001eb058d95c0 .concat [ 5 1 0 0], L_000001eb058d02e0, L_000001eb058650a8;
L_000001eb058d9d40 .cmp/eq 6, L_000001eb058d95c0, L_000001eb058650f0;
S_000001eb05841770 .scope generate, "gen_for_dec_5_32[10]" "gen_for_dec_5_32[10]" 7 7, 7 7 0, S_000001eb05840190;
 .timescale 0 0;
P_000001eb0579ae40 .param/l "i" 0 7 7, +C4<01010>;
v000001eb05837ec0_0 .net *"_ivl_0", 5 0, L_000001eb058d92a0;  1 drivers
L_000001eb05865138 .functor BUFT 1, C4<0>, C4<0>, C4<0>, C4<0>;
v000001eb05838f00_0 .net *"_ivl_3", 0 0, L_000001eb05865138;  1 drivers
L_000001eb05865180 .functor BUFT 1, C4<001010>, C4<0>, C4<0>, C4<0>;
v000001eb05838140_0 .net/2u *"_ivl_4", 5 0, L_000001eb05865180;  1 drivers
v000001eb05838fa0_0 .net *"_ivl_6", 0 0, L_000001eb058d8e40;  1 drivers
L_000001eb058d92a0 .concat [ 5 1 0 0], L_000001eb058d02e0, L_000001eb05865138;
L_000001eb058d8e40 .cmp/eq 6, L_000001eb058d92a0, L_000001eb05865180;
S_000001eb058404b0 .scope generate, "gen_for_dec_5_32[11]" "gen_for_dec_5_32[11]" 7 7, 7 7 0, S_000001eb05840190;
 .timescale 0 0;
P_000001eb0579bc40 .param/l "i" 0 7 7, +C4<01011>;
v000001eb05838280_0 .net *"_ivl_0", 5 0, L_000001eb058d7ae0;  1 drivers
L_000001eb058651c8 .functor BUFT 1, C4<0>, C4<0>, C4<0>, C4<0>;
v000001eb05839040_0 .net *"_ivl_3", 0 0, L_000001eb058651c8;  1 drivers
L_000001eb05865210 .functor BUFT 1, C4<001011>, C4<0>, C4<0>, C4<0>;
v000001eb05838320_0 .net/2u *"_ivl_4", 5 0, L_000001eb05865210;  1 drivers
v000001eb05838a00_0 .net *"_ivl_6", 0 0, L_000001eb058d8b20;  1 drivers
L_000001eb058d7ae0 .concat [ 5 1 0 0], L_000001eb058d02e0, L_000001eb058651c8;
L_000001eb058d8b20 .cmp/eq 6, L_000001eb058d7ae0, L_000001eb05865210;
S_000001eb058407d0 .scope generate, "gen_for_dec_5_32[12]" "gen_for_dec_5_32[12]" 7 7, 7 7 0, S_000001eb05840190;
 .timescale 0 0;
P_000001eb0579af00 .param/l "i" 0 7 7, +C4<01100>;
v000001eb05838b40_0 .net *"_ivl_0", 5 0, L_000001eb058d9fc0;  1 drivers
L_000001eb05865258 .functor BUFT 1, C4<0>, C4<0>, C4<0>, C4<0>;
v000001eb05838aa0_0 .net *"_ivl_3", 0 0, L_000001eb05865258;  1 drivers
L_000001eb058652a0 .functor BUFT 1, C4<001100>, C4<0>, C4<0>, C4<0>;
v000001eb058390e0_0 .net/2u *"_ivl_4", 5 0, L_000001eb058652a0;  1 drivers
v000001eb0583b020_0 .net *"_ivl_6", 0 0, L_000001eb058da060;  1 drivers
L_000001eb058d9fc0 .concat [ 5 1 0 0], L_000001eb058d02e0, L_000001eb05865258;
L_000001eb058da060 .cmp/eq 6, L_000001eb058d9fc0, L_000001eb058652a0;
S_000001eb05840e10 .scope generate, "gen_for_dec_5_32[13]" "gen_for_dec_5_32[13]" 7 7, 7 7 0, S_000001eb05840190;
 .timescale 0 0;
P_000001eb0579af40 .param/l "i" 0 7 7, +C4<01101>;
v000001eb0583c2e0_0 .net *"_ivl_0", 5 0, L_000001eb058d9200;  1 drivers
L_000001eb058652e8 .functor BUFT 1, C4<0>, C4<0>, C4<0>, C4<0>;
v000001eb0583c420_0 .net *"_ivl_3", 0 0, L_000001eb058652e8;  1 drivers
L_000001eb05865330 .functor BUFT 1, C4<001101>, C4<0>, C4<0>, C4<0>;
v000001eb0583cc40_0 .net/2u *"_ivl_4", 5 0, L_000001eb05865330;  1 drivers
v000001eb0583af80_0 .net *"_ivl_6", 0 0, L_000001eb058d93e0;  1 drivers
L_000001eb058d9200 .concat [ 5 1 0 0], L_000001eb058d02e0, L_000001eb058652e8;
L_000001eb058d93e0 .cmp/eq 6, L_000001eb058d9200, L_000001eb05865330;
S_000001eb0583fce0 .scope generate, "gen_for_dec_5_32[14]" "gen_for_dec_5_32[14]" 7 7, 7 7 0, S_000001eb05840190;
 .timescale 0 0;
P_000001eb0579b180 .param/l "i" 0 7 7, +C4<01110>;
v000001eb0583bc00_0 .net *"_ivl_0", 5 0, L_000001eb058d8800;  1 drivers
L_000001eb05865378 .functor BUFT 1, C4<0>, C4<0>, C4<0>, C4<0>;
v000001eb0583c740_0 .net *"_ivl_3", 0 0, L_000001eb05865378;  1 drivers
L_000001eb058653c0 .functor BUFT 1, C4<001110>, C4<0>, C4<0>, C4<0>;
v000001eb0583c380_0 .net/2u *"_ivl_4", 5 0, L_000001eb058653c0;  1 drivers
v000001eb0583c240_0 .net *"_ivl_6", 0 0, L_000001eb058d9e80;  1 drivers
L_000001eb058d8800 .concat [ 5 1 0 0], L_000001eb058d02e0, L_000001eb05865378;
L_000001eb058d9e80 .cmp/eq 6, L_000001eb058d8800, L_000001eb058653c0;
S_000001eb0583fe70 .scope generate, "gen_for_dec_5_32[15]" "gen_for_dec_5_32[15]" 7 7, 7 7 0, S_000001eb05840190;
 .timescale 0 0;
P_000001eb0579b240 .param/l "i" 0 7 7, +C4<01111>;
v000001eb0583ba20_0 .net *"_ivl_0", 5 0, L_000001eb058d9980;  1 drivers
L_000001eb05865408 .functor BUFT 1, C4<0>, C4<0>, C4<0>, C4<0>;
v000001eb0583a800_0 .net *"_ivl_3", 0 0, L_000001eb05865408;  1 drivers
L_000001eb05865450 .functor BUFT 1, C4<001111>, C4<0>, C4<0>, C4<0>;
v000001eb0583ac60_0 .net/2u *"_ivl_4", 5 0, L_000001eb05865450;  1 drivers
v000001eb0583a6c0_0 .net *"_ivl_6", 0 0, L_000001eb058d8300;  1 drivers
L_000001eb058d9980 .concat [ 5 1 0 0], L_000001eb058d02e0, L_000001eb05865408;
L_000001eb058d8300 .cmp/eq 6, L_000001eb058d9980, L_000001eb05865450;
S_000001eb05840000 .scope generate, "gen_for_dec_5_32[16]" "gen_for_dec_5_32[16]" 7 7, 7 7 0, S_000001eb05840190;
 .timescale 0 0;
P_000001eb0579b640 .param/l "i" 0 7 7, +C4<010000>;
v000001eb0583c7e0_0 .net *"_ivl_0", 6 0, L_000001eb058d98e0;  1 drivers
L_000001eb05865498 .functor BUFT 1, C4<00>, C4<0>, C4<0>, C4<0>;
v000001eb0583ad00_0 .net *"_ivl_3", 1 0, L_000001eb05865498;  1 drivers
L_000001eb058654e0 .functor BUFT 1, C4<0010000>, C4<0>, C4<0>, C4<0>;
v000001eb0583ada0_0 .net/2u *"_ivl_4", 6 0, L_000001eb058654e0;  1 drivers
v000001eb0583bac0_0 .net *"_ivl_6", 0 0, L_000001eb058d7c20;  1 drivers
L_000001eb058d98e0 .concat [ 5 2 0 0], L_000001eb058d02e0, L_000001eb05865498;
L_000001eb058d7c20 .cmp/eq 7, L_000001eb058d98e0, L_000001eb058654e0;
S_000001eb058424c0 .scope generate, "gen_for_dec_5_32[17]" "gen_for_dec_5_32[17]" 7 7, 7 7 0, S_000001eb05840190;
 .timescale 0 0;
P_000001eb0579b800 .param/l "i" 0 7 7, +C4<010001>;
v000001eb0583ae40_0 .net *"_ivl_0", 6 0, L_000001eb058d8ee0;  1 drivers
L_000001eb05865528 .functor BUFT 1, C4<00>, C4<0>, C4<0>, C4<0>;
v000001eb0583c4c0_0 .net *"_ivl_3", 1 0, L_000001eb05865528;  1 drivers
L_000001eb05865570 .functor BUFT 1, C4<0010001>, C4<0>, C4<0>, C4<0>;
v000001eb0583bde0_0 .net/2u *"_ivl_4", 6 0, L_000001eb05865570;  1 drivers
v000001eb0583c6a0_0 .net *"_ivl_6", 0 0, L_000001eb058d7fe0;  1 drivers
L_000001eb058d8ee0 .concat [ 5 2 0 0], L_000001eb058d02e0, L_000001eb05865528;
L_000001eb058d7fe0 .cmp/eq 7, L_000001eb058d8ee0, L_000001eb05865570;
S_000001eb058427e0 .scope generate, "gen_for_dec_5_32[18]" "gen_for_dec_5_32[18]" 7 7, 7 7 0, S_000001eb05840190;
 .timescale 0 0;
P_000001eb0579bbc0 .param/l "i" 0 7 7, +C4<010010>;
v000001eb0583bca0_0 .net *"_ivl_0", 6 0, L_000001eb058d8120;  1 drivers
L_000001eb058655b8 .functor BUFT 1, C4<00>, C4<0>, C4<0>, C4<0>;
v000001eb0583c920_0 .net *"_ivl_3", 1 0, L_000001eb058655b8;  1 drivers
L_000001eb05865600 .functor BUFT 1, C4<0010010>, C4<0>, C4<0>, C4<0>;
v000001eb0583bb60_0 .net/2u *"_ivl_4", 6 0, L_000001eb05865600;  1 drivers
v000001eb0583c560_0 .net *"_ivl_6", 0 0, L_000001eb058d9b60;  1 drivers
L_000001eb058d8120 .concat [ 5 2 0 0], L_000001eb058d02e0, L_000001eb058655b8;
L_000001eb058d9b60 .cmp/eq 7, L_000001eb058d8120, L_000001eb05865600;
S_000001eb05841e80 .scope generate, "gen_for_dec_5_32[19]" "gen_for_dec_5_32[19]" 7 7, 7 7 0, S_000001eb05840190;
 .timescale 0 0;
P_000001eb0579b880 .param/l "i" 0 7 7, +C4<010011>;
v000001eb0583a760_0 .net *"_ivl_0", 6 0, L_000001eb058d8a80;  1 drivers
L_000001eb05865648 .functor BUFT 1, C4<00>, C4<0>, C4<0>, C4<0>;
v000001eb0583aee0_0 .net *"_ivl_3", 1 0, L_000001eb05865648;  1 drivers
L_000001eb05865690 .functor BUFT 1, C4<0010011>, C4<0>, C4<0>, C4<0>;
v000001eb0583ab20_0 .net/2u *"_ivl_4", 6 0, L_000001eb05865690;  1 drivers
v000001eb0583b480_0 .net *"_ivl_6", 0 0, L_000001eb058d7d60;  1 drivers
L_000001eb058d8a80 .concat [ 5 2 0 0], L_000001eb058d02e0, L_000001eb05865648;
L_000001eb058d7d60 .cmp/eq 7, L_000001eb058d8a80, L_000001eb05865690;
S_000001eb058421a0 .scope generate, "gen_for_dec_5_32[20]" "gen_for_dec_5_32[20]" 7 7, 7 7 0, S_000001eb05840190;
 .timescale 0 0;
P_000001eb0579b940 .param/l "i" 0 7 7, +C4<010100>;
v000001eb0583b520_0 .net *"_ivl_0", 6 0, L_000001eb058d8940;  1 drivers
L_000001eb058656d8 .functor BUFT 1, C4<00>, C4<0>, C4<0>, C4<0>;
v000001eb0583be80_0 .net *"_ivl_3", 1 0, L_000001eb058656d8;  1 drivers
L_000001eb05865720 .functor BUFT 1, C4<0010100>, C4<0>, C4<0>, C4<0>;
v000001eb0583c9c0_0 .net/2u *"_ivl_4", 6 0, L_000001eb05865720;  1 drivers
v000001eb0583b0c0_0 .net *"_ivl_6", 0 0, L_000001eb058d8f80;  1 drivers
L_000001eb058d8940 .concat [ 5 2 0 0], L_000001eb058d02e0, L_000001eb058656d8;
L_000001eb058d8f80 .cmp/eq 7, L_000001eb058d8940, L_000001eb05865720;
S_000001eb05843780 .scope generate, "gen_for_dec_5_32[21]" "gen_for_dec_5_32[21]" 7 7, 7 7 0, S_000001eb05840190;
 .timescale 0 0;
P_000001eb0579b280 .param/l "i" 0 7 7, +C4<010101>;
v000001eb0583c1a0_0 .net *"_ivl_0", 6 0, L_000001eb058d9ac0;  1 drivers
L_000001eb05865768 .functor BUFT 1, C4<00>, C4<0>, C4<0>, C4<0>;
v000001eb0583abc0_0 .net *"_ivl_3", 1 0, L_000001eb05865768;  1 drivers
L_000001eb058657b0 .functor BUFT 1, C4<0010101>, C4<0>, C4<0>, C4<0>;
v000001eb0583b3e0_0 .net/2u *"_ivl_4", 6 0, L_000001eb058657b0;  1 drivers
v000001eb0583c060_0 .net *"_ivl_6", 0 0, L_000001eb058d9160;  1 drivers
L_000001eb058d9ac0 .concat [ 5 2 0 0], L_000001eb058d02e0, L_000001eb05865768;
L_000001eb058d9160 .cmp/eq 7, L_000001eb058d9ac0, L_000001eb058657b0;
S_000001eb05842330 .scope generate, "gen_for_dec_5_32[22]" "gen_for_dec_5_32[22]" 7 7, 7 7 0, S_000001eb05840190;
 .timescale 0 0;
P_000001eb0579b680 .param/l "i" 0 7 7, +C4<010110>;
v000001eb0583b160_0 .net *"_ivl_0", 6 0, L_000001eb058d9c00;  1 drivers
L_000001eb058657f8 .functor BUFT 1, C4<00>, C4<0>, C4<0>, C4<0>;
v000001eb0583aa80_0 .net *"_ivl_3", 1 0, L_000001eb058657f8;  1 drivers
L_000001eb05865840 .functor BUFT 1, C4<0010110>, C4<0>, C4<0>, C4<0>;
v000001eb0583bd40_0 .net/2u *"_ivl_4", 6 0, L_000001eb05865840;  1 drivers
v000001eb0583b200_0 .net *"_ivl_6", 0 0, L_000001eb058d86c0;  1 drivers
L_000001eb058d9c00 .concat [ 5 2 0 0], L_000001eb058d02e0, L_000001eb058657f8;
L_000001eb058d86c0 .cmp/eq 7, L_000001eb058d9c00, L_000001eb05865840;
S_000001eb05843910 .scope generate, "gen_for_dec_5_32[23]" "gen_for_dec_5_32[23]" 7 7, 7 7 0, S_000001eb05840190;
 .timescale 0 0;
P_000001eb0579b2c0 .param/l "i" 0 7 7, +C4<010111>;
v000001eb0583b2a0_0 .net *"_ivl_0", 6 0, L_000001eb058d7b80;  1 drivers
L_000001eb05865888 .functor BUFT 1, C4<00>, C4<0>, C4<0>, C4<0>;
v000001eb0583a620_0 .net *"_ivl_3", 1 0, L_000001eb05865888;  1 drivers
L_000001eb058658d0 .functor BUFT 1, C4<0010111>, C4<0>, C4<0>, C4<0>;
v000001eb0583c600_0 .net/2u *"_ivl_4", 6 0, L_000001eb058658d0;  1 drivers
v000001eb0583cba0_0 .net *"_ivl_6", 0 0, L_000001eb058d8760;  1 drivers
L_000001eb058d7b80 .concat [ 5 2 0 0], L_000001eb058d02e0, L_000001eb05865888;
L_000001eb058d8760 .cmp/eq 7, L_000001eb058d7b80, L_000001eb058658d0;
S_000001eb05843460 .scope generate, "gen_for_dec_5_32[24]" "gen_for_dec_5_32[24]" 7 7, 7 7 0, S_000001eb05840190;
 .timescale 0 0;
P_000001eb0579b9c0 .param/l "i" 0 7 7, +C4<011000>;
v000001eb0583c880_0 .net *"_ivl_0", 6 0, L_000001eb058d9480;  1 drivers
L_000001eb05865918 .functor BUFT 1, C4<00>, C4<0>, C4<0>, C4<0>;
v000001eb0583b340_0 .net *"_ivl_3", 1 0, L_000001eb05865918;  1 drivers
L_000001eb05865960 .functor BUFT 1, C4<0011000>, C4<0>, C4<0>, C4<0>;
v000001eb0583ca60_0 .net/2u *"_ivl_4", 6 0, L_000001eb05865960;  1 drivers
v000001eb0583cb00_0 .net *"_ivl_6", 0 0, L_000001eb058d7900;  1 drivers
L_000001eb058d9480 .concat [ 5 2 0 0], L_000001eb058d02e0, L_000001eb05865918;
L_000001eb058d7900 .cmp/eq 7, L_000001eb058d9480, L_000001eb05865960;
S_000001eb058435f0 .scope generate, "gen_for_dec_5_32[25]" "gen_for_dec_5_32[25]" 7 7, 7 7 0, S_000001eb05840190;
 .timescale 0 0;
P_000001eb0579b300 .param/l "i" 0 7 7, +C4<011001>;
v000001eb0583a8a0_0 .net *"_ivl_0", 6 0, L_000001eb058d89e0;  1 drivers
L_000001eb058659a8 .functor BUFT 1, C4<00>, C4<0>, C4<0>, C4<0>;
v000001eb0583a4e0_0 .net *"_ivl_3", 1 0, L_000001eb058659a8;  1 drivers
L_000001eb058659f0 .functor BUFT 1, C4<0011001>, C4<0>, C4<0>, C4<0>;
v000001eb0583b5c0_0 .net/2u *"_ivl_4", 6 0, L_000001eb058659f0;  1 drivers
v000001eb0583a580_0 .net *"_ivl_6", 0 0, L_000001eb058d97a0;  1 drivers
L_000001eb058d89e0 .concat [ 5 2 0 0], L_000001eb058d02e0, L_000001eb058659a8;
L_000001eb058d97a0 .cmp/eq 7, L_000001eb058d89e0, L_000001eb058659f0;
S_000001eb05842650 .scope generate, "gen_for_dec_5_32[26]" "gen_for_dec_5_32[26]" 7 7, 7 7 0, S_000001eb05840190;
 .timescale 0 0;
P_000001eb0579b440 .param/l "i" 0 7 7, +C4<011010>;
v000001eb0583b980_0 .net *"_ivl_0", 6 0, L_000001eb058d9ca0;  1 drivers
L_000001eb05865a38 .functor BUFT 1, C4<00>, C4<0>, C4<0>, C4<0>;
v000001eb0583b660_0 .net *"_ivl_3", 1 0, L_000001eb05865a38;  1 drivers
L_000001eb05865a80 .functor BUFT 1, C4<0011010>, C4<0>, C4<0>, C4<0>;
v000001eb0583b700_0 .net/2u *"_ivl_4", 6 0, L_000001eb05865a80;  1 drivers
v000001eb0583a940_0 .net *"_ivl_6", 0 0, L_000001eb058d9340;  1 drivers
L_000001eb058d9ca0 .concat [ 5 2 0 0], L_000001eb058d02e0, L_000001eb05865a38;
L_000001eb058d9340 .cmp/eq 7, L_000001eb058d9ca0, L_000001eb05865a80;
S_000001eb05842970 .scope generate, "gen_for_dec_5_32[27]" "gen_for_dec_5_32[27]" 7 7, 7 7 0, S_000001eb05840190;
 .timescale 0 0;
P_000001eb0579ba00 .param/l "i" 0 7 7, +C4<011011>;
v000001eb0583a9e0_0 .net *"_ivl_0", 6 0, L_000001eb058d9de0;  1 drivers
L_000001eb05865ac8 .functor BUFT 1, C4<00>, C4<0>, C4<0>, C4<0>;
v000001eb0583b7a0_0 .net *"_ivl_3", 1 0, L_000001eb05865ac8;  1 drivers
L_000001eb05865b10 .functor BUFT 1, C4<0011011>, C4<0>, C4<0>, C4<0>;
v000001eb0583b840_0 .net/2u *"_ivl_4", 6 0, L_000001eb05865b10;  1 drivers
v000001eb0583b8e0_0 .net *"_ivl_6", 0 0, L_000001eb058d9520;  1 drivers
L_000001eb058d9de0 .concat [ 5 2 0 0], L_000001eb058d02e0, L_000001eb05865ac8;
L_000001eb058d9520 .cmp/eq 7, L_000001eb058d9de0, L_000001eb05865b10;
S_000001eb05842b00 .scope generate, "gen_for_dec_5_32[28]" "gen_for_dec_5_32[28]" 7 7, 7 7 0, S_000001eb05840190;
 .timescale 0 0;
P_000001eb0579b480 .param/l "i" 0 7 7, +C4<011100>;
v000001eb0583bf20_0 .net *"_ivl_0", 6 0, L_000001eb058d9660;  1 drivers
L_000001eb05865b58 .functor BUFT 1, C4<00>, C4<0>, C4<0>, C4<0>;
v000001eb0583bfc0_0 .net *"_ivl_3", 1 0, L_000001eb05865b58;  1 drivers
L_000001eb05865ba0 .functor BUFT 1, C4<0011100>, C4<0>, C4<0>, C4<0>;
v000001eb0583c100_0 .net/2u *"_ivl_4", 6 0, L_000001eb05865ba0;  1 drivers
v000001eb0583e040_0 .net *"_ivl_6", 0 0, L_000001eb058d88a0;  1 drivers
L_000001eb058d9660 .concat [ 5 2 0 0], L_000001eb058d02e0, L_000001eb05865b58;
L_000001eb058d88a0 .cmp/eq 7, L_000001eb058d9660, L_000001eb05865ba0;
S_000001eb05843aa0 .scope generate, "gen_for_dec_5_32[29]" "gen_for_dec_5_32[29]" 7 7, 7 7 0, S_000001eb05840190;
 .timescale 0 0;
P_000001eb0579b840 .param/l "i" 0 7 7, +C4<011101>;
v000001eb0583e900_0 .net *"_ivl_0", 6 0, L_000001eb058d9f20;  1 drivers
L_000001eb05865be8 .functor BUFT 1, C4<00>, C4<0>, C4<0>, C4<0>;
v000001eb0583f300_0 .net *"_ivl_3", 1 0, L_000001eb05865be8;  1 drivers
L_000001eb05865c30 .functor BUFT 1, C4<0011101>, C4<0>, C4<0>, C4<0>;
v000001eb0583ce20_0 .net/2u *"_ivl_4", 6 0, L_000001eb05865c30;  1 drivers
v000001eb0583e7c0_0 .net *"_ivl_6", 0 0, L_000001eb058d9700;  1 drivers
L_000001eb058d9f20 .concat [ 5 2 0 0], L_000001eb058d02e0, L_000001eb05865be8;
L_000001eb058d9700 .cmp/eq 7, L_000001eb058d9f20, L_000001eb05865c30;
S_000001eb05842fb0 .scope generate, "gen_for_dec_5_32[30]" "gen_for_dec_5_32[30]" 7 7, 7 7 0, S_000001eb05840190;
 .timescale 0 0;
P_000001eb0579ba80 .param/l "i" 0 7 7, +C4<011110>;
v000001eb0583e860_0 .net *"_ivl_0", 6 0, L_000001eb058d7f40;  1 drivers
L_000001eb05865c78 .functor BUFT 1, C4<00>, C4<0>, C4<0>, C4<0>;
v000001eb0583f080_0 .net *"_ivl_3", 1 0, L_000001eb05865c78;  1 drivers
L_000001eb05865cc0 .functor BUFT 1, C4<0011110>, C4<0>, C4<0>, C4<0>;
v000001eb0583d320_0 .net/2u *"_ivl_4", 6 0, L_000001eb05865cc0;  1 drivers
v000001eb0583f260_0 .net *"_ivl_6", 0 0, L_000001eb058d84e0;  1 drivers
L_000001eb058d7f40 .concat [ 5 2 0 0], L_000001eb058d02e0, L_000001eb05865c78;
L_000001eb058d84e0 .cmp/eq 7, L_000001eb058d7f40, L_000001eb05865cc0;
S_000001eb05842c90 .scope generate, "gen_for_dec_5_32[31]" "gen_for_dec_5_32[31]" 7 7, 7 7 0, S_000001eb05840190;
 .timescale 0 0;
P_000001eb0579bac0 .param/l "i" 0 7 7, +C4<011111>;
v000001eb0583e5e0_0 .net *"_ivl_0", 6 0, L_000001eb058d79a0;  1 drivers
L_000001eb05865d08 .functor BUFT 1, C4<00>, C4<0>, C4<0>, C4<0>;
v000001eb0583dd20_0 .net *"_ivl_3", 1 0, L_000001eb05865d08;  1 drivers
L_000001eb05865d50 .functor BUFT 1, C4<0011111>, C4<0>, C4<0>, C4<0>;
v000001eb0583ecc0_0 .net/2u *"_ivl_4", 6 0, L_000001eb05865d50;  1 drivers
v000001eb0583ed60_0 .net *"_ivl_6", 0 0, L_000001eb058d7cc0;  1 drivers
L_000001eb058d79a0 .concat [ 5 2 0 0], L_000001eb058d02e0, L_000001eb05865d08;
L_000001eb058d7cc0 .cmp/eq 7, L_000001eb058d79a0, L_000001eb05865d50;
S_000001eb05841cf0 .scope module, "u_regfile" "regfile" 2 331, 8 1 0, S_000001eb0533c830;
 .timescale 0 0;
    .port_info 0 /INPUT 1 "clk";
    .port_info 1 /INPUT 5 "raddr1";
    .port_info 2 /OUTPUT 32 "rdata1";
    .port_info 3 /INPUT 5 "raddr2";
    .port_info 4 /OUTPUT 32 "rdata2";
    .port_info 5 /INPUT 1 "we";
    .port_info 6 /INPUT 5 "waddr";
    .port_info 7 /INPUT 32 "wdata";
L_000001eb05866020 .functor BUFT 1, C4<00000>, C4<0>, C4<0>, C4<0>;
v000001eb0583d960_0 .net/2u *"_ivl_0", 4 0, L_000001eb05866020;  1 drivers
L_000001eb058660b0 .functor BUFT 1, C4<00>, C4<0>, C4<0>, C4<0>;
v000001eb0583d0a0_0 .net *"_ivl_11", 1 0, L_000001eb058660b0;  1 drivers
L_000001eb058660f8 .functor BUFT 1, C4<00000>, C4<0>, C4<0>, C4<0>;
v000001eb0583ec20_0 .net/2u *"_ivl_14", 4 0, L_000001eb058660f8;  1 drivers
v000001eb0583cd80_0 .net *"_ivl_16", 0 0, L_000001eb058defc0;  1 drivers
L_000001eb05866140 .functor BUFT 1, C4<00000000000000000000000000000000>, C4<0>, C4<0>, C4<0>;
v000001eb0583d460_0 .net/2u *"_ivl_18", 31 0, L_000001eb05866140;  1 drivers
v000001eb0583d000_0 .net *"_ivl_2", 0 0, L_000001eb058de340;  1 drivers
v000001eb0583df00_0 .net *"_ivl_20", 31 0, L_000001eb058dd9e0;  1 drivers
v000001eb0583e180_0 .net *"_ivl_22", 6 0, L_000001eb058de5c0;  1 drivers
L_000001eb05866188 .functor BUFT 1, C4<00>, C4<0>, C4<0>, C4<0>;
v000001eb0583e9a0_0 .net *"_ivl_25", 1 0, L_000001eb05866188;  1 drivers
L_000001eb05866068 .functor BUFT 1, C4<00000000000000000000000000000000>, C4<0>, C4<0>, C4<0>;
v000001eb0583d3c0_0 .net/2u *"_ivl_4", 31 0, L_000001eb05866068;  1 drivers
v000001eb0583f3a0_0 .net *"_ivl_6", 31 0, L_000001eb058ddee0;  1 drivers
v000001eb0583f1c0_0 .net *"_ivl_8", 6 0, L_000001eb058de520;  1 drivers
v000001eb0583d5a0_0 .net "clk", 0 0, o000001eb057cee48;  alias, 0 drivers
v000001eb0583e0e0_0 .net "raddr1", 4 0, L_000001eb058c6260;  alias, 1 drivers
v000001eb0583daa0_0 .net "raddr2", 4 0, L_000001eb058def20;  alias, 1 drivers
v000001eb0583de60_0 .net "rdata1", 31 0, L_000001eb058ddf80;  alias, 1 drivers
v000001eb0583e540_0 .net "rdata2", 31 0, L_000001eb058df060;  alias, 1 drivers
v000001eb0583d140 .array "rf", 0 31, 31 0;
v000001eb0583d1e0_0 .net "waddr", 4 0, L_000001eb058e5230;  alias, 1 drivers
v000001eb0583dfa0_0 .net "wdata", 31 0, L_000001eb058e52a0;  alias, 1 drivers
v000001eb0583f440_0 .net "we", 0 0, L_000001eb058e51c0;  alias, 1 drivers
E_000001eb0579b4c0 .event posedge, v000001eb0583d5a0_0;
L_000001eb058de340 .cmp/eq 5, L_000001eb058c6260, L_000001eb05866020;
L_000001eb058ddee0 .array/port v000001eb0583d140, L_000001eb058de520;
L_000001eb058de520 .concat [ 5 2 0 0], L_000001eb058c6260, L_000001eb058660b0;
L_000001eb058ddf80 .functor MUXZ 32, L_000001eb058ddee0, L_000001eb05866068, L_000001eb058de340, C4<>;
L_000001eb058defc0 .cmp/eq 5, L_000001eb058def20, L_000001eb058660f8;
L_000001eb058dd9e0 .array/port v000001eb0583d140, L_000001eb058de5c0;
L_000001eb058de5c0 .concat [ 5 2 0 0], L_000001eb058def20, L_000001eb05866188;
L_000001eb058df060 .functor MUXZ 32, L_000001eb058dd9e0, L_000001eb05866140, L_000001eb058defc0, C4<>;
    .scope S_000001eb05841cf0;
T_0 ;
    %wait E_000001eb0579b4c0;
    %load/vec4 v000001eb0583f440_0;
    %flag_set/vec4 8;
    %jmp/0xz  T_0.0, 8;
    %load/vec4 v000001eb0583dfa0_0;
    %load/vec4 v000001eb0583d1e0_0;
    %pad/u 7;
    %ix/vec4 3;
    %ix/load 4, 0, 0; Constant delay
    %assign/vec4/a/d v000001eb0583d140, 0, 4;
T_0.0 ;
    %jmp T_0;
    .thread T_0;
    .scope S_000001eb0533c830;
T_1 ;
    %wait E_000001eb0579b4c0;
    %load/vec4 v000001eb0585d350_0;
    %inv;
    %assign/vec4 v000001eb0585cf90_0, 0;
    %jmp T_1;
    .thread T_1;
    .scope S_000001eb0533c830;
T_2 ;
    %wait E_000001eb0579b4c0;
    %load/vec4 v000001eb0585cf90_0;
    %flag_set/vec4 8;
    %jmp/0xz  T_2.0, 8;
    %pushi/vec4 469762044, 0, 32;
    %assign/vec4 v000001eb0585b730_0, 0;
    %pushi/vec4 0, 0, 1;
    %assign/vec4 v000001eb05859430_0, 0;
    %pushi/vec4 0, 0, 32;
    %assign/vec4 v000001eb058594d0_0, 0;
    %jmp T_2.1;
T_2.0 ;
    %pushi/vec4 1, 0, 1;
    %assign/vec4 v000001eb05859430_0, 0;
    %load/vec4 v000001eb0585b370_0;
    %nor/r;
    %flag_set/vec4 8;
    %jmp/0xz  T_2.2, 8;
    %load/vec4 v000001eb0585cc70_0;
    %assign/vec4 v000001eb0585b730_0, 0;
T_2.2 ;
    %load/vec4 v000001eb0585cc70_0;
    %assign/vec4 v000001eb058594d0_0, 0;
T_2.1 ;
    %jmp T_2;
    .thread T_2;
    .scope S_000001eb0533c830;
T_3 ;
    %wait E_000001eb0579b4c0;
    %load/vec4 v000001eb0585cf90_0;
    %flag_set/vec4 8;
    %jmp/0xz  T_3.0, 8;
    %pushi/vec4 0, 0, 32;
    %assign/vec4 v000001eb0583da00_0, 0;
    %pushi/vec4 0, 0, 32;
    %assign/vec4 v000001eb0583d8c0_0, 0;
    %pushi/vec4 0, 0, 1;
    %assign/vec4 v000001eb0583db40_0, 0;
    %jmp T_3.1;
T_3.0 ;
    %load/vec4 v000001eb0585b370_0;
    %flag_set/vec4 8;
    %jmp/0xz  T_3.2, 8;
    %jmp T_3.3;
T_3.2 ;
    %load/vec4 v000001eb0585b0f0_0;
    %flag_set/vec4 8;
    %jmp/0xz  T_3.4, 8;
    %pushi/vec4 0, 0, 32;
    %assign/vec4 v000001eb0583da00_0, 0;
    %pushi/vec4 0, 0, 32;
    %assign/vec4 v000001eb0583d8c0_0, 0;
    %pushi/vec4 0, 0, 1;
    %assign/vec4 v000001eb0583db40_0, 0;
    %jmp T_3.5;
T_3.4 ;
    %load/vec4 v000001eb058594d0_0;
    %assign/vec4 v000001eb0583da00_0, 0;
    %load/vec4 v000001eb0585c590_0;
    %assign/vec4 v000001eb0583d8c0_0, 0;
    %load/vec4 v000001eb05859430_0;
    %assign/vec4 v000001eb0583db40_0, 0;
T_3.5 ;
T_3.3 ;
T_3.1 ;
    %jmp T_3;
    .thread T_3;
    .scope S_000001eb0533c830;
T_4 ;
    %wait E_000001eb0579b4c0;
    %load/vec4 v000001eb0585cf90_0;
    %flag_set/vec4 8;
    %jmp/1 T_4.2, 8;
    %load/vec4 v000001eb0585b370_0;
    %flag_set/vec4 9;
    %flag_or 8, 9;
T_4.2;
    %jmp/0xz  T_4.0, 8;
    %pushi/vec4 0, 0, 32;
    %assign/vec4 v000001eb0583e680_0, 0;
    %pushi/vec4 0, 0, 12;
    %assign/vec4 v000001eb0583e400_0, 0;
    %pushi/vec4 0, 0, 1;
    %assign/vec4 v000001eb0583e720_0, 0;
    %pushi/vec4 0, 0, 1;
    %assign/vec4 v000001eb0583d500_0, 0;
    %pushi/vec4 0, 0, 1;
    %assign/vec4 v000001eb0583cf60_0, 0;
    %pushi/vec4 0, 0, 1;
    %assign/vec4 v000001eb0583ef40_0, 0;
    %pushi/vec4 0, 0, 1;
    %assign/vec4 v000001eb0583d280_0, 0;
    %pushi/vec4 0, 0, 5;
    %assign/vec4 v000001eb0583d640_0, 0;
    %pushi/vec4 0, 0, 32;
    %assign/vec4 v000001eb0583d780_0, 0;
    %pushi/vec4 0, 0, 32;
    %assign/vec4 v000001eb0583ee00_0, 0;
    %pushi/vec4 0, 0, 32;
    %assign/vec4 v000001eb0583ea40_0, 0;
    %pushi/vec4 0, 0, 1;
    %assign/vec4 v000001eb0583d820_0, 0;
    %jmp T_4.1;
T_4.0 ;
    %load/vec4 v000001eb0583da00_0;
    %assign/vec4 v000001eb0583e680_0, 0;
    %load/vec4 v000001eb0585ab50_0;
    %assign/vec4 v000001eb0583e400_0, 0;
    %load/vec4 v000001eb0585b870_0;
    %assign/vec4 v000001eb0583e720_0, 0;
    %load/vec4 v000001eb0585baf0_0;
    %assign/vec4 v000001eb0583d500_0, 0;
    %load/vec4 v000001eb0585c1d0_0;
    %assign/vec4 v000001eb0583cf60_0, 0;
    %load/vec4 v000001eb0585add0_0;
    %assign/vec4 v000001eb0583ef40_0, 0;
    %load/vec4 v000001eb0585d530_0;
    %assign/vec4 v000001eb0583d280_0, 0;
    %load/vec4 v000001eb05859b10_0;
    %assign/vec4 v000001eb0583d640_0, 0;
    %load/vec4 v000001eb0585c270_0;
    %assign/vec4 v000001eb0583d780_0, 0;
    %load/vec4 v000001eb0585ca90_0;
    %assign/vec4 v000001eb0583ee00_0, 0;
    %load/vec4 v000001eb05859390_0;
    %assign/vec4 v000001eb0583ea40_0, 0;
    %load/vec4 v000001eb0583db40_0;
    %assign/vec4 v000001eb0583d820_0, 0;
T_4.1 ;
    %jmp T_4;
    .thread T_4;
    .scope S_000001eb0533c830;
T_5 ;
    %wait E_000001eb0579b4c0;
    %load/vec4 v000001eb0585cf90_0;
    %flag_set/vec4 8;
    %jmp/0xz  T_5.0, 8;
    %pushi/vec4 0, 0, 32;
    %assign/vec4 v000001eb0583e2c0_0, 0;
    %pushi/vec4 0, 0, 1;
    %assign/vec4 v000001eb0583cce0_0, 0;
    %pushi/vec4 0, 0, 1;
    %assign/vec4 v000001eb0583d6e0_0, 0;
    %pushi/vec4 0, 0, 1;
    %assign/vec4 v000001eb0583f120_0, 0;
    %pushi/vec4 0, 0, 5;
    %assign/vec4 v000001eb0583e220_0, 0;
    %pushi/vec4 0, 0, 32;
    %assign/vec4 v000001eb0583eea0_0, 0;
    %pushi/vec4 0, 0, 32;
    %assign/vec4 v000001eb0583e360_0, 0;
    %pushi/vec4 0, 0, 1;
    %assign/vec4 v000001eb0583cec0_0, 0;
    %jmp T_5.1;
T_5.0 ;
    %load/vec4 v000001eb0583e680_0;
    %assign/vec4 v000001eb0583e2c0_0, 0;
    %load/vec4 v000001eb0583cf60_0;
    %assign/vec4 v000001eb0583cce0_0, 0;
    %load/vec4 v000001eb0583ef40_0;
    %assign/vec4 v000001eb0583d6e0_0, 0;
    %load/vec4 v000001eb0583d280_0;
    %assign/vec4 v000001eb0583f120_0, 0;
    %load/vec4 v000001eb0583d640_0;
    %assign/vec4 v000001eb0583e220_0, 0;
    %load/vec4 v000001eb0585a6f0_0;
    %assign/vec4 v000001eb0583eea0_0, 0;
    %load/vec4 v000001eb0583ee00_0;
    %assign/vec4 v000001eb0583e360_0, 0;
    %load/vec4 v000001eb0583d820_0;
    %assign/vec4 v000001eb0583cec0_0, 0;
T_5.1 ;
    %jmp T_5;
    .thread T_5;
    .scope S_000001eb0533c830;
T_6 ;
    %wait E_000001eb0579b4c0;
    %load/vec4 v000001eb0585cf90_0;
    %flag_set/vec4 8;
    %jmp/0xz  T_6.0, 8;
    %pushi/vec4 0, 0, 32;
    %assign/vec4 v000001eb0583eb80_0, 0;
    %pushi/vec4 0, 0, 1;
    %assign/vec4 v000001eb05849b20_0, 0;
    %pushi/vec4 0, 0, 1;
    %assign/vec4 v000001eb0583efe0_0, 0;
    %pushi/vec4 0, 0, 5;
    %assign/vec4 v000001eb0583dbe0_0, 0;
    %pushi/vec4 0, 0, 32;
    %assign/vec4 v000001eb0583eae0_0, 0;
    %pushi/vec4 0, 0, 32;
    %assign/vec4 v000001eb0583dc80_0, 0;
    %pushi/vec4 0, 0, 1;
    %assign/vec4 v000001eb05849e40_0, 0;
    %jmp T_6.1;
T_6.0 ;
    %load/vec4 v000001eb0583e2c0_0;
    %assign/vec4 v000001eb0583eb80_0, 0;
    %load/vec4 v000001eb0583cce0_0;
    %assign/vec4 v000001eb05849b20_0, 0;
    %load/vec4 v000001eb0583d6e0_0;
    %assign/vec4 v000001eb0583efe0_0, 0;
    %load/vec4 v000001eb0583e220_0;
    %assign/vec4 v000001eb0583dbe0_0, 0;
    %load/vec4 v000001eb0583eea0_0;
    %assign/vec4 v000001eb0583eae0_0, 0;
    %load/vec4 v000001eb05859570_0;
    %assign/vec4 v000001eb0583dc80_0, 0;
    %load/vec4 v000001eb0583cec0_0;
    %assign/vec4 v000001eb05849e40_0, 0;
T_6.1 ;
    %jmp T_6;
    .thread T_6;
# The file index is used to find the file name in the following table.
:file_names 9;
    "N/A";
    "<interactive>";
    ".\mycpu_env\myCPU\mycpu_top.v";
    ".\mycpu_env\myCPU\alu.v";
    ".\mycpu_env\myCPU\decoder_6_64.v";
    ".\mycpu_env\myCPU\decoder_4_16.v";
    ".\mycpu_env\myCPU\decoder_2_4.v";
    ".\mycpu_env\myCPU\decoder_5_32.v";
    ".\mycpu_env\myCPU\regfile.v";
