#! /c/Source/iverilog-install/bin/vvp
:ivl_version "12.0 (devel)" "(s20150603-1539-g2693dd32b)";
:ivl_delay_selection "TYPICAL";
:vpi_time_precision + 0;
:vpi_module "I:\study\Verilog_shudian\iverilog\lib\ivl\system.vpi";
:vpi_module "I:\study\Verilog_shudian\iverilog\lib\ivl\vhdl_sys.vpi";
:vpi_module "I:\study\Verilog_shudian\iverilog\lib\ivl\vhdl_textio.vpi";
:vpi_module "I:\study\Verilog_shudian\iverilog\lib\ivl\v2005_math.vpi";
:vpi_module "I:\study\Verilog_shudian\iverilog\lib\ivl\va_math.vpi";
:vpi_module "I:\study\Verilog_shudian\iverilog\lib\ivl\v2009.vpi";
S_00000195c868daf0 .scope package, "$unit" "$unit" 2 1;
 .timescale 0 0;
S_00000195c868dc80 .scope module, "mycpu_top" "mycpu_top" 3 1;
 .timescale 0 0;
    .port_info 0 /INPUT 1 "clk";
    .port_info 1 /INPUT 1 "resetn";
    .port_info 2 /OUTPUT 1 "inst_sram_en";
    .port_info 3 /OUTPUT 4 "inst_sram_we";
    .port_info 4 /OUTPUT 32 "inst_sram_addr";
    .port_info 5 /OUTPUT 32 "inst_sram_wdata";
    .port_info 6 /INPUT 32 "inst_sram_rdata";
    .port_info 7 /OUTPUT 1 "data_sram_en";
    .port_info 8 /OUTPUT 4 "data_sram_we";
    .port_info 9 /OUTPUT 32 "data_sram_addr";
    .port_info 10 /OUTPUT 32 "data_sram_wdata";
    .port_info 11 /INPUT 32 "data_sram_rdata";
    .port_info 12 /OUTPUT 32 "debug_wb_pc";
    .port_info 13 /OUTPUT 4 "debug_wb_rf_we";
    .port_info 14 /OUTPUT 5 "debug_wb_rf_wnum";
    .port_info 15 /OUTPUT 32 "debug_wb_rf_wdata";
L_00000195c8b8e7f0 .functor BUFZ 32, L_00000195c8ce20f0, C4<00000000000000000000000000000000>, C4<00000000000000000000000000000000>, C4<00000000000000000000000000000000>;
L_00000195c8b8dc90 .functor AND 1, L_00000195c8cd6c50, L_00000195c8cd6cf0, C4<1>, C4<1>;
L_00000195c8b8cd40 .functor AND 1, L_00000195c8b8dc90, L_00000195c8cd5ad0, C4<1>, C4<1>;
L_00000195c8b8d1a0 .functor AND 1, L_00000195c8b8cd40, L_00000195c8cd6d90, C4<1>, C4<1>;
L_00000195c8b8e400 .functor AND 1, L_00000195c8cd73d0, L_00000195c8cd7510, C4<1>, C4<1>;
L_00000195c8b8d8a0 .functor AND 1, L_00000195c8b8e400, L_00000195c8cd6e30, C4<1>, C4<1>;
L_00000195c8b8e860 .functor AND 1, L_00000195c8b8d8a0, L_00000195c8cd7790, C4<1>, C4<1>;
L_00000195c8b8d910 .functor AND 1, L_00000195c8cd75b0, L_00000195c8cd7650, C4<1>, C4<1>;
L_00000195c8b8d0c0 .functor AND 1, L_00000195c8b8d910, L_00000195c8cd7970, C4<1>, C4<1>;
L_00000195c8b8d280 .functor AND 1, L_00000195c8b8d0c0, L_00000195c8cd6390, C4<1>, C4<1>;
L_00000195c8b8dec0 .functor AND 1, L_00000195c8cd7e70, L_00000195c8cd7a10, C4<1>, C4<1>;
L_00000195c8b8d360 .functor AND 1, L_00000195c8b8dec0, L_00000195c8cd7ab0, C4<1>, C4<1>;
L_00000195c8b8e320 .functor AND 1, L_00000195c8b8d360, L_00000195c8cd5df0, C4<1>, C4<1>;
L_00000195c8b8d3d0 .functor AND 1, L_00000195c8cd7f10, L_00000195c8cd9d10, C4<1>, C4<1>;
L_00000195c8b8ccd0 .functor AND 1, L_00000195c8b8d3d0, L_00000195c8cd9bd0, C4<1>, C4<1>;
L_00000195c8b8d2f0 .functor AND 1, L_00000195c8b8ccd0, L_00000195c8cd9310, C4<1>, C4<1>;
L_00000195c8b8dbb0 .functor AND 1, L_00000195c8cd9e50, L_00000195c8cda7b0, C4<1>, C4<1>;
L_00000195c8b8d980 .functor AND 1, L_00000195c8b8dbb0, L_00000195c8cd9c70, C4<1>, C4<1>;
L_00000195c8b8e1d0 .functor AND 1, L_00000195c8b8d980, L_00000195c8cd93b0, C4<1>, C4<1>;
L_00000195c8b8d440 .functor AND 1, L_00000195c8cda350, L_00000195c8cd98b0, C4<1>, C4<1>;
L_00000195c8b8e240 .functor AND 1, L_00000195c8b8d440, L_00000195c8cda990, C4<1>, C4<1>;
L_00000195c8b8df30 .functor AND 1, L_00000195c8b8e240, L_00000195c8cda170, C4<1>, C4<1>;
L_00000195c8b8dc20 .functor AND 1, L_00000195c8cd8910, L_00000195c8cd8a50, C4<1>, C4<1>;
L_00000195c8b8e390 .functor AND 1, L_00000195c8b8dc20, L_00000195c8cd85f0, C4<1>, C4<1>;
L_00000195c8b8db40 .functor AND 1, L_00000195c8b8e390, L_00000195c8cda2b0, C4<1>, C4<1>;
L_00000195c8b8dfa0 .functor AND 1, L_00000195c8cd9ef0, L_00000195c8cda030, C4<1>, C4<1>;
L_00000195c8b8e160 .functor AND 1, L_00000195c8b8dfa0, L_00000195c8cda850, C4<1>, C4<1>;
L_00000195c8b8d4b0 .functor AND 1, L_00000195c8b8e160, L_00000195c8cd9590, C4<1>, C4<1>;
L_00000195c8b8dd00 .functor AND 1, L_00000195c8cda8f0, L_00000195c8cd9db0, C4<1>, C4<1>;
L_00000195c8b8e470 .functor AND 1, L_00000195c8b8dd00, L_00000195c8cd9f90, C4<1>, C4<1>;
L_00000195c8b8d9f0 .functor AND 1, L_00000195c8b8e470, L_00000195c8cd9130, C4<1>, C4<1>;
L_00000195c8b8e4e0 .functor AND 1, L_00000195c8cd9810, L_00000195c8cda530, C4<1>, C4<1>;
L_00000195c8b8e550 .functor AND 1, L_00000195c8b8e4e0, L_00000195c8cd8ff0, C4<1>, C4<1>;
L_00000195c8b8d520 .functor AND 1, L_00000195c8b8e550, L_00000195c8cda0d0, C4<1>, C4<1>;
L_00000195c8b8e5c0 .functor AND 1, L_00000195c8cd8730, L_00000195c8cd87d0, C4<1>, C4<1>;
L_00000195c8b8d600 .functor AND 1, L_00000195c8b8e5c0, L_00000195c8cd8870, C4<1>, C4<1>;
L_00000195c8b8cdb0 .functor AND 1, L_00000195c8b8d600, L_00000195c8cd8230, C4<1>, C4<1>;
L_00000195c8b8ce90 .functor AND 1, L_00000195c8cda210, L_00000195c8cda3f0, C4<1>, C4<1>;
L_00000195c8b8e630 .functor AND 1, L_00000195c8b8ce90, L_00000195c8cd9450, C4<1>, C4<1>;
L_00000195c8b8e710 .functor AND 1, L_00000195c8b8e630, L_00000195c8cda490, C4<1>, C4<1>;
L_00000195c8b8cf00 .functor AND 1, L_00000195c8cd82d0, L_00000195c8cd94f0, C4<1>, C4<1>;
L_00000195c8b8da60 .functor AND 1, L_00000195c8b8cf00, L_00000195c8cd91d0, C4<1>, C4<1>;
L_00000195c8b8dad0 .functor AND 1, L_00000195c8b8da60, L_00000195c8cd8c30, C4<1>, C4<1>;
L_00000195c8b8dd70 .functor AND 1, L_00000195c8cd99f0, L_00000195c8cd9630, C4<1>, C4<1>;
L_00000195c8b8dde0 .functor AND 1, L_00000195c8b8dd70, L_00000195c8cda5d0, C4<1>, C4<1>;
L_00000195c8b8de50 .functor AND 1, L_00000195c8b8dde0, L_00000195c8cd96d0, C4<1>, C4<1>;
L_00000195c8b8e010 .functor AND 1, L_00000195c8cd89b0, L_00000195c8cda710, C4<1>, C4<1>;
L_00000195c8b8e080 .functor AND 1, L_00000195c8b8e010, L_00000195c8cd8af0, C4<1>, C4<1>;
L_00000195c8b8ea90 .functor AND 1, L_00000195c8b8e080, L_00000195c8cd9950, C4<1>, C4<1>;
L_00000195c8b8eb00 .functor AND 1, L_00000195c8cd8f50, L_00000195c8cd8b90, C4<1>, C4<1>;
L_00000195c8b8eb70 .functor AND 1, L_00000195c8b8eb00, L_00000195c8cda670, C4<1>, C4<1>;
L_00000195c8b8ebe0 .functor AND 1, L_00000195c8b8eb70, L_00000195c8cd9270, C4<1>, C4<1>;
L_00000195c8b8ec50 .functor AND 1, L_00000195c8cd8370, L_00000195c8cd8cd0, C4<1>, C4<1>;
L_00000195c8b8ea20 .functor AND 1, L_00000195c8b8ec50, L_00000195c8cd8d70, C4<1>, C4<1>;
L_00000195c8b8e8d0 .functor AND 1, L_00000195c8b8ea20, L_00000195c8cd9b30, C4<1>, C4<1>;
L_00000195c8b8eda0 .functor AND 1, L_00000195c8cd9a90, L_00000195c8cd8e10, C4<1>, C4<1>;
L_00000195c8b8ed30 .functor AND 1, L_00000195c8b8eda0, L_00000195c8cd8410, C4<1>, C4<1>;
L_00000195c8b8ecc0 .functor AND 1, L_00000195c8b8ed30, L_00000195c8cd9770, C4<1>, C4<1>;
L_00000195c8b8ee10 .functor AND 1, L_00000195c8cd9090, L_00000195c8cd84b0, C4<1>, C4<1>;
L_00000195c8b8efd0 .functor AND 1, L_00000195c8b8ee10, L_00000195c8cd8550, C4<1>, C4<1>;
L_00000195c8b8ee80 .functor AND 1, L_00000195c8b8efd0, L_00000195c8cd8eb0, C4<1>, C4<1>;
L_00000195c8b8eef0 .functor AND 1, L_00000195c8cd8690, L_00000195c8cdcdd0, C4<1>, C4<1>;
L_00000195c8b8e940 .functor AND 1, L_00000195c8b8eef0, L_00000195c8cdd050, C4<1>, C4<1>;
L_00000195c8b8ef60 .functor AND 1, L_00000195c8b8e940, L_00000195c8cdad50, C4<1>, C4<1>;
L_00000195c8b8e9b0 .functor AND 1, L_00000195c8cdafd0, L_00000195c8cdc8d0, C4<1>, C4<1>;
L_00000195c8b8bed0 .functor AND 1, L_00000195c8cdbed0, L_00000195c8cdcc90, C4<1>, C4<1>;
L_00000195c8b8c5d0 .functor AND 1, L_00000195c8cdb390, L_00000195c8cdc650, C4<1>, C4<1>;
L_00000195c8b34090 .functor AND 1, L_00000195c8cdb110, L_00000195c8cdd0f0, C4<1>, C4<1>;
L_00000195c8cf4c00 .functor AND 1, L_00000195c8cdbd90, L_00000195c8cdb4d0, C4<1>, C4<1>;
L_00000195c8cf4030 .functor AND 1, L_00000195c8cdac10, L_00000195c8cdcbf0, C4<1>, C4<1>;
L_00000195c8cf3cb0 .functor AND 1, L_00000195c8cdbbb0, L_00000195c8cdcd30, C4<1>, C4<1>;
L_00000195c8cf4ab0 .functor AND 1, L_00000195c8cdc830, L_00000195c8cdc010, C4<1>, C4<1>;
L_00000195c8cf48f0 .functor AND 1, L_00000195c8cdb070, L_00000195c8cdb7f0, C4<1>, C4<1>;
L_00000195c8cf3bd0 .functor AND 1, L_00000195c8cdc970, L_00000195c8cdb1b0, C4<1>, C4<1>;
L_00000195c8cf35b0 .functor AND 1, L_00000195c8cdaf30, L_00000195c8cdc6f0, C4<1>, C4<1>;
L_00000195c8cf3af0 .functor AND 1, L_00000195c8cdb250, L_00000195c8cdc0b0, C4<1>, C4<1>;
L_00000195c8cf4a40 .functor AND 1, L_00000195c8cdce70, L_00000195c8cdadf0, C4<1>, C4<1>;
L_00000195c8cf4dc0 .functor AND 1, L_00000195c8cdbf70, L_00000195c8cdb610, C4<1>, C4<1>;
L_00000195c8cf4730 .functor NOT 1, L_00000195c8cdcab0, C4<0>, C4<0>, C4<0>;
L_00000195c8cf4c70 .functor AND 1, L_00000195c8cdb6b0, L_00000195c8cf4730, C4<1>, C4<1>;
L_00000195c8cf3e70 .functor AND 1, L_00000195c8cdc150, L_00000195c8cdc290, C4<1>, C4<1>;
L_00000195c8cf4340 .functor AND 1, L_00000195c8cf3e70, L_00000195c8cdb750, C4<1>, C4<1>;
L_00000195c8cf3c40 .functor AND 1, L_00000195c8cdb890, L_00000195c8cdcb50, C4<1>, C4<1>;
L_00000195c8cf3620 .functor AND 1, L_00000195c8cf3c40, L_00000195c8cdbb10, C4<1>, C4<1>;
L_00000195c8cf45e0 .functor AND 1, L_00000195c8cdcf10, L_00000195c8cdcfb0, C4<1>, C4<1>;
L_00000195c8cf3690 .functor AND 1, L_00000195c8cf45e0, L_00000195c8cdaad0, C4<1>, C4<1>;
L_00000195c8cf3540 .functor AND 1, L_00000195c8cf3690, L_00000195c8cdc5b0, C4<1>, C4<1>;
L_00000195c8cf3d20 .functor OR 1, L_00000195c8b8d1a0, L_00000195c8b8e9b0, C4<0>, C4<0>;
L_00000195c8cf3ee0 .functor OR 1, L_00000195c8cf3d20, L_00000195c8cf3cb0, C4<0>, C4<0>;
L_00000195c8cf4650 .functor OR 1, L_00000195c8cf3ee0, L_00000195c8cf4ab0, C4<0>, C4<0>;
L_00000195c8cf32a0 .functor OR 1, L_00000195c8cf4650, L_00000195c8cf48f0, C4<0>, C4<0>;
L_00000195c8cf38c0 .functor OR 1, L_00000195c8cf32a0, L_00000195c8cf3bd0, C4<0>, C4<0>;
L_00000195c8cf3380 .functor OR 1, L_00000195c8cf38c0, L_00000195c8cf35b0, C4<0>, C4<0>;
L_00000195c8cf4180 .functor OR 1, L_00000195c8cf3380, L_00000195c8cf3af0, C4<0>, C4<0>;
L_00000195c8cf4500 .functor OR 1, L_00000195c8cf4180, L_00000195c8cf4a40, C4<0>, C4<0>;
L_00000195c8cf41f0 .functor OR 1, L_00000195c8cf4500, L_00000195c8cf4dc0, C4<0>, C4<0>;
L_00000195c8cf4ce0 .functor OR 1, L_00000195c8cf41f0, L_00000195c8cdc470, C4<0>, C4<0>;
L_00000195c8cf43b0 .functor OR 1, L_00000195c8cf4ce0, L_00000195c8cdb9d0, C4<0>, C4<0>;
L_00000195c8cf4d50 .functor OR 1, L_00000195c8cf43b0, L_00000195c8cdc1f0, C4<0>, C4<0>;
L_00000195c8cf4570 .functor BUFZ 1, L_00000195c8b8e860, C4<0>, C4<0>, C4<0>;
L_00000195c8cf4b20 .functor OR 1, L_00000195c8b8d280, L_00000195c8b8bed0, C4<0>, C4<0>;
L_00000195c8cf3a10 .functor OR 1, L_00000195c8b8e320, L_00000195c8b8c5d0, C4<0>, C4<0>;
L_00000195c8cf3f50 .functor OR 1, L_00000195c8b8e1d0, L_00000195c8b34090, C4<0>, C4<0>;
L_00000195c8cf3700 .functor BUFZ 1, L_00000195c8b8d2f0, C4<0>, C4<0>, C4<0>;
L_00000195c8cf4420 .functor OR 1, L_00000195c8b8df30, L_00000195c8cf4c00, C4<0>, C4<0>;
L_00000195c8cf3d90 .functor OR 1, L_00000195c8b8db40, L_00000195c8cf4030, C4<0>, C4<0>;
L_00000195c8cf4260 .functor OR 1, L_00000195c8b8d4b0, L_00000195c8b8cdb0, C4<0>, C4<0>;
L_00000195c8cf37e0 .functor OR 1, L_00000195c8b8d9f0, L_00000195c8b8e710, C4<0>, C4<0>;
L_00000195c8cf42d0 .functor OR 1, L_00000195c8b8d520, L_00000195c8b8dad0, C4<0>, C4<0>;
L_00000195c8cf40a0 .functor BUFZ 1, L_00000195c8cf4c70, C4<0>, C4<0>, C4<0>;
L_00000195c8cf4960 .functor BUFZ 1, L_00000195c8b8de50, C4<0>, C4<0>, C4<0>;
L_00000195c8cf46c0 .functor BUFZ 1, L_00000195c8b8ea90, C4<0>, C4<0>, C4<0>;
L_00000195c8cf49d0 .functor BUFZ 1, L_00000195c8b8ebe0, C4<0>, C4<0>, C4<0>;
L_00000195c8cf3770 .functor OR 1, L_00000195c8b8e8d0, L_00000195c8b8ecc0, C4<0>, C4<0>;
L_00000195c8cf4b90 .functor OR 1, L_00000195c8cf3770, L_00000195c8b8ee80, C4<0>, C4<0>;
L_00000195c8cf3fc0 .functor OR 1, L_00000195c8cf4b90, L_00000195c8b8ef60, C4<0>, C4<0>;
L_00000195c8cf3230 .functor OR 1, L_00000195c8b8e8d0, L_00000195c8b8ecc0, C4<0>, C4<0>;
L_00000195c8cf3a80 .functor OR 1, L_00000195c8b8ecc0, L_00000195c8b8ef60, C4<0>, C4<0>;
L_00000195c8cf3850 .functor OR 1, L_00000195c8b8d4b0, L_00000195c8b8d9f0, C4<0>, C4<0>;
L_00000195c8cf47a0 .functor OR 1, L_00000195c8cf3850, L_00000195c8b8d520, C4<0>, C4<0>;
L_00000195c8cf3b60 .functor OR 1, L_00000195c8b34090, L_00000195c8cf4c00, C4<0>, C4<0>;
L_00000195c8cf4490 .functor OR 1, L_00000195c8cf3b60, L_00000195c8cf4030, C4<0>, C4<0>;
L_00000195c8cf3310 .functor OR 1, L_00000195c8b8e9b0, L_00000195c8cf3cb0, C4<0>, C4<0>;
L_00000195c8cf33f0 .functor OR 1, L_00000195c8cf3310, L_00000195c8cf4ab0, C4<0>, C4<0>;
L_00000195c8cf4110 .functor OR 1, L_00000195c8cf33f0, L_00000195c8cf48f0, C4<0>, C4<0>;
L_00000195c8cf3930 .functor OR 1, L_00000195c8cf4110, L_00000195c8cf3bd0, C4<0>, C4<0>;
L_00000195c8cf3460 .functor OR 1, L_00000195c8cf3930, L_00000195c8cf35b0, C4<0>, C4<0>;
L_00000195c8cf4810 .functor OR 1, L_00000195c8cf3460, L_00000195c8cf3af0, C4<0>, C4<0>;
L_00000195c8cf34d0 .functor OR 1, L_00000195c8cf4810, L_00000195c8cf4a40, C4<0>, C4<0>;
L_00000195c8cf4880 .functor OR 1, L_00000195c8cf34d0, L_00000195c8cf4dc0, C4<0>, C4<0>;
L_00000195c8cf39a0 .functor OR 1, L_00000195c8cf4880, L_00000195c8b8bed0, C4<0>, C4<0>;
L_00000195c8cf3e00 .functor OR 1, L_00000195c8cf39a0, L_00000195c8b8c5d0, C4<0>, C4<0>;
L_00000195c8cf5300 .functor OR 1, L_00000195c8cdc470, L_00000195c8cdc790, C4<0>, C4<0>;
L_00000195c8cf62c0 .functor OR 1, L_00000195c8cf5300, L_00000195c8cdaa30, C4<0>, C4<0>;
L_00000195c8cf5bc0 .functor BUFZ 1, L_00000195c8cf4c70, C4<0>, C4<0>, C4<0>;
L_00000195c8cf64f0 .functor BUFZ 1, L_00000195c8cdc1f0, C4<0>, C4<0>, C4<0>;
L_00000195c8cf57d0 .functor OR 1, L_00000195c8cdb2f0, L_00000195c8cdb9d0, C4<0>, C4<0>;
L_00000195c8cf4f80 .functor OR 1, L_00000195c8cdc470, L_00000195c8cdb9d0, C4<0>, C4<0>;
L_00000195c8cf5d80 .functor OR 1, L_00000195c8cdc790, L_00000195c8cdaa30, C4<0>, C4<0>;
L_00000195c8cf5220 .functor OR 1, L_00000195c8cf5d80, L_00000195c8cdbc50, C4<0>, C4<0>;
L_00000195c8cf4ff0 .functor OR 1, L_00000195c8cf5220, L_00000195c8cdacb0, C4<0>, C4<0>;
L_00000195c8cf5610 .functor OR 1, L_00000195c8cf4ff0, L_00000195c8cdae90, C4<0>, C4<0>;
L_00000195c8cf5680 .functor OR 1, L_00000195c8cf5610, L_00000195c8cdb430, C4<0>, C4<0>;
L_00000195c8cf5840 .functor OR 1, L_00000195c8cf5680, L_00000195c8cf3af0, C4<0>, C4<0>;
L_00000195c8cf58b0 .functor OR 1, L_00000195c8cf5840, L_00000195c8cf4a40, C4<0>, C4<0>;
L_00000195c8cf5920 .functor OR 1, L_00000195c8cf58b0, L_00000195c8cf4dc0, C4<0>, C4<0>;
L_00000195c8cf5990 .functor OR 1, L_00000195c8cf5920, L_00000195c8cf3620, C4<0>, C4<0>;
L_00000195c8cf6800 .functor OR 1, L_00000195c8cf5990, L_00000195c8cf3540, C4<0>, C4<0>;
L_00000195c8cf5ed0 .functor OR 1, L_00000195c8cdc470, L_00000195c8cdb9d0, C4<0>, C4<0>;
L_00000195c8cf6020 .functor OR 1, L_00000195c8cf5ed0, L_00000195c8cdc1f0, C4<0>, C4<0>;
L_00000195c8cf63a0 .functor OR 1, L_00000195c8b8d4b0, L_00000195c8b8d9f0, C4<0>, C4<0>;
L_00000195c8cf5e60 .functor OR 1, L_00000195c8cf63a0, L_00000195c8b8d520, C4<0>, C4<0>;
L_00000195c8cf5290 .functor OR 1, L_00000195c8cf5e60, L_00000195c8b8e9b0, C4<0>, C4<0>;
L_00000195c8cf5f40 .functor OR 1, L_00000195c8cf5290, L_00000195c8b8bed0, C4<0>, C4<0>;
L_00000195c8cf6170 .functor OR 1, L_00000195c8cf5f40, L_00000195c8b8c5d0, C4<0>, C4<0>;
L_00000195c8cf5a00 .functor OR 1, L_00000195c8cf6170, L_00000195c8b34090, C4<0>, C4<0>;
L_00000195c8cf6950 .functor OR 1, L_00000195c8cf5a00, L_00000195c8cf4c00, C4<0>, C4<0>;
L_00000195c8cf6560 .functor OR 1, L_00000195c8cf6950, L_00000195c8cf4030, C4<0>, C4<0>;
L_00000195c8cf56f0 .functor OR 1, L_00000195c8cf6560, L_00000195c8cf3cb0, C4<0>, C4<0>;
L_00000195c8cf68e0 .functor OR 1, L_00000195c8cf56f0, L_00000195c8cf4ab0, C4<0>, C4<0>;
L_00000195c8cf69c0 .functor OR 1, L_00000195c8cf68e0, L_00000195c8cf48f0, C4<0>, C4<0>;
L_00000195c8cf5ae0 .functor OR 1, L_00000195c8cf69c0, L_00000195c8cf3bd0, C4<0>, C4<0>;
L_00000195c8cf5d10 .functor OR 1, L_00000195c8cf5ae0, L_00000195c8cf35b0, C4<0>, C4<0>;
L_00000195c8cf50d0 .functor OR 1, L_00000195c8cf5d10, L_00000195c8cf3af0, C4<0>, C4<0>;
L_00000195c8cf6330 .functor OR 1, L_00000195c8cf50d0, L_00000195c8cf4a40, C4<0>, C4<0>;
L_00000195c8cf5370 .functor OR 1, L_00000195c8cf6330, L_00000195c8cf4dc0, C4<0>, C4<0>;
L_00000195c8cf54c0 .functor OR 1, L_00000195c8cf5370, L_00000195c8cf4c70, C4<0>, C4<0>;
L_00000195c8cf6250 .functor OR 1, L_00000195c8cf54c0, L_00000195c8cdc1f0, C4<0>, C4<0>;
L_00000195c8cf53e0 .functor OR 1, L_00000195c8cf6250, L_00000195c8cdc470, C4<0>, C4<0>;
L_00000195c8cf6410 .functor OR 1, L_00000195c8cf53e0, L_00000195c8cdb9d0, C4<0>, C4<0>;
L_00000195c8cf6480 .functor OR 1, L_00000195c8cf3cb0, L_00000195c8cf4ab0, C4<0>, C4<0>;
L_00000195c8cf55a0 .functor OR 1, L_00000195c8cf6480, L_00000195c8cf48f0, C4<0>, C4<0>;
L_00000195c8cf5b50 .functor OR 1, L_00000195c8cf55a0, L_00000195c8cf3bd0, C4<0>, C4<0>;
L_00000195c8cf5060 .functor OR 1, L_00000195c8cf5b50, L_00000195c8cf35b0, C4<0>, C4<0>;
L_00000195c8cf5c30 .functor BUFZ 1, L_00000195c8cdb9d0, C4<0>, C4<0>, C4<0>;
L_00000195c8cf5ca0 .functor NOT 1, L_00000195c8cf3af0, C4<0>, C4<0>, C4<0>;
L_00000195c8cf5530 .functor NOT 1, L_00000195c8cf4a40, C4<0>, C4<0>, C4<0>;
L_00000195c8cf5df0 .functor AND 1, L_00000195c8cf5ca0, L_00000195c8cf5530, C4<1>, C4<1>;
L_00000195c8cf65d0 .functor NOT 1, L_00000195c8cf4dc0, C4<0>, C4<0>, C4<0>;
L_00000195c8cf5fb0 .functor AND 1, L_00000195c8cf5df0, L_00000195c8cf65d0, C4<1>, C4<1>;
L_00000195c8cf6090 .functor NOT 1, L_00000195c8cdc790, C4<0>, C4<0>, C4<0>;
L_00000195c8cf6100 .functor AND 1, L_00000195c8cf5fb0, L_00000195c8cf6090, C4<1>, C4<1>;
L_00000195c8cf5450 .functor NOT 1, L_00000195c8cdaa30, C4<0>, C4<0>, C4<0>;
L_00000195c8cf4e30 .functor AND 1, L_00000195c8cf6100, L_00000195c8cf5450, C4<1>, C4<1>;
L_00000195c8cf61e0 .functor NOT 1, L_00000195c8cdbc50, C4<0>, C4<0>, C4<0>;
L_00000195c8cf6640 .functor AND 1, L_00000195c8cf4e30, L_00000195c8cf61e0, C4<1>, C4<1>;
L_00000195c8cf5760 .functor NOT 1, L_00000195c8cdacb0, C4<0>, C4<0>, C4<0>;
L_00000195c8cf66b0 .functor AND 1, L_00000195c8cf6640, L_00000195c8cf5760, C4<1>, C4<1>;
L_00000195c8cf6720 .functor NOT 1, L_00000195c8cdae90, C4<0>, C4<0>, C4<0>;
L_00000195c8cf6790 .functor AND 1, L_00000195c8cf66b0, L_00000195c8cf6720, C4<1>, C4<1>;
L_00000195c8cf6870 .functor NOT 1, L_00000195c8cdb430, C4<0>, C4<0>, C4<0>;
L_00000195c8cf4ea0 .functor AND 1, L_00000195c8cf6790, L_00000195c8cf6870, C4<1>, C4<1>;
L_00000195c8cf4f10 .functor NOT 1, L_00000195c8cdb2f0, C4<0>, C4<0>, C4<0>;
L_00000195c8cf5140 .functor AND 1, L_00000195c8cf4ea0, L_00000195c8cf4f10, C4<1>, C4<1>;
L_00000195c8cf51b0 .functor NOT 1, L_00000195c8cdab70, C4<0>, C4<0>, C4<0>;
L_00000195c8cf6bf0 .functor AND 1, L_00000195c8cf5140, L_00000195c8cf51b0, C4<1>, C4<1>;
L_00000195c8cf6a30 .functor NOT 1, L_00000195c8cdf7b0, C4<0>, C4<0>, C4<0>;
L_00000195c8cf6e90 .functor AND 1, L_00000195c8cf6bf0, L_00000195c8cf6a30, C4<1>, C4<1>;
L_00000195c8cf7050 .functor OR 1, L_00000195c8cf3af0, L_00000195c8cf4a40, C4<0>, C4<0>;
L_00000195c8cf6c60 .functor OR 1, L_00000195c8cf7050, L_00000195c8cf4dc0, C4<0>, C4<0>;
L_00000195c8cf6cd0 .functor BUFZ 5, L_00000195c8c74230, C4<00000>, C4<00000>, C4<00000>;
L_00000195c8cf6aa0 .functor AND 1, v00000195c8c52dd0_0, v00000195c8c52d30_0, C4<1>, C4<1>;
L_00000195c8cf6d40 .functor AND 1, L_00000195c8cf6aa0, L_00000195c8cde270, C4<1>, C4<1>;
L_00000195c8cf6f70 .functor AND 1, L_00000195c8d0c730, L_00000195c8cde310, C4<1>, C4<1>;
L_00000195c8cf6f00 .functor BUFZ 32, L_00000195c8d0cdc0, C4<00000000000000000000000000000000>, C4<00000000000000000000000000000000>, C4<00000000000000000000000000000000>;
L_00000195c8cf6fe0 .functor AND 1, L_00000195c8d0cab0, L_00000195c8cdef90, C4<1>, C4<1>;
L_00000195c8cf6db0 .functor AND 1, L_00000195c8cf6d40, L_00000195c8cdea90, C4<1>, C4<1>;
L_00000195c8cf7130 .functor AND 1, L_00000195c8cf6f70, L_00000195c8cdf8f0, C4<1>, C4<1>;
L_00000195c8cf6e20 .functor AND 1, L_00000195c8d0cab0, L_00000195c8cdf990, C4<1>, C4<1>;
L_00000195c8cf70c0 .functor AND 1, L_00000195c8cf6d40, L_00000195c8cdd230, C4<1>, C4<1>;
L_00000195c8cf6b10 .functor AND 1, L_00000195c8cf6f70, L_00000195c8cdd5f0, C4<1>, C4<1>;
L_00000195c8cf6b80 .functor AND 1, L_00000195c8cdc790, L_00000195c8cde6d0, C4<1>, C4<1>;
L_00000195c8d02470 .functor AND 1, L_00000195c8cdaa30, L_00000195c8ce2050, C4<1>, C4<1>;
L_00000195c8d02cc0 .functor OR 1, L_00000195c8cf6b80, L_00000195c8d02470, C4<0>, C4<0>;
L_00000195c8d02b70 .functor AND 1, L_00000195c8cdbc50, L_00000195c8cde770, C4<1>, C4<1>;
L_00000195c8d012f0 .functor OR 1, L_00000195c8d02cc0, L_00000195c8d02b70, C4<0>, C4<0>;
L_00000195c8d01fa0 .functor AND 1, L_00000195c8cdacb0, L_00000195c8cded10, C4<1>, C4<1>;
L_00000195c8d018a0 .functor OR 1, L_00000195c8d012f0, L_00000195c8d01fa0, C4<0>, C4<0>;
L_00000195c8d01d70 .functor AND 1, L_00000195c8cdae90, L_00000195c8cdedb0, C4<1>, C4<1>;
L_00000195c8d020f0 .functor OR 1, L_00000195c8d018a0, L_00000195c8d01d70, C4<0>, C4<0>;
L_00000195c8d02240 .functor AND 1, L_00000195c8cdb430, L_00000195c8ce16f0, C4<1>, C4<1>;
L_00000195c8d01b40 .functor OR 1, L_00000195c8d020f0, L_00000195c8d02240, C4<0>, C4<0>;
L_00000195c8d01670 .functor OR 1, L_00000195c8d01b40, L_00000195c8cdc470, C4<0>, C4<0>;
L_00000195c8d02d30 .functor OR 1, L_00000195c8d01670, L_00000195c8cdb9d0, C4<0>, C4<0>;
L_00000195c8d02630 .functor OR 1, L_00000195c8d02d30, L_00000195c8cdb2f0, C4<0>, C4<0>;
L_00000195c8d01750 .functor OR 1, L_00000195c8d02630, L_00000195c8cdab70, C4<0>, C4<0>;
L_00000195c8d02c50 .functor OR 1, L_00000195c8d01750, L_00000195c8cdf7b0, C4<0>, C4<0>;
L_00000195c8d011a0 .functor AND 1, L_00000195c8d02c50, v00000195c8c52f10_0, C4<1>, C4<1>;
L_00000195c8d017c0 .functor AND 1, L_00000195c8d011a0, L_00000195c8ce0930, C4<1>, C4<1>;
L_00000195c8d02160 .functor OR 1, L_00000195c8cdab70, L_00000195c8cdf7b0, C4<0>, C4<0>;
L_00000195c8d02780 .functor OR 1, L_00000195c8cdc790, L_00000195c8cdaa30, C4<0>, C4<0>;
L_00000195c8d029b0 .functor OR 1, L_00000195c8d02780, L_00000195c8cdbc50, C4<0>, C4<0>;
L_00000195c8d02010 .functor OR 1, L_00000195c8d029b0, L_00000195c8cdacb0, C4<0>, C4<0>;
L_00000195c8d022b0 .functor OR 1, L_00000195c8d02010, L_00000195c8cdae90, C4<0>, C4<0>;
L_00000195c8d025c0 .functor OR 1, L_00000195c8d022b0, L_00000195c8cdb430, C4<0>, C4<0>;
L_00000195c8d016e0 .functor OR 1, L_00000195c8d025c0, L_00000195c8cdb9d0, C4<0>, C4<0>;
L_00000195c8d026a0 .functor OR 1, L_00000195c8d016e0, L_00000195c8cdb2f0, C4<0>, C4<0>;
L_00000195c8d01910 .functor NOT 1, L_00000195c8cdb2f0, C4<0>, C4<0>, C4<0>;
L_00000195c8d01c20 .functor NOT 1, L_00000195c8cdb9d0, C4<0>, C4<0>, C4<0>;
L_00000195c8d02860 .functor AND 1, L_00000195c8d01910, L_00000195c8d01c20, C4<1>, C4<1>;
L_00000195c8d02320 .functor NOT 1, L_00000195c8cf4c70, C4<0>, C4<0>, C4<0>;
L_00000195c8d028d0 .functor AND 1, L_00000195c8d02860, L_00000195c8d02320, C4<1>, C4<1>;
L_00000195c8d01bb0 .functor NOT 1, L_00000195c8cdc1f0, C4<0>, C4<0>, C4<0>;
L_00000195c8d01c90 .functor AND 1, L_00000195c8d028d0, L_00000195c8d01bb0, C4<1>, C4<1>;
L_00000195c8d02400 .functor NOT 1, L_00000195c8cf4340, C4<0>, C4<0>, C4<0>;
L_00000195c8d01f30 .functor AND 1, L_00000195c8d01c90, L_00000195c8d02400, C4<1>, C4<1>;
L_00000195c8d02940 .functor NOT 1, L_00000195c8cf3620, C4<0>, C4<0>, C4<0>;
L_00000195c8d01520 .functor AND 1, L_00000195c8d01f30, L_00000195c8d02940, C4<1>, C4<1>;
L_00000195c8d01830 .functor NOT 1, L_00000195c8cdab70, C4<0>, C4<0>, C4<0>;
L_00000195c8d01980 .functor AND 1, L_00000195c8d01520, L_00000195c8d01830, C4<1>, C4<1>;
L_00000195c8d01600 .functor NOT 1, L_00000195c8cdf7b0, C4<0>, C4<0>, C4<0>;
L_00000195c8d013d0 .functor AND 1, L_00000195c8d01980, L_00000195c8d01600, C4<1>, C4<1>;
L_00000195c8d01210 .functor OR 1, L_00000195c8b8d1a0, L_00000195c8b8e860, C4<0>, C4<0>;
L_00000195c8d02a20 .functor OR 1, L_00000195c8d01210, L_00000195c8b8d280, C4<0>, C4<0>;
L_00000195c8d02a90 .functor OR 1, L_00000195c8d02a20, L_00000195c8b8e320, C4<0>, C4<0>;
L_00000195c8d024e0 .functor OR 1, L_00000195c8d02a90, L_00000195c8b8d2f0, C4<0>, C4<0>;
L_00000195c8d01d00 .functor OR 1, L_00000195c8d024e0, L_00000195c8b8e1d0, C4<0>, C4<0>;
L_00000195c8d01280 .functor OR 1, L_00000195c8d01d00, L_00000195c8b8df30, C4<0>, C4<0>;
L_00000195c8d01360 .functor OR 1, L_00000195c8d01280, L_00000195c8b8db40, C4<0>, C4<0>;
L_00000195c8d01440 .functor OR 1, L_00000195c8d01360, L_00000195c8b8cdb0, C4<0>, C4<0>;
L_00000195c8d02b00 .functor OR 1, L_00000195c8d01440, L_00000195c8b8e710, C4<0>, C4<0>;
L_00000195c8d019f0 .functor OR 1, L_00000195c8d02b00, L_00000195c8b8dad0, C4<0>, C4<0>;
L_00000195c8d02710 .functor OR 1, L_00000195c8d019f0, L_00000195c8b8de50, C4<0>, C4<0>;
L_00000195c8d01de0 .functor OR 1, L_00000195c8d02710, L_00000195c8b8ea90, C4<0>, C4<0>;
L_00000195c8d021d0 .functor OR 1, L_00000195c8d01de0, L_00000195c8b8ebe0, C4<0>, C4<0>;
L_00000195c8d027f0 .functor OR 1, L_00000195c8d021d0, L_00000195c8b8e8d0, C4<0>, C4<0>;
L_00000195c8d014b0 .functor OR 1, L_00000195c8d027f0, L_00000195c8b8ecc0, C4<0>, C4<0>;
L_00000195c8d01590 .functor OR 1, L_00000195c8d014b0, L_00000195c8b8ee80, C4<0>, C4<0>;
L_00000195c8d02390 .functor OR 1, L_00000195c8d01590, L_00000195c8b8ef60, C4<0>, C4<0>;
L_00000195c8d02be0 .functor OR 1, L_00000195c8d02390, L_00000195c8cdc790, C4<0>, C4<0>;
L_00000195c8d01a60 .functor OR 1, L_00000195c8d02be0, L_00000195c8cdaa30, C4<0>, C4<0>;
L_00000195c8d01ad0 .functor OR 1, L_00000195c8d01a60, L_00000195c8cdbc50, C4<0>, C4<0>;
L_00000195c8d02550 .functor OR 1, L_00000195c8d01ad0, L_00000195c8cdacb0, C4<0>, C4<0>;
L_00000195c8d01e50 .functor OR 1, L_00000195c8d02550, L_00000195c8cdae90, C4<0>, C4<0>;
L_00000195c8d01ec0 .functor OR 1, L_00000195c8d01e50, L_00000195c8cdb430, C4<0>, C4<0>;
L_00000195c8d02080 .functor OR 1, L_00000195c8d01ec0, L_00000195c8cf3af0, C4<0>, C4<0>;
L_00000195c8d03740 .functor OR 1, L_00000195c8d02080, L_00000195c8cf4a40, C4<0>, C4<0>;
L_00000195c8d04310 .functor OR 1, L_00000195c8d03740, L_00000195c8cf4dc0, C4<0>, C4<0>;
L_00000195c8d03a50 .functor OR 1, L_00000195c8d04310, L_00000195c8cf3620, C4<0>, C4<0>;
L_00000195c8d04930 .functor OR 1, L_00000195c8d03a50, L_00000195c8cf3540, C4<0>, C4<0>;
L_00000195c8d04540 .functor AND 1, L_00000195c8d013d0, L_00000195c8ce1470, C4<1>, C4<1>;
L_00000195c8d03ac0 .functor AND 1, L_00000195c8d04540, L_00000195c8cdfa30, C4<1>, C4<1>;
L_00000195c8d03cf0 .functor AND 1, L_00000195c8d03ac0, v00000195c8c50b70_0, C4<1>, C4<1>;
L_00000195c8d04460 .functor AND 1, L_00000195c8d03cf0, v00000195c8c50c10_0, C4<1>, C4<1>;
L_00000195c8d041c0 .functor AND 1, L_00000195c8d04930, L_00000195c8ce1fb0, C4<1>, C4<1>;
L_00000195c8d03890 .functor AND 1, L_00000195c8d041c0, L_00000195c8ce0570, C4<1>, C4<1>;
L_00000195c8d04850 .functor AND 1, L_00000195c8d03890, v00000195c8c50b70_0, C4<1>, C4<1>;
L_00000195c8d039e0 .functor AND 1, L_00000195c8d04850, v00000195c8c50c10_0, C4<1>, C4<1>;
L_00000195c8d04770 .functor AND 1, L_00000195c8d013d0, L_00000195c8ce1330, C4<1>, C4<1>;
L_00000195c8d03190 .functor AND 1, L_00000195c8d04770, L_00000195c8ce1010, C4<1>, C4<1>;
L_00000195c8d02ef0 .functor AND 1, L_00000195c8d03190, v00000195c8c52d30_0, C4<1>, C4<1>;
L_00000195c8d03580 .functor AND 1, L_00000195c8d02ef0, v00000195c8c52dd0_0, C4<1>, C4<1>;
L_00000195c8d03510 .functor AND 1, L_00000195c8d04930, L_00000195c8cdffd0, C4<1>, C4<1>;
L_00000195c8d03820 .functor AND 1, L_00000195c8d03510, L_00000195c8ce0070, C4<1>, C4<1>;
L_00000195c8d03900 .functor AND 1, L_00000195c8d03820, v00000195c8c52d30_0, C4<1>, C4<1>;
L_00000195c8d03b30 .functor AND 1, L_00000195c8d03900, v00000195c8c52dd0_0, C4<1>, C4<1>;
L_00000195c8d03ba0 .functor AND 1, v00000195c8c50c10_0, v00000195c8c51930_0, C4<1>, C4<1>;
L_00000195c8d044d0 .functor AND 1, L_00000195c8d03ba0, v00000195c8c50b70_0, C4<1>, C4<1>;
L_00000195c8d03f20 .functor AND 1, L_00000195c8d044d0, L_00000195c8ce0610, C4<1>, C4<1>;
L_00000195c8d02da0 .functor AND 1, L_00000195c8d013d0, L_00000195c8ce07f0, C4<1>, C4<1>;
L_00000195c8d03970 .functor AND 1, L_00000195c8d04930, L_00000195c8ce09d0, C4<1>, C4<1>;
L_00000195c8d047e0 .functor OR 1, L_00000195c8d02da0, L_00000195c8d03970, C4<0>, C4<0>;
L_00000195c8d04380 .functor AND 1, L_00000195c8d03f20, L_00000195c8d047e0, C4<1>, C4<1>;
L_00000195c8d045b0 .functor AND 1, v00000195c8c52f10_0, L_00000195c8d04380, C4<1>, C4<1>;
L_00000195c8d03430 .functor OR 1, L_00000195c8d045b0, L_00000195c8d0d450, C4<0>, C4<0>;
L_00000195c8d04d20 .functor AND 1, v00000195c8c50c10_0, v00000195c8c50a30_0, C4<1>, C4<1>;
L_00000195c8d04ee0 .functor AND 1, v00000195c8c50c10_0, v00000195c8c52790_0, C4<1>, C4<1>;
L_00000195c8d04f50 .functor AND 1, v00000195c8c50c10_0, v00000195c8c52970_0, C4<1>, C4<1>;
L_00000195c8d04fc0 .functor AND 1, v00000195c8c50c10_0, v00000195c8c51f70_0, C4<1>, C4<1>;
L_00000195c8d05030 .functor AND 1, L_00000195c8d0d6f0, L_00000195c8d0d8b0, C4<1>, C4<1>;
L_00000195c8d049a0 .functor AND 1, L_00000195c8d0c9d0, L_00000195c8d0d760, C4<1>, C4<1>;
L_00000195c8d04a10 .functor AND 1, v00000195c8c6ba90_0, L_00000195c8ce2a50, C4<1>, C4<1>;
L_00000195c8d0c8f0 .functor AND 1, v00000195c8c6dcf0_0, L_00000195c8ce2d70, C4<1>, C4<1>;
L_00000195c8d0d450 .functor AND 1, L_00000195c8d04fc0, L_00000195c8ce2370, C4<1>, C4<1>;
L_00000195c8d0cc70 .functor AND 1, v00000195c8c6ba90_0, L_00000195c8d29cf0, C4<1>, C4<1>;
L_00000195c8d0ca40 .functor AND 1, v00000195c8c6ba90_0, L_00000195c8d285d0, C4<1>, C4<1>;
L_00000195c8d0d4c0 .functor AND 1, v00000195c8c6ba90_0, v00000195c8c6ccb0_0, C4<1>, C4<1>;
L_00000195c8d0d7d0 .functor AND 1, v00000195c8c6ba90_0, v00000195c8c6ccb0_0, C4<1>, C4<1>;
L_00000195c8d0d1b0 .functor OR 1, v00000195c8c50d50_0, v00000195c8c50a30_0, C4<0>, C4<0>;
L_00000195c8d0dd80 .functor BUFZ 32, L_00000195c8d291b0, C4<00000000000000000000000000000000>, C4<00000000000000000000000000000000>, C4<00000000000000000000000000000000>;
L_00000195c8d0d3e0 .functor AND 1, v00000195c8c50c10_0, v00000195c8c50b70_0, C4<1>, C4<1>;
L_00000195c8d0d220 .functor AND 1, L_00000195c8d0d3e0, L_00000195c8d2a5b0, C4<1>, C4<1>;
L_00000195c8d0d290 .functor AND 1, L_00000195c8d0d220, L_00000195c8d29b10, C4<1>, C4<1>;
L_00000195c8d0dca0 .functor OR 1, L_00000195c8d28e90, L_00000195c8d0c8f0, C4<0>, C4<0>;
L_00000195c8d0cab0 .functor AND 1, L_00000195c8d0d290, L_00000195c8d0dca0, C4<1>, C4<1>;
L_00000195c8d0cf80 .functor BUFZ 32, L_00000195c8d291b0, C4<00000000000000000000000000000000>, C4<00000000000000000000000000000000>, C4<00000000000000000000000000000000>;
L_00000195c8d0cb20 .functor BUFZ 4, v00000195c8c6d9d0_0, C4<0000>, C4<0000>, C4<0000>;
L_00000195c8d0da00 .functor BUFZ 32, v00000195c8c6c990_0, C4<00000000000000000000000000000000>, C4<00000000000000000000000000000000>, C4<00000000000000000000000000000000>;
L_00000195c8d0c6c0 .functor AND 1, v00000195c8c512f0_0, v00000195c8c5c870_0, C4<1>, C4<1>;
L_00000195c8d0d990 .functor BUFZ 5, v00000195c8c51250_0, C4<00000>, C4<00000>, C4<00000>;
L_00000195c8d0cdc0 .functor BUFZ 32, L_00000195c8d29d90, C4<00000000000000000000000000000000>, C4<00000000000000000000000000000000>, C4<00000000000000000000000000000000>;
L_00000195c8d0e170 .functor AND 1, v00000195c8c749b0_0, L_00000195c8d29930, C4<1>, C4<1>;
L_00000195c8d0d840 .functor OR 1, L_00000195c8d0d450, v00000195c8c6e010_0, C4<0>, C4<0>;
L_00000195c8d0d0d0 .functor AND 1, L_00000195c8d0d840, L_00000195c8d0e170, C4<1>, C4<1>;
L_00000195c8d0c730 .functor AND 1, L_00000195c8d0c6c0, L_00000195c8d2a830, C4<1>, C4<1>;
L_00000195c8d0c7a0 .functor BUFZ 32, v00000195c8c5c7d0_0, C4<00000000000000000000000000000000>, C4<00000000000000000000000000000000>, C4<00000000000000000000000000000000>;
L_00000195c8d0cb90 .functor BUFZ 5, v00000195c8c51250_0, C4<00000>, C4<00000>, C4<00000>;
L_00000195c8d0e090 .functor BUFZ 32, L_00000195c8d29d90, C4<00000000000000000000000000000000>, C4<00000000000000000000000000000000>, C4<00000000000000000000000000000000>;
v00000195c8c51bb0_0 .var "EX_MEM_alu_result", 31 0;
v00000195c8c50df0_0 .var "EX_MEM_dest", 4 0;
v00000195c8c52d30_0 .var "EX_MEM_gr_we", 0 0;
v00000195c8c511b0_0 .var "EX_MEM_load_size", 1 0;
v00000195c8c51430_0 .var "EX_MEM_load_unsigned", 0 0;
v00000195c8c514d0_0 .var "EX_MEM_mem_we", 0 0;
v00000195c8c52650_0 .var "EX_MEM_pc", 31 0;
v00000195c8c51b10_0 .var "EX_MEM_res_from_mem", 0 0;
v00000195c8c516b0_0 .var "EX_MEM_rkd_value", 31 0;
v00000195c8c52dd0_0 .var "EX_MEM_valid", 0 0;
v00000195c8c526f0_0 .var "ID_EX_alu_op", 14 0;
v00000195c8c51ed0_0 .var "ID_EX_csr_num", 13 0;
v00000195c8c50a30_0 .var "ID_EX_csr_we", 0 0;
v00000195c8c50990_0 .var "ID_EX_csr_wmask", 31 0;
v00000195c8c525b0_0 .var "ID_EX_csr_wvalue", 31 0;
v00000195c8c50d50_0 .var "ID_EX_csrrd", 0 0;
v00000195c8c52e70_0 .var "ID_EX_dest", 4 0;
v00000195c8c51f70_0 .var "ID_EX_div_en", 0 0;
v00000195c8c51750_0 .var "ID_EX_div_mod", 0 0;
v00000195c8c52330_0 .var "ID_EX_div_signed", 0 0;
v00000195c8c52970_0 .var "ID_EX_ertn", 0 0;
v00000195c8c50b70_0 .var "ID_EX_gr_we", 0 0;
v00000195c8c520b0_0 .var "ID_EX_imm", 31 0;
v00000195c8c517f0_0 .var "ID_EX_load_size", 1 0;
v00000195c8c51a70_0 .var "ID_EX_load_unsigned", 0 0;
v00000195c8c51890_0 .var "ID_EX_mem_we", 0 0;
v00000195c8c52470_0 .var "ID_EX_pc", 31 0;
v00000195c8c51930_0 .var "ID_EX_res_from_mem", 0 0;
v00000195c8c50ad0_0 .var "ID_EX_rj_value", 31 0;
v00000195c8c51c50_0 .var "ID_EX_rkd_value", 31 0;
v00000195c8c51cf0_0 .var "ID_EX_src1_is_pc", 0 0;
v00000195c8c51d90_0 .var "ID_EX_src2_is_imm", 0 0;
v00000195c8c521f0_0 .var "ID_EX_store_size", 1 0;
v00000195c8c52790_0 .var "ID_EX_syscall", 0 0;
v00000195c8c50c10_0 .var "ID_EX_valid", 0 0;
v00000195c8c52830_0 .var "IF_ID_inst", 31 0;
v00000195c8c52ab0_0 .var "IF_ID_pc", 31 0;
v00000195c8c52f10_0 .var "IF_ID_valid", 0 0;
v00000195c8c528d0_0 .var "MEM_WB_alu_result", 31 0;
v00000195c8c51250_0 .var "MEM_WB_dest", 4 0;
v00000195c8c512f0_0 .var "MEM_WB_gr_we", 0 0;
v00000195c8c5c910_0 .var "MEM_WB_mem_result", 31 0;
v00000195c8c5c7d0_0 .var "MEM_WB_pc", 31 0;
v00000195c8c5ccd0_0 .var "MEM_WB_res_from_mem", 0 0;
v00000195c8c5c870_0 .var "MEM_WB_valid", 0 0;
L_00000195c8c7b198 .functor BUFT 1, C4<00000000001100>, C4<0>, C4<0>, C4<0>;
v00000195c8c5af70_0 .net/2u *"_ivl_0", 13 0, L_00000195c8c7b198;  1 drivers
v00000195c8c5cf50_0 .net *"_ivl_1000", 0 0, L_00000195c8d029b0;  1 drivers
v00000195c8c5b6f0_0 .net *"_ivl_1002", 0 0, L_00000195c8d02010;  1 drivers
v00000195c8c5bfb0_0 .net *"_ivl_1004", 0 0, L_00000195c8d022b0;  1 drivers
v00000195c8c5be70_0 .net *"_ivl_1006", 0 0, L_00000195c8d025c0;  1 drivers
v00000195c8c5cc30_0 .net *"_ivl_1008", 0 0, L_00000195c8d016e0;  1 drivers
v00000195c8c5ca50_0 .net *"_ivl_101", 0 0, L_00000195c8cd5df0;  1 drivers
v00000195c8c5c410_0 .net *"_ivl_1010", 0 0, L_00000195c8d026a0;  1 drivers
v00000195c8c5c730_0 .net *"_ivl_1011", 31 0, L_00000195c8ce1830;  1 drivers
v00000195c8c5c5f0_0 .net *"_ivl_1013", 31 0, L_00000195c8ce1790;  1 drivers
v00000195c8c5c370_0 .net *"_ivl_1015", 31 0, L_00000195c8ce0f70;  1 drivers
v00000195c8c5b0b0_0 .net *"_ivl_1019", 0 0, L_00000195c8d01910;  1 drivers
v00000195c8c5cb90_0 .net *"_ivl_1021", 0 0, L_00000195c8d01c20;  1 drivers
v00000195c8c5b330_0 .net *"_ivl_1023", 0 0, L_00000195c8d02860;  1 drivers
v00000195c8c5bd30_0 .net *"_ivl_1025", 0 0, L_00000195c8d02320;  1 drivers
v00000195c8c5ab10_0 .net *"_ivl_1027", 0 0, L_00000195c8d028d0;  1 drivers
v00000195c8c5c9b0_0 .net *"_ivl_1029", 0 0, L_00000195c8d01bb0;  1 drivers
v00000195c8c5c190_0 .net *"_ivl_1031", 0 0, L_00000195c8d01c90;  1 drivers
v00000195c8c5b510_0 .net *"_ivl_1033", 0 0, L_00000195c8d02400;  1 drivers
v00000195c8c5b970_0 .net *"_ivl_1035", 0 0, L_00000195c8d01f30;  1 drivers
v00000195c8c5c690_0 .net *"_ivl_1037", 0 0, L_00000195c8d02940;  1 drivers
v00000195c8c5bf10_0 .net *"_ivl_1039", 0 0, L_00000195c8d01520;  1 drivers
v00000195c8c5aa70_0 .net *"_ivl_1041", 0 0, L_00000195c8d01830;  1 drivers
v00000195c8c5b150_0 .net *"_ivl_1043", 0 0, L_00000195c8d01980;  1 drivers
v00000195c8c5acf0_0 .net *"_ivl_1045", 0 0, L_00000195c8d01600;  1 drivers
v00000195c8c5b1f0_0 .net *"_ivl_1049", 0 0, L_00000195c8d01210;  1 drivers
v00000195c8c5caf0_0 .net *"_ivl_105", 0 0, L_00000195c8cd7f10;  1 drivers
v00000195c8c5c230_0 .net *"_ivl_1051", 0 0, L_00000195c8d02a20;  1 drivers
v00000195c8c5c4b0_0 .net *"_ivl_1053", 0 0, L_00000195c8d02a90;  1 drivers
v00000195c8c5cd70_0 .net *"_ivl_1055", 0 0, L_00000195c8d024e0;  1 drivers
v00000195c8c5c050_0 .net *"_ivl_1057", 0 0, L_00000195c8d01d00;  1 drivers
v00000195c8c5b5b0_0 .net *"_ivl_1059", 0 0, L_00000195c8d01280;  1 drivers
v00000195c8c5ba10_0 .net *"_ivl_1061", 0 0, L_00000195c8d01360;  1 drivers
v00000195c8c5b010_0 .net *"_ivl_1063", 0 0, L_00000195c8d01440;  1 drivers
v00000195c8c5ce10_0 .net *"_ivl_1065", 0 0, L_00000195c8d02b00;  1 drivers
v00000195c8c5d090_0 .net *"_ivl_1067", 0 0, L_00000195c8d019f0;  1 drivers
v00000195c8c5b8d0_0 .net *"_ivl_1069", 0 0, L_00000195c8d02710;  1 drivers
v00000195c8c5bab0_0 .net *"_ivl_107", 0 0, L_00000195c8cd9d10;  1 drivers
v00000195c8c5ceb0_0 .net *"_ivl_1071", 0 0, L_00000195c8d01de0;  1 drivers
v00000195c8c5bbf0_0 .net *"_ivl_1073", 0 0, L_00000195c8d021d0;  1 drivers
v00000195c8c5d130_0 .net *"_ivl_1075", 0 0, L_00000195c8d027f0;  1 drivers
v00000195c8c5ae30_0 .net *"_ivl_1077", 0 0, L_00000195c8d014b0;  1 drivers
v00000195c8c5cff0_0 .net *"_ivl_1079", 0 0, L_00000195c8d01590;  1 drivers
v00000195c8c5b290_0 .net *"_ivl_108", 0 0, L_00000195c8b8d3d0;  1 drivers
v00000195c8c5c550_0 .net *"_ivl_1081", 0 0, L_00000195c8d02390;  1 drivers
v00000195c8c5a9d0_0 .net *"_ivl_1083", 0 0, L_00000195c8d02be0;  1 drivers
v00000195c8c5b790_0 .net *"_ivl_1085", 0 0, L_00000195c8d01a60;  1 drivers
v00000195c8c5b3d0_0 .net *"_ivl_1087", 0 0, L_00000195c8d01ad0;  1 drivers
v00000195c8c5b470_0 .net *"_ivl_1089", 0 0, L_00000195c8d02550;  1 drivers
v00000195c8c5abb0_0 .net *"_ivl_1091", 0 0, L_00000195c8d01e50;  1 drivers
v00000195c8c5c0f0_0 .net *"_ivl_1093", 0 0, L_00000195c8d01ec0;  1 drivers
v00000195c8c5c2d0_0 .net *"_ivl_1095", 0 0, L_00000195c8d02080;  1 drivers
v00000195c8c5ac50_0 .net *"_ivl_1097", 0 0, L_00000195c8d03740;  1 drivers
v00000195c8c5ad90_0 .net *"_ivl_1099", 0 0, L_00000195c8d04310;  1 drivers
v00000195c8c5aed0_0 .net *"_ivl_1101", 0 0, L_00000195c8d03a50;  1 drivers
L_00000195c8c7fdd0 .functor BUFT 1, C4<00000>, C4<0>, C4<0>, C4<0>;
v00000195c8c5b650_0 .net/2u *"_ivl_1105", 4 0, L_00000195c8c7fdd0;  1 drivers
v00000195c8c5bdd0_0 .net *"_ivl_1107", 0 0, L_00000195c8ce1470;  1 drivers
v00000195c8c5b830_0 .net *"_ivl_1109", 0 0, L_00000195c8d04540;  1 drivers
v00000195c8c5bb50_0 .net *"_ivl_111", 0 0, L_00000195c8cd9bd0;  1 drivers
v00000195c8c5bc90_0 .net *"_ivl_1111", 0 0, L_00000195c8cdfa30;  1 drivers
v00000195c8c5f7f0_0 .net *"_ivl_1113", 0 0, L_00000195c8d03ac0;  1 drivers
v00000195c8c5e2b0_0 .net *"_ivl_1115", 0 0, L_00000195c8d03cf0;  1 drivers
L_00000195c8c7fe18 .functor BUFT 1, C4<00000>, C4<0>, C4<0>, C4<0>;
v00000195c8c5f1b0_0 .net/2u *"_ivl_1119", 4 0, L_00000195c8c7fe18;  1 drivers
v00000195c8c5dc70_0 .net *"_ivl_112", 0 0, L_00000195c8b8ccd0;  1 drivers
v00000195c8c5db30_0 .net *"_ivl_1121", 0 0, L_00000195c8ce1fb0;  1 drivers
v00000195c8c5f750_0 .net *"_ivl_1123", 0 0, L_00000195c8d041c0;  1 drivers
v00000195c8c5e710_0 .net *"_ivl_1125", 0 0, L_00000195c8ce0570;  1 drivers
v00000195c8c5f390_0 .net *"_ivl_1127", 0 0, L_00000195c8d03890;  1 drivers
v00000195c8c5e5d0_0 .net *"_ivl_1129", 0 0, L_00000195c8d04850;  1 drivers
L_00000195c8c7fe60 .functor BUFT 1, C4<00000>, C4<0>, C4<0>, C4<0>;
v00000195c8c5efd0_0 .net/2u *"_ivl_1133", 4 0, L_00000195c8c7fe60;  1 drivers
v00000195c8c5f430_0 .net *"_ivl_1135", 0 0, L_00000195c8ce1330;  1 drivers
v00000195c8c5e0d0_0 .net *"_ivl_1137", 0 0, L_00000195c8d04770;  1 drivers
v00000195c8c5f250_0 .net *"_ivl_1139", 0 0, L_00000195c8ce1010;  1 drivers
v00000195c8c5f070_0 .net *"_ivl_1141", 0 0, L_00000195c8d03190;  1 drivers
v00000195c8c5ea30_0 .net *"_ivl_1143", 0 0, L_00000195c8d02ef0;  1 drivers
L_00000195c8c7fea8 .functor BUFT 1, C4<00000>, C4<0>, C4<0>, C4<0>;
v00000195c8c5f2f0_0 .net/2u *"_ivl_1147", 4 0, L_00000195c8c7fea8;  1 drivers
v00000195c8c5d770_0 .net *"_ivl_1149", 0 0, L_00000195c8cdffd0;  1 drivers
v00000195c8c5df90_0 .net *"_ivl_115", 0 0, L_00000195c8cd9310;  1 drivers
v00000195c8c5e170_0 .net *"_ivl_1151", 0 0, L_00000195c8d03510;  1 drivers
v00000195c8c5d8b0_0 .net *"_ivl_1153", 0 0, L_00000195c8ce0070;  1 drivers
v00000195c8c5ec10_0 .net *"_ivl_1155", 0 0, L_00000195c8d03820;  1 drivers
v00000195c8c5e030_0 .net *"_ivl_1157", 0 0, L_00000195c8d03900;  1 drivers
v00000195c8c5d6d0_0 .net *"_ivl_1162", 0 0, L_00000195c8d03ba0;  1 drivers
v00000195c8c5d810_0 .net *"_ivl_1164", 0 0, L_00000195c8d044d0;  1 drivers
L_00000195c8c7fef0 .functor BUFT 1, C4<00000>, C4<0>, C4<0>, C4<0>;
v00000195c8c5ee90_0 .net/2u *"_ivl_1165", 4 0, L_00000195c8c7fef0;  1 drivers
v00000195c8c5d950_0 .net *"_ivl_1167", 0 0, L_00000195c8ce0610;  1 drivers
v00000195c8c5d9f0_0 .net *"_ivl_1170", 0 0, L_00000195c8d03f20;  1 drivers
v00000195c8c5da90_0 .net *"_ivl_1171", 0 0, L_00000195c8ce07f0;  1 drivers
v00000195c8c5e7b0_0 .net *"_ivl_1174", 0 0, L_00000195c8d02da0;  1 drivers
v00000195c8c5de50_0 .net *"_ivl_1175", 0 0, L_00000195c8ce09d0;  1 drivers
v00000195c8c5f4d0_0 .net *"_ivl_1178", 0 0, L_00000195c8d03970;  1 drivers
v00000195c8c5dbd0_0 .net *"_ivl_1180", 0 0, L_00000195c8d047e0;  1 drivers
v00000195c8c5e210_0 .net *"_ivl_1187", 31 0, L_00000195c8ce18d0;  1 drivers
v00000195c8c5f570_0 .net *"_ivl_119", 0 0, L_00000195c8cd9e50;  1 drivers
v00000195c8c5f890_0 .net *"_ivl_1207", 0 0, L_00000195c8d05030;  1 drivers
v00000195c8c5f610_0 .net *"_ivl_1209", 0 0, L_00000195c8d049a0;  1 drivers
v00000195c8c5f930_0 .net *"_ivl_121", 0 0, L_00000195c8cda7b0;  1 drivers
v00000195c8c5f6b0_0 .net *"_ivl_122", 0 0, L_00000195c8b8dbb0;  1 drivers
v00000195c8c5d1d0_0 .net *"_ivl_1222", 0 0, L_00000195c8ce2370;  1 drivers
v00000195c8c5d270_0 .net *"_ivl_1226", 0 0, L_00000195c8d29cf0;  1 drivers
v00000195c8c5dd10_0 .net *"_ivl_1230", 0 0, L_00000195c8d285d0;  1 drivers
v00000195c8c5ddb0_0 .net *"_ivl_1245", 31 0, L_00000195c8d2a330;  1 drivers
v00000195c8c5e3f0_0 .net *"_ivl_125", 0 0, L_00000195c8cd9c70;  1 drivers
v00000195c8c5e490_0 .net *"_ivl_1252", 0 0, L_00000195c8d0d3e0;  1 drivers
L_00000195c8c80490 .functor BUFT 1, C4<00000>, C4<0>, C4<0>, C4<0>;
v00000195c8c5e850_0 .net/2u *"_ivl_1253", 4 0, L_00000195c8c80490;  1 drivers
v00000195c8c5d310_0 .net *"_ivl_1255", 0 0, L_00000195c8d2a5b0;  1 drivers
v00000195c8c5e8f0_0 .net *"_ivl_1258", 0 0, L_00000195c8d0d220;  1 drivers
v00000195c8c5d3b0_0 .net *"_ivl_126", 0 0, L_00000195c8b8d980;  1 drivers
v00000195c8c5d450_0 .net *"_ivl_1260", 0 0, L_00000195c8d29b10;  1 drivers
v00000195c8c5def0_0 .net *"_ivl_1262", 0 0, L_00000195c8d0d290;  1 drivers
v00000195c8c5d4f0_0 .net *"_ivl_1264", 0 0, L_00000195c8d28e90;  1 drivers
v00000195c8c5d590_0 .net *"_ivl_1266", 0 0, L_00000195c8d0dca0;  1 drivers
v00000195c8c5ead0_0 .net *"_ivl_1287", 0 0, L_00000195c8d29930;  1 drivers
v00000195c8c5e350_0 .net *"_ivl_129", 0 0, L_00000195c8cd93b0;  1 drivers
v00000195c8c5e990_0 .net *"_ivl_1294", 0 0, L_00000195c8d0d0d0;  1 drivers
v00000195c8c5e530_0 .net *"_ivl_1296", 0 0, L_00000195c8d2a830;  1 drivers
v00000195c8c5e670_0 .net *"_ivl_1301", 3 0, L_00000195c8d2a510;  1 drivers
L_00000195c8c80520 .functor BUFT 1, C4<0000>, C4<0>, C4<0>, C4<0>;
v00000195c8c5eb70_0 .net/2u *"_ivl_1303", 3 0, L_00000195c8c80520;  1 drivers
v00000195c8c5f110_0 .net *"_ivl_133", 0 0, L_00000195c8cda350;  1 drivers
v00000195c8c5d630_0 .net *"_ivl_135", 0 0, L_00000195c8cd98b0;  1 drivers
v00000195c8c5ecb0_0 .net *"_ivl_136", 0 0, L_00000195c8b8d440;  1 drivers
v00000195c8c5ed50_0 .net *"_ivl_139", 0 0, L_00000195c8cda990;  1 drivers
v00000195c8c5edf0_0 .net *"_ivl_140", 0 0, L_00000195c8b8e240;  1 drivers
v00000195c8c5ef30_0 .net *"_ivl_143", 0 0, L_00000195c8cda170;  1 drivers
v00000195c8c60150_0 .net *"_ivl_147", 0 0, L_00000195c8cd8910;  1 drivers
v00000195c8c603d0_0 .net *"_ivl_149", 0 0, L_00000195c8cd8a50;  1 drivers
v00000195c8c61b90_0 .net *"_ivl_150", 0 0, L_00000195c8b8dc20;  1 drivers
v00000195c8c61c30_0 .net *"_ivl_153", 0 0, L_00000195c8cd85f0;  1 drivers
v00000195c8c615f0_0 .net *"_ivl_154", 0 0, L_00000195c8b8e390;  1 drivers
v00000195c8c60510_0 .net *"_ivl_157", 0 0, L_00000195c8cda2b0;  1 drivers
v00000195c8c60e70_0 .net *"_ivl_161", 0 0, L_00000195c8cd9ef0;  1 drivers
v00000195c8c60ab0_0 .net *"_ivl_163", 0 0, L_00000195c8cda030;  1 drivers
v00000195c8c5f9d0_0 .net *"_ivl_164", 0 0, L_00000195c8b8dfa0;  1 drivers
v00000195c8c61410_0 .net *"_ivl_167", 0 0, L_00000195c8cda850;  1 drivers
v00000195c8c61cd0_0 .net *"_ivl_168", 0 0, L_00000195c8b8e160;  1 drivers
v00000195c8c61690_0 .net *"_ivl_171", 0 0, L_00000195c8cd9590;  1 drivers
v00000195c8c61e10_0 .net *"_ivl_175", 0 0, L_00000195c8cda8f0;  1 drivers
v00000195c8c5fbb0_0 .net *"_ivl_177", 0 0, L_00000195c8cd9db0;  1 drivers
v00000195c8c60fb0_0 .net *"_ivl_178", 0 0, L_00000195c8b8dd00;  1 drivers
v00000195c8c61d70_0 .net *"_ivl_181", 0 0, L_00000195c8cd9f90;  1 drivers
v00000195c8c600b0_0 .net *"_ivl_182", 0 0, L_00000195c8b8e470;  1 drivers
v00000195c8c60470_0 .net *"_ivl_185", 0 0, L_00000195c8cd9130;  1 drivers
v00000195c8c605b0_0 .net *"_ivl_189", 0 0, L_00000195c8cd9810;  1 drivers
v00000195c8c60790_0 .net *"_ivl_191", 0 0, L_00000195c8cda530;  1 drivers
v00000195c8c60c90_0 .net *"_ivl_192", 0 0, L_00000195c8b8e4e0;  1 drivers
v00000195c8c61050_0 .net *"_ivl_195", 0 0, L_00000195c8cd8ff0;  1 drivers
v00000195c8c60650_0 .net *"_ivl_196", 0 0, L_00000195c8b8e550;  1 drivers
v00000195c8c61ff0_0 .net *"_ivl_199", 0 0, L_00000195c8cda0d0;  1 drivers
L_00000195c8c7b1e0 .functor BUFT 1, C4<00000000000110>, C4<0>, C4<0>, C4<0>;
v00000195c8c5fa70_0 .net/2u *"_ivl_2", 13 0, L_00000195c8c7b1e0;  1 drivers
v00000195c8c62090_0 .net *"_ivl_203", 0 0, L_00000195c8cd8730;  1 drivers
v00000195c8c61550_0 .net *"_ivl_205", 0 0, L_00000195c8cd87d0;  1 drivers
v00000195c8c5fd90_0 .net *"_ivl_206", 0 0, L_00000195c8b8e5c0;  1 drivers
v00000195c8c5fed0_0 .net *"_ivl_209", 0 0, L_00000195c8cd8870;  1 drivers
v00000195c8c610f0_0 .net *"_ivl_210", 0 0, L_00000195c8b8d600;  1 drivers
v00000195c8c5ff70_0 .net *"_ivl_213", 0 0, L_00000195c8cd8230;  1 drivers
v00000195c8c619b0_0 .net *"_ivl_217", 0 0, L_00000195c8cda210;  1 drivers
v00000195c8c61870_0 .net *"_ivl_219", 0 0, L_00000195c8cda3f0;  1 drivers
v00000195c8c606f0_0 .net *"_ivl_220", 0 0, L_00000195c8b8ce90;  1 drivers
v00000195c8c61eb0_0 .net *"_ivl_223", 0 0, L_00000195c8cd9450;  1 drivers
v00000195c8c60830_0 .net *"_ivl_224", 0 0, L_00000195c8b8e630;  1 drivers
v00000195c8c608d0_0 .net *"_ivl_227", 0 0, L_00000195c8cda490;  1 drivers
v00000195c8c5fc50_0 .net *"_ivl_231", 0 0, L_00000195c8cd82d0;  1 drivers
v00000195c8c61230_0 .net *"_ivl_233", 0 0, L_00000195c8cd94f0;  1 drivers
v00000195c8c61730_0 .net *"_ivl_234", 0 0, L_00000195c8b8cf00;  1 drivers
v00000195c8c60970_0 .net *"_ivl_237", 0 0, L_00000195c8cd91d0;  1 drivers
v00000195c8c601f0_0 .net *"_ivl_238", 0 0, L_00000195c8b8da60;  1 drivers
v00000195c8c60a10_0 .net *"_ivl_241", 0 0, L_00000195c8cd8c30;  1 drivers
v00000195c8c60b50_0 .net *"_ivl_245", 0 0, L_00000195c8cd99f0;  1 drivers
v00000195c8c61a50_0 .net *"_ivl_247", 0 0, L_00000195c8cd9630;  1 drivers
v00000195c8c61f50_0 .net *"_ivl_248", 0 0, L_00000195c8b8dd70;  1 drivers
v00000195c8c60290_0 .net *"_ivl_251", 0 0, L_00000195c8cda5d0;  1 drivers
v00000195c8c61190_0 .net *"_ivl_252", 0 0, L_00000195c8b8dde0;  1 drivers
v00000195c8c62130_0 .net *"_ivl_255", 0 0, L_00000195c8cd96d0;  1 drivers
v00000195c8c617d0_0 .net *"_ivl_259", 0 0, L_00000195c8cd89b0;  1 drivers
v00000195c8c60bf0_0 .net *"_ivl_261", 0 0, L_00000195c8cda710;  1 drivers
v00000195c8c5fb10_0 .net *"_ivl_262", 0 0, L_00000195c8b8e010;  1 drivers
v00000195c8c60010_0 .net *"_ivl_265", 0 0, L_00000195c8cd8af0;  1 drivers
v00000195c8c5fcf0_0 .net *"_ivl_266", 0 0, L_00000195c8b8e080;  1 drivers
v00000195c8c5fe30_0 .net *"_ivl_269", 0 0, L_00000195c8cd9950;  1 drivers
v00000195c8c60f10_0 .net *"_ivl_273", 0 0, L_00000195c8cd8f50;  1 drivers
v00000195c8c60d30_0 .net *"_ivl_275", 0 0, L_00000195c8cd8b90;  1 drivers
v00000195c8c612d0_0 .net *"_ivl_276", 0 0, L_00000195c8b8eb00;  1 drivers
v00000195c8c61910_0 .net *"_ivl_279", 0 0, L_00000195c8cda670;  1 drivers
v00000195c8c61af0_0 .net *"_ivl_280", 0 0, L_00000195c8b8eb70;  1 drivers
v00000195c8c61370_0 .net *"_ivl_283", 0 0, L_00000195c8cd9270;  1 drivers
v00000195c8c60330_0 .net *"_ivl_287", 0 0, L_00000195c8cd8370;  1 drivers
v00000195c8c60dd0_0 .net *"_ivl_289", 0 0, L_00000195c8cd8cd0;  1 drivers
v00000195c8c614b0_0 .net *"_ivl_290", 0 0, L_00000195c8b8ec50;  1 drivers
v00000195c8c63530_0 .net *"_ivl_293", 0 0, L_00000195c8cd8d70;  1 drivers
v00000195c8c62310_0 .net *"_ivl_294", 0 0, L_00000195c8b8ea20;  1 drivers
v00000195c8c62f90_0 .net *"_ivl_297", 0 0, L_00000195c8cd9b30;  1 drivers
v00000195c8c63d50_0 .net *"_ivl_301", 0 0, L_00000195c8cd9a90;  1 drivers
v00000195c8c64390_0 .net *"_ivl_303", 0 0, L_00000195c8cd8e10;  1 drivers
v00000195c8c635d0_0 .net *"_ivl_304", 0 0, L_00000195c8b8eda0;  1 drivers
v00000195c8c63fd0_0 .net *"_ivl_307", 0 0, L_00000195c8cd8410;  1 drivers
v00000195c8c64430_0 .net *"_ivl_308", 0 0, L_00000195c8b8ed30;  1 drivers
v00000195c8c623b0_0 .net *"_ivl_311", 0 0, L_00000195c8cd9770;  1 drivers
v00000195c8c633f0_0 .net *"_ivl_315", 0 0, L_00000195c8cd9090;  1 drivers
v00000195c8c63490_0 .net *"_ivl_317", 0 0, L_00000195c8cd84b0;  1 drivers
v00000195c8c63c10_0 .net *"_ivl_318", 0 0, L_00000195c8b8ee10;  1 drivers
v00000195c8c63cb0_0 .net *"_ivl_321", 0 0, L_00000195c8cd8550;  1 drivers
v00000195c8c62450_0 .net *"_ivl_322", 0 0, L_00000195c8b8efd0;  1 drivers
v00000195c8c644d0_0 .net *"_ivl_325", 0 0, L_00000195c8cd8eb0;  1 drivers
v00000195c8c64070_0 .net *"_ivl_329", 0 0, L_00000195c8cd8690;  1 drivers
v00000195c8c63990_0 .net *"_ivl_331", 0 0, L_00000195c8cdcdd0;  1 drivers
v00000195c8c62d10_0 .net *"_ivl_332", 0 0, L_00000195c8b8eef0;  1 drivers
v00000195c8c63170_0 .net *"_ivl_335", 0 0, L_00000195c8cdd050;  1 drivers
v00000195c8c63e90_0 .net *"_ivl_336", 0 0, L_00000195c8b8e940;  1 drivers
v00000195c8c63670_0 .net *"_ivl_339", 0 0, L_00000195c8cdad50;  1 drivers
v00000195c8c62270_0 .net *"_ivl_343", 0 0, L_00000195c8cdafd0;  1 drivers
v00000195c8c62950_0 .net *"_ivl_345", 0 0, L_00000195c8cdc8d0;  1 drivers
v00000195c8c624f0_0 .net *"_ivl_349", 0 0, L_00000195c8cdbed0;  1 drivers
v00000195c8c629f0_0 .net *"_ivl_351", 0 0, L_00000195c8cdcc90;  1 drivers
v00000195c8c642f0_0 .net *"_ivl_355", 0 0, L_00000195c8cdb390;  1 drivers
v00000195c8c63a30_0 .net *"_ivl_357", 0 0, L_00000195c8cdc650;  1 drivers
v00000195c8c63b70_0 .net *"_ivl_361", 0 0, L_00000195c8cdb110;  1 drivers
v00000195c8c64570_0 .net *"_ivl_363", 0 0, L_00000195c8cdd0f0;  1 drivers
v00000195c8c63850_0 .net *"_ivl_367", 0 0, L_00000195c8cdbd90;  1 drivers
v00000195c8c62db0_0 .net *"_ivl_369", 0 0, L_00000195c8cdb4d0;  1 drivers
v00000195c8c63210_0 .net *"_ivl_373", 0 0, L_00000195c8cdac10;  1 drivers
v00000195c8c62770_0 .net *"_ivl_375", 0 0, L_00000195c8cdcbf0;  1 drivers
v00000195c8c63f30_0 .net *"_ivl_379", 0 0, L_00000195c8cdbbb0;  1 drivers
v00000195c8c64890_0 .net *"_ivl_381", 0 0, L_00000195c8cdcd30;  1 drivers
v00000195c8c630d0_0 .net *"_ivl_385", 0 0, L_00000195c8cdc830;  1 drivers
v00000195c8c632b0_0 .net *"_ivl_387", 0 0, L_00000195c8cdc010;  1 drivers
v00000195c8c64610_0 .net *"_ivl_391", 0 0, L_00000195c8cdb070;  1 drivers
v00000195c8c63710_0 .net *"_ivl_393", 0 0, L_00000195c8cdb7f0;  1 drivers
v00000195c8c64930_0 .net *"_ivl_397", 0 0, L_00000195c8cdc970;  1 drivers
v00000195c8c62630_0 .net *"_ivl_399", 0 0, L_00000195c8cdb1b0;  1 drivers
v00000195c8c64110_0 .net *"_ivl_403", 0 0, L_00000195c8cdaf30;  1 drivers
v00000195c8c62810_0 .net *"_ivl_405", 0 0, L_00000195c8cdc6f0;  1 drivers
v00000195c8c63df0_0 .net *"_ivl_409", 0 0, L_00000195c8cdb250;  1 drivers
v00000195c8c647f0_0 .net *"_ivl_41", 9 0, L_00000195c8c75090;  1 drivers
v00000195c8c63030_0 .net *"_ivl_411", 0 0, L_00000195c8cdc0b0;  1 drivers
v00000195c8c628b0_0 .net *"_ivl_415", 0 0, L_00000195c8cdce70;  1 drivers
v00000195c8c62a90_0 .net *"_ivl_417", 0 0, L_00000195c8cdadf0;  1 drivers
v00000195c8c641b0_0 .net *"_ivl_421", 0 0, L_00000195c8cdbf70;  1 drivers
v00000195c8c637b0_0 .net *"_ivl_423", 0 0, L_00000195c8cdb610;  1 drivers
v00000195c8c638f0_0 .net *"_ivl_43", 15 0, L_00000195c8c74190;  1 drivers
v00000195c8c63ad0_0 .net *"_ivl_445", 0 0, L_00000195c8cdb6b0;  1 drivers
v00000195c8c64250_0 .net *"_ivl_447", 0 0, L_00000195c8cdcab0;  1 drivers
v00000195c8c646b0_0 .net *"_ivl_448", 0 0, L_00000195c8cf4730;  1 drivers
v00000195c8c64750_0 .net *"_ivl_455", 5 0, L_00000195c8cdbcf0;  1 drivers
L_00000195c8c7f488 .functor BUFT 1, C4<000001>, C4<0>, C4<0>, C4<0>;
v00000195c8c621d0_0 .net/2u *"_ivl_456", 5 0, L_00000195c8c7f488;  1 drivers
v00000195c8c62590_0 .net *"_ivl_458", 0 0, L_00000195c8cdc150;  1 drivers
v00000195c8c626d0_0 .net *"_ivl_461", 1 0, L_00000195c8cdca10;  1 drivers
L_00000195c8c7f4d0 .functor BUFT 1, C4<00>, C4<0>, C4<0>, C4<0>;
v00000195c8c62b30_0 .net/2u *"_ivl_462", 1 0, L_00000195c8c7f4d0;  1 drivers
v00000195c8c62bd0_0 .net *"_ivl_464", 0 0, L_00000195c8cdc290;  1 drivers
v00000195c8c63350_0 .net *"_ivl_467", 0 0, L_00000195c8cf3e70;  1 drivers
v00000195c8c62c70_0 .net *"_ivl_469", 4 0, L_00000195c8cdb570;  1 drivers
L_00000195c8c7f518 .functor BUFT 1, C4<00000>, C4<0>, C4<0>, C4<0>;
v00000195c8c62e50_0 .net/2u *"_ivl_470", 4 0, L_00000195c8c7f518;  1 drivers
v00000195c8c62ef0_0 .net *"_ivl_472", 0 0, L_00000195c8cdb750;  1 drivers
v00000195c8c65790_0 .net *"_ivl_477", 5 0, L_00000195c8cdc330;  1 drivers
L_00000195c8c7f560 .functor BUFT 1, C4<000001>, C4<0>, C4<0>, C4<0>;
v00000195c8c66550_0 .net/2u *"_ivl_478", 5 0, L_00000195c8c7f560;  1 drivers
v00000195c8c66b90_0 .net *"_ivl_480", 0 0, L_00000195c8cdb890;  1 drivers
v00000195c8c65dd0_0 .net *"_ivl_483", 1 0, L_00000195c8cdb930;  1 drivers
L_00000195c8c7f5a8 .functor BUFT 1, C4<00>, C4<0>, C4<0>, C4<0>;
v00000195c8c65bf0_0 .net/2u *"_ivl_484", 1 0, L_00000195c8c7f5a8;  1 drivers
v00000195c8c653d0_0 .net *"_ivl_486", 0 0, L_00000195c8cdcb50;  1 drivers
v00000195c8c66af0_0 .net *"_ivl_489", 0 0, L_00000195c8cf3c40;  1 drivers
v00000195c8c64bb0_0 .net *"_ivl_49", 0 0, L_00000195c8cd6c50;  1 drivers
v00000195c8c64c50_0 .net *"_ivl_491", 4 0, L_00000195c8cdba70;  1 drivers
L_00000195c8c7f5f0 .functor BUFT 1, C4<00001>, C4<0>, C4<0>, C4<0>;
v00000195c8c65fb0_0 .net/2u *"_ivl_492", 4 0, L_00000195c8c7f5f0;  1 drivers
v00000195c8c65a10_0 .net *"_ivl_494", 0 0, L_00000195c8cdbb10;  1 drivers
v00000195c8c66190_0 .net *"_ivl_499", 5 0, L_00000195c8cdbe30;  1 drivers
L_00000195c8c7f638 .functor BUFT 1, C4<000001>, C4<0>, C4<0>, C4<0>;
v00000195c8c65470_0 .net/2u *"_ivl_500", 5 0, L_00000195c8c7f638;  1 drivers
v00000195c8c66a50_0 .net *"_ivl_502", 0 0, L_00000195c8cdcf10;  1 drivers
v00000195c8c65510_0 .net *"_ivl_505", 1 0, L_00000195c8cdc3d0;  1 drivers
L_00000195c8c7f680 .functor BUFT 1, C4<00>, C4<0>, C4<0>, C4<0>;
v00000195c8c667d0_0 .net/2u *"_ivl_506", 1 0, L_00000195c8c7f680;  1 drivers
v00000195c8c67090_0 .net *"_ivl_508", 0 0, L_00000195c8cdcfb0;  1 drivers
v00000195c8c65d30_0 .net *"_ivl_51", 0 0, L_00000195c8cd6cf0;  1 drivers
v00000195c8c66050_0 .net *"_ivl_511", 0 0, L_00000195c8cf45e0;  1 drivers
v00000195c8c66c30_0 .net *"_ivl_513", 4 0, L_00000195c8cdd190;  1 drivers
L_00000195c8c7f6c8 .functor BUFT 1, C4<00000>, C4<0>, C4<0>, C4<0>;
v00000195c8c64ed0_0 .net/2u *"_ivl_514", 4 0, L_00000195c8c7f6c8;  1 drivers
v00000195c8c64f70_0 .net *"_ivl_516", 0 0, L_00000195c8cdaad0;  1 drivers
v00000195c8c65150_0 .net *"_ivl_519", 0 0, L_00000195c8cf3690;  1 drivers
v00000195c8c660f0_0 .net *"_ivl_52", 0 0, L_00000195c8b8dc90;  1 drivers
v00000195c8c66ff0_0 .net *"_ivl_521", 4 0, L_00000195c8cdc510;  1 drivers
L_00000195c8c7f710 .functor BUFT 1, C4<00001>, C4<0>, C4<0>, C4<0>;
v00000195c8c65010_0 .net/2u *"_ivl_522", 4 0, L_00000195c8c7f710;  1 drivers
v00000195c8c64cf0_0 .net *"_ivl_524", 0 0, L_00000195c8cdc5b0;  1 drivers
L_00000195c8c7f758 .functor BUFT 1, C4<00000110010010000011100000000000>, C4<0>, C4<0>, C4<0>;
v00000195c8c66cd0_0 .net/2u *"_ivl_528", 31 0, L_00000195c8c7f758;  1 drivers
v00000195c8c67130_0 .net *"_ivl_533", 16 0, L_00000195c8cdd910;  1 drivers
L_00000195c8c7f7a0 .functor BUFT 1, C4<00000000001010110>, C4<0>, C4<0>, C4<0>;
v00000195c8c66d70_0 .net/2u *"_ivl_534", 16 0, L_00000195c8c7f7a0;  1 drivers
v00000195c8c649d0_0 .net *"_ivl_540", 0 0, L_00000195c8cf3d20;  1 drivers
v00000195c8c66e10_0 .net *"_ivl_542", 0 0, L_00000195c8cf3ee0;  1 drivers
v00000195c8c669b0_0 .net *"_ivl_544", 0 0, L_00000195c8cf4650;  1 drivers
v00000195c8c65970_0 .net *"_ivl_546", 0 0, L_00000195c8cf32a0;  1 drivers
v00000195c8c655b0_0 .net *"_ivl_548", 0 0, L_00000195c8cf38c0;  1 drivers
v00000195c8c65ab0_0 .net *"_ivl_55", 0 0, L_00000195c8cd5ad0;  1 drivers
v00000195c8c66870_0 .net *"_ivl_550", 0 0, L_00000195c8cf3380;  1 drivers
v00000195c8c66230_0 .net *"_ivl_552", 0 0, L_00000195c8cf4180;  1 drivers
v00000195c8c66eb0_0 .net *"_ivl_554", 0 0, L_00000195c8cf4500;  1 drivers
v00000195c8c650b0_0 .net *"_ivl_556", 0 0, L_00000195c8cf41f0;  1 drivers
v00000195c8c65830_0 .net *"_ivl_558", 0 0, L_00000195c8cf4ce0;  1 drivers
v00000195c8c65650_0 .net *"_ivl_56", 0 0, L_00000195c8b8cd40;  1 drivers
v00000195c8c66910_0 .net *"_ivl_560", 0 0, L_00000195c8cf43b0;  1 drivers
v00000195c8c64a70_0 .net *"_ivl_562", 0 0, L_00000195c8cf4d50;  1 drivers
v00000195c8c66f50_0 .net *"_ivl_567", 0 0, L_00000195c8cf4570;  1 drivers
v00000195c8c651f0_0 .net *"_ivl_570", 0 0, L_00000195c8cf4b20;  1 drivers
v00000195c8c64d90_0 .net *"_ivl_574", 0 0, L_00000195c8cf3a10;  1 drivers
v00000195c8c66690_0 .net *"_ivl_578", 0 0, L_00000195c8cf3f50;  1 drivers
v00000195c8c65290_0 .net *"_ivl_583", 0 0, L_00000195c8cf3700;  1 drivers
v00000195c8c656f0_0 .net *"_ivl_586", 0 0, L_00000195c8cf4420;  1 drivers
v00000195c8c64b10_0 .net *"_ivl_59", 0 0, L_00000195c8cd6d90;  1 drivers
v00000195c8c64e30_0 .net *"_ivl_590", 0 0, L_00000195c8cf3d90;  1 drivers
v00000195c8c665f0_0 .net *"_ivl_594", 0 0, L_00000195c8cf4260;  1 drivers
v00000195c8c658d0_0 .net *"_ivl_598", 0 0, L_00000195c8cf37e0;  1 drivers
L_00000195c8c7b228 .functor BUFT 1, C4<00000000000000000000000000000100>, C4<0>, C4<0>, C4<0>;
v00000195c8c65e70_0 .net/2u *"_ivl_6", 31 0, L_00000195c8c7b228;  1 drivers
v00000195c8c65b50_0 .net *"_ivl_602", 0 0, L_00000195c8cf42d0;  1 drivers
v00000195c8c65330_0 .net *"_ivl_607", 0 0, L_00000195c8cf40a0;  1 drivers
v00000195c8c66410_0 .net *"_ivl_611", 0 0, L_00000195c8cf4960;  1 drivers
v00000195c8c65c90_0 .net *"_ivl_615", 0 0, L_00000195c8cf46c0;  1 drivers
v00000195c8c66730_0 .net *"_ivl_620", 0 0, L_00000195c8cf49d0;  1 drivers
v00000195c8c65f10_0 .net *"_ivl_621", 0 0, L_00000195c8cf3770;  1 drivers
v00000195c8c662d0_0 .net *"_ivl_623", 0 0, L_00000195c8cf4b90;  1 drivers
v00000195c8c66370_0 .net *"_ivl_63", 0 0, L_00000195c8cd73d0;  1 drivers
v00000195c8c664b0_0 .net *"_ivl_631", 0 0, L_00000195c8cf3850;  1 drivers
v00000195c8c67450_0 .net *"_ivl_635", 0 0, L_00000195c8cf3b60;  1 drivers
v00000195c8c67590_0 .net *"_ivl_639", 0 0, L_00000195c8cf3310;  1 drivers
v00000195c8c67630_0 .net *"_ivl_641", 0 0, L_00000195c8cf33f0;  1 drivers
v00000195c8c676d0_0 .net *"_ivl_643", 0 0, L_00000195c8cf4110;  1 drivers
v00000195c8c678b0_0 .net *"_ivl_645", 0 0, L_00000195c8cf3930;  1 drivers
v00000195c8c679f0_0 .net *"_ivl_647", 0 0, L_00000195c8cf3460;  1 drivers
v00000195c8c67770_0 .net *"_ivl_649", 0 0, L_00000195c8cf4810;  1 drivers
v00000195c8c68030_0 .net *"_ivl_65", 0 0, L_00000195c8cd7510;  1 drivers
v00000195c8c671d0_0 .net *"_ivl_651", 0 0, L_00000195c8cf34d0;  1 drivers
v00000195c8c67270_0 .net *"_ivl_653", 0 0, L_00000195c8cf4880;  1 drivers
v00000195c8c67d10_0 .net *"_ivl_655", 0 0, L_00000195c8cf39a0;  1 drivers
v00000195c8c674f0_0 .net *"_ivl_659", 0 0, L_00000195c8cf5300;  1 drivers
v00000195c8c67810_0 .net *"_ivl_66", 0 0, L_00000195c8b8e400;  1 drivers
v00000195c8c67b30_0 .net *"_ivl_672", 0 0, L_00000195c8cde630;  1 drivers
v00000195c8c67950_0 .net *"_ivl_673", 11 0, L_00000195c8cdf030;  1 drivers
v00000195c8c67ef0_0 .net *"_ivl_675", 31 0, L_00000195c8cdd410;  1 drivers
v00000195c8c67e50_0 .net *"_ivl_679", 19 0, L_00000195c8cdf0d0;  1 drivers
L_00000195c8c7f7e8 .functor BUFT 1, C4<000000000000>, C4<0>, C4<0>, C4<0>;
v00000195c8c67a90_0 .net *"_ivl_681", 11 0, L_00000195c8c7f7e8;  1 drivers
L_00000195c8c7f830 .functor BUFT 1, C4<00000000000000000000000000000100>, C4<0>, C4<0>, C4<0>;
v00000195c8c67310_0 .net/2u *"_ivl_683", 31 0, L_00000195c8c7f830;  1 drivers
L_00000195c8c7f878 .functor BUFT 1, C4<000000000000>, C4<0>, C4<0>, C4<0>;
v00000195c8c67bd0_0 .net/2u *"_ivl_685", 11 0, L_00000195c8c7f878;  1 drivers
v00000195c8c67c70_0 .net *"_ivl_687", 31 0, L_00000195c8cddff0;  1 drivers
L_00000195c8c7f8c0 .functor BUFT 1, C4<000000000000000000000000000>, C4<0>, C4<0>, C4<0>;
v00000195c8c67db0_0 .net/2u *"_ivl_689", 26 0, L_00000195c8c7f8c0;  1 drivers
v00000195c8c67f90_0 .net *"_ivl_69", 0 0, L_00000195c8cd6e30;  1 drivers
v00000195c8c673b0_0 .net *"_ivl_692", 4 0, L_00000195c8cdd9b0;  1 drivers
v00000195c8c59170_0 .net *"_ivl_693", 31 0, L_00000195c8cdd7d0;  1 drivers
L_00000195c8c7f908 .functor BUFT 1, C4<00000000000000000000>, C4<0>, C4<0>, C4<0>;
v00000195c8c588b0_0 .net/2u *"_ivl_695", 19 0, L_00000195c8c7f908;  1 drivers
v00000195c8c58d10_0 .net *"_ivl_697", 31 0, L_00000195c8cde8b0;  1 drivers
v00000195c8c58c70_0 .net *"_ivl_70", 0 0, L_00000195c8b8d8a0;  1 drivers
v00000195c8c5a250_0 .net *"_ivl_700", 0 0, L_00000195c8cdd4b0;  1 drivers
v00000195c8c5a570_0 .net *"_ivl_701", 19 0, L_00000195c8cdeef0;  1 drivers
v00000195c8c589f0_0 .net *"_ivl_703", 31 0, L_00000195c8cddc30;  1 drivers
v00000195c8c597b0_0 .net *"_ivl_705", 31 0, L_00000195c8cdd370;  1 drivers
v00000195c8c5a610_0 .net *"_ivl_707", 31 0, L_00000195c8cdf490;  1 drivers
v00000195c8c59e90_0 .net *"_ivl_709", 31 0, L_00000195c8cdf2b0;  1 drivers
v00000195c8c590d0_0 .net *"_ivl_711", 31 0, L_00000195c8cdf5d0;  1 drivers
v00000195c8c5a930_0 .net *"_ivl_716", 0 0, L_00000195c8cde450;  1 drivers
v00000195c8c58770_0 .net *"_ivl_717", 3 0, L_00000195c8cde4f0;  1 drivers
L_00000195c8c7f950 .functor BUFT 1, C4<00>, C4<0>, C4<0>, C4<0>;
v00000195c8c5a750_0 .net/2u *"_ivl_719", 1 0, L_00000195c8c7f950;  1 drivers
v00000195c8c58590_0 .net *"_ivl_721", 31 0, L_00000195c8cdda50;  1 drivers
v00000195c8c59670_0 .net *"_ivl_724", 0 0, L_00000195c8cddcd0;  1 drivers
v00000195c8c58f90_0 .net *"_ivl_725", 13 0, L_00000195c8cddd70;  1 drivers
L_00000195c8c7f998 .functor BUFT 1, C4<00>, C4<0>, C4<0>, C4<0>;
v00000195c8c59a30_0 .net/2u *"_ivl_727", 1 0, L_00000195c8c7f998;  1 drivers
v00000195c8c59f30_0 .net *"_ivl_729", 31 0, L_00000195c8cdde10;  1 drivers
v00000195c8c59df0_0 .net *"_ivl_73", 0 0, L_00000195c8cd7790;  1 drivers
v00000195c8c59b70_0 .net *"_ivl_734", 0 0, L_00000195c8cdd2d0;  1 drivers
v00000195c8c58950_0 .net *"_ivl_735", 13 0, L_00000195c8cde950;  1 drivers
L_00000195c8c7f9e0 .functor BUFT 1, C4<00>, C4<0>, C4<0>, C4<0>;
v00000195c8c5a390_0 .net/2u *"_ivl_737", 1 0, L_00000195c8c7f9e0;  1 drivers
v00000195c8c58b30_0 .net *"_ivl_741", 0 0, L_00000195c8cf5d80;  1 drivers
v00000195c8c59530_0 .net *"_ivl_743", 0 0, L_00000195c8cf5220;  1 drivers
v00000195c8c58310_0 .net *"_ivl_745", 0 0, L_00000195c8cf4ff0;  1 drivers
v00000195c8c59030_0 .net *"_ivl_747", 0 0, L_00000195c8cf5610;  1 drivers
v00000195c8c59d50_0 .net *"_ivl_749", 0 0, L_00000195c8cf5680;  1 drivers
v00000195c8c5a430_0 .net *"_ivl_751", 0 0, L_00000195c8cf5840;  1 drivers
v00000195c8c595d0_0 .net *"_ivl_753", 0 0, L_00000195c8cf58b0;  1 drivers
v00000195c8c59fd0_0 .net *"_ivl_755", 0 0, L_00000195c8cf5920;  1 drivers
v00000195c8c5a4d0_0 .net *"_ivl_757", 0 0, L_00000195c8cf5990;  1 drivers
v00000195c8c5a070_0 .net *"_ivl_761", 0 0, L_00000195c8cf5ed0;  1 drivers
v00000195c8c59990_0 .net *"_ivl_765", 0 0, L_00000195c8cf63a0;  1 drivers
v00000195c8c58db0_0 .net *"_ivl_767", 0 0, L_00000195c8cf5e60;  1 drivers
v00000195c8c59210_0 .net *"_ivl_769", 0 0, L_00000195c8cf5290;  1 drivers
v00000195c8c5a110_0 .net *"_ivl_77", 0 0, L_00000195c8cd75b0;  1 drivers
v00000195c8c59710_0 .net *"_ivl_771", 0 0, L_00000195c8cf5f40;  1 drivers
v00000195c8c58270_0 .net *"_ivl_773", 0 0, L_00000195c8cf6170;  1 drivers
v00000195c8c58a90_0 .net *"_ivl_775", 0 0, L_00000195c8cf5a00;  1 drivers
v00000195c8c584f0_0 .net *"_ivl_777", 0 0, L_00000195c8cf6950;  1 drivers
v00000195c8c58bd0_0 .net *"_ivl_779", 0 0, L_00000195c8cf6560;  1 drivers
v00000195c8c5a2f0_0 .net *"_ivl_781", 0 0, L_00000195c8cf56f0;  1 drivers
v00000195c8c59ad0_0 .net *"_ivl_783", 0 0, L_00000195c8cf68e0;  1 drivers
v00000195c8c59c10_0 .net *"_ivl_785", 0 0, L_00000195c8cf69c0;  1 drivers
v00000195c8c5a6b0_0 .net *"_ivl_787", 0 0, L_00000195c8cf5ae0;  1 drivers
v00000195c8c59850_0 .net *"_ivl_789", 0 0, L_00000195c8cf5d10;  1 drivers
v00000195c8c58e50_0 .net *"_ivl_79", 0 0, L_00000195c8cd7650;  1 drivers
v00000195c8c592b0_0 .net *"_ivl_791", 0 0, L_00000195c8cf50d0;  1 drivers
v00000195c8c58810_0 .net *"_ivl_793", 0 0, L_00000195c8cf6330;  1 drivers
v00000195c8c5a1b0_0 .net *"_ivl_795", 0 0, L_00000195c8cf5370;  1 drivers
v00000195c8c5a890_0 .net *"_ivl_797", 0 0, L_00000195c8cf54c0;  1 drivers
v00000195c8c59350_0 .net *"_ivl_799", 0 0, L_00000195c8cf6250;  1 drivers
v00000195c8c593f0_0 .net *"_ivl_80", 0 0, L_00000195c8b8d910;  1 drivers
v00000195c8c5a7f0_0 .net *"_ivl_801", 0 0, L_00000195c8cf53e0;  1 drivers
v00000195c8c59490_0 .net *"_ivl_805", 0 0, L_00000195c8cf6480;  1 drivers
v00000195c8c581d0_0 .net *"_ivl_807", 0 0, L_00000195c8cf55a0;  1 drivers
v00000195c8c58630_0 .net *"_ivl_809", 0 0, L_00000195c8cf5b50;  1 drivers
v00000195c8c583b0_0 .net *"_ivl_815", 0 0, L_00000195c8cf5ca0;  1 drivers
v00000195c8c58ef0_0 .net *"_ivl_817", 0 0, L_00000195c8cf5530;  1 drivers
v00000195c8c59cb0_0 .net *"_ivl_819", 0 0, L_00000195c8cf5df0;  1 drivers
v00000195c8c58450_0 .net *"_ivl_821", 0 0, L_00000195c8cf65d0;  1 drivers
v00000195c8c598f0_0 .net *"_ivl_823", 0 0, L_00000195c8cf5fb0;  1 drivers
v00000195c8c586d0_0 .net *"_ivl_825", 0 0, L_00000195c8cf6090;  1 drivers
v00000195c8c6a0f0_0 .net *"_ivl_827", 0 0, L_00000195c8cf6100;  1 drivers
v00000195c8c69a10_0 .net *"_ivl_829", 0 0, L_00000195c8cf5450;  1 drivers
v00000195c8c6b090_0 .net *"_ivl_83", 0 0, L_00000195c8cd7970;  1 drivers
v00000195c8c69f10_0 .net *"_ivl_831", 0 0, L_00000195c8cf4e30;  1 drivers
v00000195c8c6b130_0 .net *"_ivl_833", 0 0, L_00000195c8cf61e0;  1 drivers
v00000195c8c6b450_0 .net *"_ivl_835", 0 0, L_00000195c8cf6640;  1 drivers
v00000195c8c698d0_0 .net *"_ivl_837", 0 0, L_00000195c8cf5760;  1 drivers
v00000195c8c6b770_0 .net *"_ivl_839", 0 0, L_00000195c8cf66b0;  1 drivers
v00000195c8c69ab0_0 .net *"_ivl_84", 0 0, L_00000195c8b8d0c0;  1 drivers
v00000195c8c6aeb0_0 .net *"_ivl_841", 0 0, L_00000195c8cf6720;  1 drivers
v00000195c8c6b8b0_0 .net *"_ivl_843", 0 0, L_00000195c8cf6790;  1 drivers
v00000195c8c6b810_0 .net *"_ivl_845", 0 0, L_00000195c8cf6870;  1 drivers
v00000195c8c6a2d0_0 .net *"_ivl_847", 0 0, L_00000195c8cf4ea0;  1 drivers
v00000195c8c6b1d0_0 .net *"_ivl_849", 0 0, L_00000195c8cf4f10;  1 drivers
v00000195c8c69c90_0 .net *"_ivl_851", 0 0, L_00000195c8cf5140;  1 drivers
v00000195c8c69b50_0 .net *"_ivl_853", 0 0, L_00000195c8cf51b0;  1 drivers
v00000195c8c69970_0 .net *"_ivl_855", 0 0, L_00000195c8cf6bf0;  1 drivers
v00000195c8c6a870_0 .net *"_ivl_857", 0 0, L_00000195c8cf6a30;  1 drivers
v00000195c8c6a5f0_0 .net *"_ivl_861", 0 0, L_00000195c8cf7050;  1 drivers
L_00000195c8c7fa28 .functor BUFT 1, C4<00001>, C4<0>, C4<0>, C4<0>;
v00000195c8c6a410_0 .net/2u *"_ivl_865", 4 0, L_00000195c8c7fa28;  1 drivers
v00000195c8c69bf0_0 .net *"_ivl_87", 0 0, L_00000195c8cd6390;  1 drivers
v00000195c8c6a190_0 .net *"_ivl_878", 0 0, L_00000195c8cf6aa0;  1 drivers
L_00000195c8c7fc20 .functor BUFT 1, C4<00000>, C4<0>, C4<0>, C4<0>;
v00000195c8c6a370_0 .net/2u *"_ivl_879", 4 0, L_00000195c8c7fc20;  1 drivers
v00000195c8c6aff0_0 .net *"_ivl_881", 0 0, L_00000195c8cde270;  1 drivers
L_00000195c8c7fc68 .functor BUFT 1, C4<00000>, C4<0>, C4<0>, C4<0>;
v00000195c8c6a7d0_0 .net/2u *"_ivl_885", 4 0, L_00000195c8c7fc68;  1 drivers
v00000195c8c6a230_0 .net *"_ivl_887", 0 0, L_00000195c8cde310;  1 drivers
v00000195c8c6a9b0_0 .net *"_ivl_893", 0 0, L_00000195c8cdef90;  1 drivers
v00000195c8c69790_0 .net *"_ivl_897", 0 0, L_00000195c8cdea90;  1 drivers
v00000195c8c69fb0_0 .net *"_ivl_901", 0 0, L_00000195c8cdf8f0;  1 drivers
L_00000195c8c7fcb0 .functor BUFT 1, C4<00000>, C4<0>, C4<0>, C4<0>;
v00000195c8c6b270_0 .net/2u *"_ivl_905", 4 0, L_00000195c8c7fcb0;  1 drivers
v00000195c8c6b950_0 .net *"_ivl_907", 0 0, L_00000195c8cdebd0;  1 drivers
L_00000195c8c7fcf8 .functor BUFT 1, C4<00000000000000000000000000000000>, C4<0>, C4<0>, C4<0>;
v00000195c8c6b310_0 .net/2u *"_ivl_909", 31 0, L_00000195c8c7fcf8;  1 drivers
v00000195c8c691f0_0 .net *"_ivl_91", 0 0, L_00000195c8cd7e70;  1 drivers
v00000195c8c6b4f0_0 .net *"_ivl_911", 31 0, L_00000195c8cdf210;  1 drivers
v00000195c8c696f0_0 .net *"_ivl_913", 31 0, L_00000195c8cdeb30;  1 drivers
v00000195c8c693d0_0 .net *"_ivl_915", 31 0, L_00000195c8cdf3f0;  1 drivers
v00000195c8c6af50_0 .net *"_ivl_919", 0 0, L_00000195c8cdf990;  1 drivers
v00000195c8c6b590_0 .net *"_ivl_923", 0 0, L_00000195c8cdd230;  1 drivers
v00000195c8c6aaf0_0 .net *"_ivl_927", 0 0, L_00000195c8cdd5f0;  1 drivers
v00000195c8c69d30_0 .net *"_ivl_93", 0 0, L_00000195c8cd7a10;  1 drivers
L_00000195c8c7fd40 .functor BUFT 1, C4<00000>, C4<0>, C4<0>, C4<0>;
v00000195c8c6b3b0_0 .net/2u *"_ivl_931", 4 0, L_00000195c8c7fd40;  1 drivers
v00000195c8c6b630_0 .net *"_ivl_933", 0 0, L_00000195c8cde810;  1 drivers
L_00000195c8c7fd88 .functor BUFT 1, C4<00000000000000000000000000000000>, C4<0>, C4<0>, C4<0>;
v00000195c8c69510_0 .net/2u *"_ivl_935", 31 0, L_00000195c8c7fd88;  1 drivers
v00000195c8c6b6d0_0 .net *"_ivl_937", 31 0, L_00000195c8cdd690;  1 drivers
v00000195c8c6ae10_0 .net *"_ivl_939", 31 0, L_00000195c8cdec70;  1 drivers
v00000195c8c69dd0_0 .net *"_ivl_94", 0 0, L_00000195c8b8dec0;  1 drivers
v00000195c8c69290_0 .net *"_ivl_941", 31 0, L_00000195c8cde3b0;  1 drivers
v00000195c8c6aa50_0 .net *"_ivl_956", 0 0, L_00000195c8cf6b80;  1 drivers
v00000195c8c69330_0 .net *"_ivl_958", 0 0, L_00000195c8ce2050;  1 drivers
v00000195c8c69470_0 .net *"_ivl_960", 0 0, L_00000195c8d02470;  1 drivers
v00000195c8c69e70_0 .net *"_ivl_962", 0 0, L_00000195c8d02cc0;  1 drivers
v00000195c8c6a050_0 .net *"_ivl_964", 0 0, L_00000195c8d02b70;  1 drivers
v00000195c8c695b0_0 .net *"_ivl_966", 0 0, L_00000195c8d012f0;  1 drivers
v00000195c8c69650_0 .net *"_ivl_968", 0 0, L_00000195c8d01fa0;  1 drivers
v00000195c8c6a4b0_0 .net *"_ivl_97", 0 0, L_00000195c8cd7ab0;  1 drivers
v00000195c8c6ac30_0 .net *"_ivl_970", 0 0, L_00000195c8d018a0;  1 drivers
v00000195c8c69830_0 .net *"_ivl_972", 0 0, L_00000195c8d01d70;  1 drivers
v00000195c8c6a730_0 .net *"_ivl_974", 0 0, L_00000195c8d020f0;  1 drivers
v00000195c8c6a550_0 .net *"_ivl_976", 0 0, L_00000195c8d02240;  1 drivers
v00000195c8c6a690_0 .net *"_ivl_978", 0 0, L_00000195c8d01b40;  1 drivers
v00000195c8c6a910_0 .net *"_ivl_98", 0 0, L_00000195c8b8d360;  1 drivers
v00000195c8c6ab90_0 .net *"_ivl_980", 0 0, L_00000195c8d01670;  1 drivers
v00000195c8c6acd0_0 .net *"_ivl_982", 0 0, L_00000195c8d02d30;  1 drivers
v00000195c8c6ad70_0 .net *"_ivl_984", 0 0, L_00000195c8d02630;  1 drivers
v00000195c8c6bbd0_0 .net *"_ivl_986", 0 0, L_00000195c8d01750;  1 drivers
v00000195c8c6d070_0 .net *"_ivl_988", 0 0, L_00000195c8d02c50;  1 drivers
v00000195c8c6c3f0_0 .net *"_ivl_990", 0 0, L_00000195c8d011a0;  1 drivers
v00000195c8c6d110_0 .net *"_ivl_992", 0 0, L_00000195c8ce0930;  1 drivers
v00000195c8c6ca30_0 .net *"_ivl_996", 0 0, L_00000195c8d02160;  1 drivers
v00000195c8c6c5d0_0 .net *"_ivl_998", 0 0, L_00000195c8d02780;  1 drivers
v00000195c8c6d2f0_0 .net "alu_op", 14 0, L_00000195c8cddf50;  1 drivers
v00000195c8c6c7b0_0 .net "alu_result", 31 0, L_00000195c8d050a0;  1 drivers
v00000195c8c6d750_0 .net "alu_src1", 31 0, L_00000195c8ce1150;  1 drivers
v00000195c8c6c850_0 .net "alu_src2", 31 0, L_00000195c8ce1970;  1 drivers
v00000195c8c6d890_0 .net "br_offs", 31 0, L_00000195c8cddeb0;  1 drivers
v00000195c8c6c8f0_0 .net "br_taken", 0 0, L_00000195c8d017c0;  1 drivers
v00000195c8c6cc10_0 .net "br_target", 31 0, L_00000195c8ce0e30;  1 drivers
o00000195c8be17f8 .functor BUFZ 1, C4<z>; HiZ drive
v00000195c8c6e0b0_0 .net "clk", 0 0, o00000195c8be17f8;  0 drivers
v00000195c8c6c490_0 .net "csr_num", 13 0, L_00000195c8c744b0;  1 drivers
v00000195c8c6da70_0 .net "csr_num2", 13 0, L_00000195c8c73970;  1 drivers
v00000195c8c6dd90_0 .net "csr_rvalue", 31 0, v00000195c8c2b000_0;  1 drivers
v00000195c8c6c210_0 .net "csr_rvalue2", 31 0, v00000195c8c2cb80_0;  1 drivers
v00000195c8c6cfd0_0 .net "data_sram_addr", 31 0, L_00000195c8d0cf80;  1 drivers
L_00000195c8c804d8 .functor BUFT 1, C4<1>, C4<0>, C4<0>, C4<0>;
v00000195c8c6de30_0 .net "data_sram_en", 0 0, L_00000195c8c804d8;  1 drivers
o00000195c8beee48 .functor BUFZ 32, C4<zzzzzzzzzzzzzzzzzzzzzzzzzzzzzzzz>; HiZ drive
v00000195c8c6d930_0 .net "data_sram_rdata", 31 0, o00000195c8beee48;  0 drivers
v00000195c8c6bd10_0 .net "data_sram_wdata", 31 0, L_00000195c8d0da00;  1 drivers
v00000195c8c6c990_0 .var "data_sram_wdata_r", 31 0;
v00000195c8c6c2b0_0 .net "data_sram_we", 3 0, L_00000195c8d0cb20;  1 drivers
v00000195c8c6d9d0_0 .var "data_sram_we_r", 3 0;
v00000195c8c6c710_0 .net "debug_wb_pc", 31 0, L_00000195c8d0c7a0;  1 drivers
v00000195c8c6db10_0 .net "debug_wb_rf_wdata", 31 0, L_00000195c8d0e090;  1 drivers
v00000195c8c6dc50_0 .net "debug_wb_rf_we", 3 0, L_00000195c8d2a650;  1 drivers
v00000195c8c6c0d0_0 .net "debug_wb_rf_wnum", 4 0, L_00000195c8d0cb90;  1 drivers
v00000195c8c6df70_0 .net "dest", 4 0, L_00000195c8cdf170;  1 drivers
v00000195c8c6c350_0 .net "div_complete", 0 0, L_00000195c8d0c8f0;  1 drivers
v00000195c8c6b9f0_0 .var "div_dividend", 31 0;
v00000195c8c6dbb0_0 .var "div_divisor", 31 0;
v00000195c8c6c670_0 .net "div_in_ready", 0 0, L_00000195c8ce2a50;  1 drivers
v00000195c8c6dcf0_0 .var "div_inflight", 0 0;
v00000195c8c6cad0_0 .net "div_mod", 0 0, L_00000195c8cf3a80;  1 drivers
v00000195c8c6c170_0 .net "div_op", 0 0, L_00000195c8cf3fc0;  1 drivers
v00000195c8c6cd50_0 .net "div_out_data_sel", 63 0, L_00000195c8ce2e10;  1 drivers
v00000195c8c6bb30_0 .net "div_out_valid_sel", 0 0, L_00000195c8ce2d70;  1 drivers
v00000195c8c6c530_0 .net "div_quot", 31 0, L_00000195c8d2a290;  1 drivers
v00000195c8c6cb70_0 .net "div_rem", 31 0, L_00000195c8d2a470;  1 drivers
v00000195c8c6d1b0_0 .net "div_req_fire", 0 0, L_00000195c8d04a10;  1 drivers
v00000195c8c6ba90_0 .var "div_req_valid", 0 0;
v00000195c8c6cdf0_0 .net "div_result_value", 31 0, L_00000195c8d28ad0;  1 drivers
v00000195c8c6d7f0_0 .var "div_sel_mod", 0 0;
v00000195c8c6ccb0_0 .var "div_sel_signed", 0 0;
v00000195c8c6ded0_0 .net "div_signed", 0 0, L_00000195c8cf3230;  1 drivers
v00000195c8c6bc70_0 .net "div_stall", 0 0, L_00000195c8d0d450;  1 drivers
v00000195c8c6e010_0 .var "div_stall_d", 0 0;
v00000195c8c6e150_0 .net "divs_dividend_tready", 0 0, L_00000195c8d0d8b0;  1 drivers
v00000195c8c6d250_0 .net "divs_divisor_tready", 0 0, L_00000195c8d0d6f0;  1 drivers
v00000195c8c6bdb0_0 .net "divs_out_tdata", 63 0, v00000195c8c4f770_0;  1 drivers
v00000195c8c6d390_0 .net "divs_out_tvalid", 0 0, v00000195c8c50670_0;  1 drivers
v00000195c8c6bf90_0 .net "divu_dividend_tready", 0 0, L_00000195c8d0d760;  1 drivers
v00000195c8c6ce90_0 .net "divu_divisor_tready", 0 0, L_00000195c8d0c9d0;  1 drivers
v00000195c8c6be50_0 .net "divu_out_tdata", 63 0, v00000195c8c4e730_0;  1 drivers
v00000195c8c6bef0_0 .net "divu_out_tvalid", 0 0, v00000195c8c4e7d0_0;  1 drivers
v00000195c8c6c030_0 .net "dst_is_r1", 0 0, L_00000195c8cf5c30;  1 drivers
v00000195c8c6cf30_0 .net "ex_forward_valid", 0 0, L_00000195c8d0cab0;  1 drivers
v00000195c8c6d430_0 .net "ex_forward_value", 31 0, L_00000195c8d0dd80;  1 drivers
v00000195c8c6d4d0_0 .net "ex_is_csr", 0 0, L_00000195c8d0d1b0;  1 drivers
v00000195c8c6d570_0 .net "ex_is_div", 0 0, L_00000195c8d04fc0;  1 drivers
v00000195c8c6d6b0_0 .net "ex_result", 31 0, L_00000195c8d291b0;  1 drivers
v00000195c8c6d610_0 .var "fetch_valid", 0 0;
v00000195c8c6e790_0 .net "final_result", 31 0, L_00000195c8d29d90;  1 drivers
v00000195c8c6faf0_0 .net "gr_we", 0 0, L_00000195c8cf6e90;  1 drivers
v00000195c8c6ebf0_0 .net "hazard_r1_ex", 0 0, L_00000195c8d04460;  1 drivers
v00000195c8c70810_0 .net "hazard_r1_mem", 0 0, L_00000195c8d03580;  1 drivers
v00000195c8c6e330_0 .net "hazard_r2_ex", 0 0, L_00000195c8d039e0;  1 drivers
v00000195c8c70450_0 .net "hazard_r2_mem", 0 0, L_00000195c8d03b30;  1 drivers
v00000195c8c6e510_0 .net "i12", 11 0, L_00000195c8c73fb0;  1 drivers
v00000195c8c703b0_0 .net "i16", 15 0, L_00000195c8c740f0;  1 drivers
v00000195c8c6fe10_0 .net "i20", 19 0, L_00000195c8c74f50;  1 drivers
v00000195c8c6edd0_0 .net "i26", 25 0, L_00000195c8c74370;  1 drivers
v00000195c8c704f0_0 .net "id_need_r1", 0 0, L_00000195c8d013d0;  1 drivers
v00000195c8c70590_0 .net "id_need_r2", 0 0, L_00000195c8d04930;  1 drivers
v00000195c8c6fc30_0 .net "imm", 31 0, L_00000195c8cde1d0;  1 drivers
v00000195c8c70630_0 .net "inst", 31 0, v00000195c8c52830_0;  1 drivers
v00000195c8c6feb0_0 .net "inst_add_w", 0 0, L_00000195c8b8d1a0;  1 drivers
v00000195c8c6e1f0_0 .net "inst_addi_w", 0 0, L_00000195c8b8e9b0;  1 drivers
v00000195c8c6f410_0 .var "inst_addr_r", 31 0;
v00000195c8c6f4b0_0 .net "inst_and", 0 0, L_00000195c8b8e1d0;  1 drivers
v00000195c8c6f7d0_0 .net "inst_andi", 0 0, L_00000195c8b34090;  1 drivers
v00000195c8c6f050_0 .net "inst_b", 0 0, L_00000195c8cdb2f0;  1 drivers
v00000195c8c6fcd0_0 .net "inst_beq", 0 0, L_00000195c8cdc790;  1 drivers
v00000195c8c6e8d0_0 .net "inst_bge", 0 0, L_00000195c8cdacb0;  1 drivers
v00000195c8c6e970_0 .net "inst_bgeu", 0 0, L_00000195c8cdb430;  1 drivers
v00000195c8c706d0_0 .net "inst_bl", 0 0, L_00000195c8cdb9d0;  1 drivers
v00000195c8c6ec90_0 .net "inst_blt", 0 0, L_00000195c8cdbc50;  1 drivers
v00000195c8c6ff50_0 .net "inst_bltu", 0 0, L_00000195c8cdae90;  1 drivers
v00000195c8c6f9b0_0 .net "inst_bne", 0 0, L_00000195c8cdaa30;  1 drivers
v00000195c8c6f550_0 .net "inst_csrrd", 0 0, L_00000195c8cf4340;  1 drivers
v00000195c8c6f5f0_0 .net "inst_csrwr", 0 0, L_00000195c8cf3620;  1 drivers
v00000195c8c6f190_0 .net "inst_csrxchg", 0 0, L_00000195c8cf3540;  1 drivers
v00000195c8c6ee70_0 .net "inst_div_w", 0 0, L_00000195c8b8e8d0;  1 drivers
v00000195c8c6e3d0_0 .net "inst_div_wu", 0 0, L_00000195c8b8ee80;  1 drivers
v00000195c8c6f690_0 .net "inst_ertn", 0 0, L_00000195c8cdab70;  1 drivers
v00000195c8c6e290_0 .net "inst_jirl", 0 0, L_00000195c8cdc470;  1 drivers
v00000195c8c6f370_0 .net "inst_ld_b", 0 0, L_00000195c8cf3cb0;  1 drivers
v00000195c8c6ea10_0 .net "inst_ld_bu", 0 0, L_00000195c8cf3bd0;  1 drivers
v00000195c8c6fd70_0 .net "inst_ld_h", 0 0, L_00000195c8cf4ab0;  1 drivers
v00000195c8c6e5b0_0 .net "inst_ld_hu", 0 0, L_00000195c8cf35b0;  1 drivers
v00000195c8c6eab0_0 .net "inst_ld_w", 0 0, L_00000195c8cf48f0;  1 drivers
v00000195c8c6e6f0_0 .net "inst_lu12i_w", 0 0, L_00000195c8cf4c70;  1 drivers
v00000195c8c6ed30_0 .net "inst_mod_w", 0 0, L_00000195c8b8ecc0;  1 drivers
v00000195c8c70770_0 .net "inst_mod_wu", 0 0, L_00000195c8b8ef60;  1 drivers
v00000195c8c6ef10_0 .net "inst_mul_w", 0 0, L_00000195c8b8de50;  1 drivers
v00000195c8c6fff0_0 .net "inst_mulh_w", 0 0, L_00000195c8b8ea90;  1 drivers
v00000195c8c6fa50_0 .net "inst_mulh_wu", 0 0, L_00000195c8b8ebe0;  1 drivers
v00000195c8c6f730_0 .net "inst_nor", 0 0, L_00000195c8b8d2f0;  1 drivers
v00000195c8c6f870_0 .net "inst_or", 0 0, L_00000195c8b8df30;  1 drivers
v00000195c8c6f230_0 .net "inst_ori", 0 0, L_00000195c8cf4c00;  1 drivers
v00000195c8c6efb0_0 .net "inst_pcaddu12i", 0 0, L_00000195c8cdc1f0;  1 drivers
v00000195c8c6e470_0 .net "inst_sll_w", 0 0, L_00000195c8b8cdb0;  1 drivers
v00000195c8c6f910_0 .net "inst_slli_w", 0 0, L_00000195c8b8d4b0;  1 drivers
v00000195c8c6e650_0 .net "inst_slt", 0 0, L_00000195c8b8d280;  1 drivers
v00000195c8c6fb90_0 .net "inst_slti", 0 0, L_00000195c8b8bed0;  1 drivers
v00000195c8c6eb50_0 .net "inst_sltu", 0 0, L_00000195c8b8e320;  1 drivers
v00000195c8c70090_0 .net "inst_sltui", 0 0, L_00000195c8b8c5d0;  1 drivers
v00000195c8c6e830_0 .net "inst_sra_w", 0 0, L_00000195c8b8dad0;  1 drivers
v00000195c8c6f0f0_0 .net "inst_srai_w", 0 0, L_00000195c8b8d520;  1 drivers
v00000195c8c6f2d0_0 .net "inst_sram_addr", 31 0, L_00000195c8b8e7f0;  1 drivers
L_00000195c8c7b270 .functor BUFT 1, C4<1>, C4<0>, C4<0>, C4<0>;
v00000195c8c70130_0 .net "inst_sram_en", 0 0, L_00000195c8c7b270;  1 drivers
o00000195c8beffb8 .functor BUFZ 32, C4<zzzzzzzzzzzzzzzzzzzzzzzzzzzzzzzz>; HiZ drive
v00000195c8c701d0_0 .net "inst_sram_rdata", 31 0, o00000195c8beffb8;  0 drivers
L_00000195c8c7b300 .functor BUFT 1, C4<00000000000000000000000000000000>, C4<0>, C4<0>, C4<0>;
v00000195c8c70270_0 .net "inst_sram_wdata", 31 0, L_00000195c8c7b300;  1 drivers
L_00000195c8c7b2b8 .functor BUFT 1, C4<0000>, C4<0>, C4<0>, C4<0>;
v00000195c8c70310_0 .net "inst_sram_we", 3 0, L_00000195c8c7b2b8;  1 drivers
v00000195c8c708b0_0 .net "inst_srl_w", 0 0, L_00000195c8b8e710;  1 drivers
v00000195c8c70950_0 .net "inst_srli_w", 0 0, L_00000195c8b8d9f0;  1 drivers
v00000195c8c72ed0_0 .net "inst_st_b", 0 0, L_00000195c8cf3af0;  1 drivers
v00000195c8c71710_0 .net "inst_st_h", 0 0, L_00000195c8cf4a40;  1 drivers
v00000195c8c70f90_0 .net "inst_st_w", 0 0, L_00000195c8cf4dc0;  1 drivers
v00000195c8c717b0_0 .net "inst_sub_w", 0 0, L_00000195c8b8e860;  1 drivers
v00000195c8c71850_0 .net "inst_syscall", 0 0, L_00000195c8cdf7b0;  1 drivers
v00000195c8c730b0_0 .net "inst_xor", 0 0, L_00000195c8b8db40;  1 drivers
v00000195c8c72250_0 .net "inst_xori", 0 0, L_00000195c8cf4030;  1 drivers
v00000195c8c718f0_0 .net "jirl_offs", 31 0, L_00000195c8cdd550;  1 drivers
v00000195c8c72890_0 .net "load_use_hazard", 0 0, L_00000195c8d04380;  1 drivers
v00000195c8c72d90_0 .net "load_use_stall", 0 0, L_00000195c8d045b0;  1 drivers
v00000195c8c710d0_0 .net "mem_forward_valid", 0 0, L_00000195c8cf6d40;  1 drivers
v00000195c8c71990_0 .net "mem_forward_value", 31 0, L_00000195c8cde130;  1 drivers
v00000195c8c71d50_0 .net "mem_load_data", 31 0, L_00000195c8cde9f0;  1 drivers
v00000195c8c71cb0_0 .var "mem_load_result", 31 0;
v00000195c8c70c70_0 .var "mem_rdata_hold", 31 0;
v00000195c8c71530_0 .var "mem_rdata_hold_valid", 0 0;
v00000195c8c72390_0 .net "mem_result", 31 0, v00000195c8c5c910_0;  1 drivers
v00000195c8c73010_0 .net "mem_we", 0 0, L_00000195c8cf6c60;  1 drivers
v00000195c8c72e30_0 .net "need_si12", 0 0, L_00000195c8cf3e00;  1 drivers
v00000195c8c72930_0 .net "need_si16", 0 0, L_00000195c8cf62c0;  1 drivers
v00000195c8c72430_0 .net "need_si20", 0 0, L_00000195c8cf5bc0;  1 drivers
v00000195c8c71fd0_0 .net "need_si20_pcaddu12i", 0 0, L_00000195c8cf64f0;  1 drivers
v00000195c8c71a30_0 .net "need_si26", 0 0, L_00000195c8cf57d0;  1 drivers
v00000195c8c71ad0_0 .net "need_ui12", 0 0, L_00000195c8cf4490;  1 drivers
v00000195c8c71030_0 .net "need_ui5", 0 0, L_00000195c8cf47a0;  1 drivers
v00000195c8c729d0_0 .net "nextpc", 31 0, L_00000195c8ce20f0;  1 drivers
v00000195c8c71b70_0 .net "op_19_15", 4 0, L_00000195c8c74870;  1 drivers
v00000195c8c72a70_0 .net "op_19_15_d", 31 0, L_00000195c8cd7c90;  1 drivers
v00000195c8c72c50_0 .net "op_21_20", 1 0, L_00000195c8c751d0;  1 drivers
v00000195c8c71170_0 .net "op_21_20_d", 3 0, L_00000195c8cd4d10;  1 drivers
v00000195c8c72f70_0 .net "op_25_22", 3 0, L_00000195c8c73790;  1 drivers
v00000195c8c712b0_0 .net "op_25_22_d", 15 0, L_00000195c8cd4270;  1 drivers
v00000195c8c724d0_0 .net "op_31_26", 5 0, L_00000195c8c73c90;  1 drivers
v00000195c8c71210_0 .net "op_31_26_d", 63 0, L_00000195c8cd4810;  1 drivers
v00000195c8c72bb0_0 .var "pc", 31 0;
v00000195c8c71350_0 .net "pcaddu12i_imm", 31 0, L_00000195c8cdf530;  1 drivers
v00000195c8c71df0_0 .net "pipeline_stall", 0 0, L_00000195c8d03430;  1 drivers
v00000195c8c71490_0 .net "r1_from_ex", 0 0, L_00000195c8cf6fe0;  1 drivers
v00000195c8c72610_0 .net "r1_from_mem", 0 0, L_00000195c8cf6db0;  1 drivers
v00000195c8c71c10_0 .net "r1_from_wb", 0 0, L_00000195c8cf7130;  1 drivers
v00000195c8c713f0_0 .net "r2_from_ex", 0 0, L_00000195c8cf6e20;  1 drivers
v00000195c8c71f30_0 .net "r2_from_mem", 0 0, L_00000195c8cf70c0;  1 drivers
v00000195c8c72cf0_0 .net "r2_from_wb", 0 0, L_00000195c8cf6b10;  1 drivers
v00000195c8c71e90_0 .net "rd", 4 0, L_00000195c8c73d30;  1 drivers
v00000195c8c72070_0 .net "res_from_mem", 0 0, L_00000195c8cf5060;  1 drivers
v00000195c8c72110_0 .var "reset", 0 0;
o00000195c8bf0798 .functor BUFZ 1, C4<z>; HiZ drive
v00000195c8c73150_0 .net "resetn", 0 0, o00000195c8bf0798;  0 drivers
v00000195c8c721b0_0 .net "rf_raddr1", 4 0, L_00000195c8cf6cd0;  1 drivers
v00000195c8c72b10_0 .net "rf_raddr2", 4 0, L_00000195c8cdf670;  1 drivers
v00000195c8c709f0_0 .net "rf_rdata1", 31 0, L_00000195c8cdd730;  1 drivers
v00000195c8c70a90_0 .net "rf_rdata2", 31 0, L_00000195c8cdf350;  1 drivers
v00000195c8c722f0_0 .net "rf_waddr", 4 0, L_00000195c8d0d990;  1 drivers
v00000195c8c715d0_0 .net "rf_wdata", 31 0, L_00000195c8d0cdc0;  1 drivers
v00000195c8c70b30_0 .net "rf_we", 0 0, L_00000195c8d0c6c0;  1 drivers
v00000195c8c71670_0 .net "rf_we_commit", 0 0, L_00000195c8d0c730;  1 drivers
v00000195c8c72570_0 .net "rj", 4 0, L_00000195c8c74230;  1 drivers
v00000195c8c726b0_0 .net "rj_eq_rd", 0 0, L_00000195c8cde6d0;  1 drivers
v00000195c8c72750_0 .net "rj_ge_rd_s", 0 0, L_00000195c8cded10;  1 drivers
v00000195c8c70bd0_0 .net "rj_ge_rd_u", 0 0, L_00000195c8ce16f0;  1 drivers
v00000195c8c727f0_0 .net "rj_lt_rd_s", 0 0, L_00000195c8cde770;  1 drivers
v00000195c8c70d10_0 .net "rj_lt_rd_u", 0 0, L_00000195c8cdedb0;  1 drivers
v00000195c8c70db0_0 .net "rj_value", 31 0, L_00000195c8cddb90;  1 drivers
v00000195c8c70e50_0 .net "rk", 4 0, L_00000195c8c738d0;  1 drivers
v00000195c8c70ef0_0 .net "rkd_value", 31 0, L_00000195c8cde590;  1 drivers
v00000195c8c73bf0_0 .net "seq_pc", 31 0, L_00000195c8c73dd0;  1 drivers
v00000195c8c753b0_0 .net "src1_is_pc", 0 0, L_00000195c8cf6020;  1 drivers
v00000195c8c73830_0 .net "src2_is_4", 0 0, L_00000195c8cf4f80;  1 drivers
v00000195c8c74050_0 .net "src2_is_imm", 0 0, L_00000195c8cf6410;  1 drivers
v00000195c8c74e10_0 .net "src_reg_is_rd", 0 0, L_00000195c8cf6800;  1 drivers
v00000195c8c75450_0 .net "wb_dedup_en", 0 0, L_00000195c8d0d840;  1 drivers
v00000195c8c75810_0 .net "wb_forward_valid", 0 0, L_00000195c8cf6f70;  1 drivers
v00000195c8c74690_0 .net "wb_forward_value", 31 0, L_00000195c8cf6f00;  1 drivers
v00000195c8c742d0_0 .net "wb_same_as_last", 0 0, L_00000195c8d0e170;  1 drivers
v00000195c8c754f0_0 .var "wb_written_pc", 31 0;
v00000195c8c749b0_0 .var "wb_written_valid", 0 0;
E_00000195c86723d0/0 .event anyedge, v00000195c8c51c50_0, v00000195c8c51890_0, v00000195c8c50c10_0, v00000195c8c521f0_0;
E_00000195c86723d0/1 .event anyedge, v00000195c8c6d6b0_0;
E_00000195c86723d0 .event/or E_00000195c86723d0/0, E_00000195c86723d0/1;
E_00000195c8671c90 .event anyedge, v00000195c8c71d50_0, v00000195c8c511b0_0, v00000195c8c51bb0_0, v00000195c8c51430_0;
L_00000195c8c73970 .functor MUXZ 14, L_00000195c8c7b1e0, L_00000195c8c7b198, L_00000195c8cdf7b0, C4<>;
L_00000195c8c73dd0 .arith/sum 32, v00000195c8c72bb0_0, L_00000195c8c7b228;
L_00000195c8c73c90 .part v00000195c8c52830_0, 26, 6;
L_00000195c8c73790 .part v00000195c8c52830_0, 22, 4;
L_00000195c8c751d0 .part v00000195c8c52830_0, 20, 2;
L_00000195c8c74870 .part v00000195c8c52830_0, 15, 5;
L_00000195c8c73d30 .part v00000195c8c52830_0, 0, 5;
L_00000195c8c74230 .part v00000195c8c52830_0, 5, 5;
L_00000195c8c738d0 .part v00000195c8c52830_0, 10, 5;
L_00000195c8c73fb0 .part v00000195c8c52830_0, 10, 12;
L_00000195c8c74f50 .part v00000195c8c52830_0, 5, 20;
L_00000195c8c740f0 .part v00000195c8c52830_0, 10, 16;
L_00000195c8c75090 .part v00000195c8c52830_0, 0, 10;
L_00000195c8c74190 .part v00000195c8c52830_0, 10, 16;
L_00000195c8c74370 .concat [ 16 10 0 0], L_00000195c8c74190, L_00000195c8c75090;
L_00000195c8c744b0 .part v00000195c8c52830_0, 10, 14;
L_00000195c8cd6c50 .part L_00000195c8cd4810, 0, 1;
L_00000195c8cd6cf0 .part L_00000195c8cd4270, 0, 1;
L_00000195c8cd5ad0 .part L_00000195c8cd4d10, 1, 1;
L_00000195c8cd6d90 .part L_00000195c8cd7c90, 0, 1;
L_00000195c8cd73d0 .part L_00000195c8cd4810, 0, 1;
L_00000195c8cd7510 .part L_00000195c8cd4270, 0, 1;
L_00000195c8cd6e30 .part L_00000195c8cd4d10, 1, 1;
L_00000195c8cd7790 .part L_00000195c8cd7c90, 2, 1;
L_00000195c8cd75b0 .part L_00000195c8cd4810, 0, 1;
L_00000195c8cd7650 .part L_00000195c8cd4270, 0, 1;
L_00000195c8cd7970 .part L_00000195c8cd4d10, 1, 1;
L_00000195c8cd6390 .part L_00000195c8cd7c90, 4, 1;
L_00000195c8cd7e70 .part L_00000195c8cd4810, 0, 1;
L_00000195c8cd7a10 .part L_00000195c8cd4270, 0, 1;
L_00000195c8cd7ab0 .part L_00000195c8cd4d10, 1, 1;
L_00000195c8cd5df0 .part L_00000195c8cd7c90, 5, 1;
L_00000195c8cd7f10 .part L_00000195c8cd4810, 0, 1;
L_00000195c8cd9d10 .part L_00000195c8cd4270, 0, 1;
L_00000195c8cd9bd0 .part L_00000195c8cd4d10, 1, 1;
L_00000195c8cd9310 .part L_00000195c8cd7c90, 8, 1;
L_00000195c8cd9e50 .part L_00000195c8cd4810, 0, 1;
L_00000195c8cda7b0 .part L_00000195c8cd4270, 0, 1;
L_00000195c8cd9c70 .part L_00000195c8cd4d10, 1, 1;
L_00000195c8cd93b0 .part L_00000195c8cd7c90, 9, 1;
L_00000195c8cda350 .part L_00000195c8cd4810, 0, 1;
L_00000195c8cd98b0 .part L_00000195c8cd4270, 0, 1;
L_00000195c8cda990 .part L_00000195c8cd4d10, 1, 1;
L_00000195c8cda170 .part L_00000195c8cd7c90, 10, 1;
L_00000195c8cd8910 .part L_00000195c8cd4810, 0, 1;
L_00000195c8cd8a50 .part L_00000195c8cd4270, 0, 1;
L_00000195c8cd85f0 .part L_00000195c8cd4d10, 1, 1;
L_00000195c8cda2b0 .part L_00000195c8cd7c90, 11, 1;
L_00000195c8cd9ef0 .part L_00000195c8cd4810, 0, 1;
L_00000195c8cda030 .part L_00000195c8cd4270, 1, 1;
L_00000195c8cda850 .part L_00000195c8cd4d10, 0, 1;
L_00000195c8cd9590 .part L_00000195c8cd7c90, 1, 1;
L_00000195c8cda8f0 .part L_00000195c8cd4810, 0, 1;
L_00000195c8cd9db0 .part L_00000195c8cd4270, 1, 1;
L_00000195c8cd9f90 .part L_00000195c8cd4d10, 0, 1;
L_00000195c8cd9130 .part L_00000195c8cd7c90, 9, 1;
L_00000195c8cd9810 .part L_00000195c8cd4810, 0, 1;
L_00000195c8cda530 .part L_00000195c8cd4270, 1, 1;
L_00000195c8cd8ff0 .part L_00000195c8cd4d10, 0, 1;
L_00000195c8cda0d0 .part L_00000195c8cd7c90, 17, 1;
L_00000195c8cd8730 .part L_00000195c8cd4810, 0, 1;
L_00000195c8cd87d0 .part L_00000195c8cd4270, 0, 1;
L_00000195c8cd8870 .part L_00000195c8cd4d10, 1, 1;
L_00000195c8cd8230 .part L_00000195c8cd7c90, 14, 1;
L_00000195c8cda210 .part L_00000195c8cd4810, 0, 1;
L_00000195c8cda3f0 .part L_00000195c8cd4270, 0, 1;
L_00000195c8cd9450 .part L_00000195c8cd4d10, 1, 1;
L_00000195c8cda490 .part L_00000195c8cd7c90, 15, 1;
L_00000195c8cd82d0 .part L_00000195c8cd4810, 0, 1;
L_00000195c8cd94f0 .part L_00000195c8cd4270, 0, 1;
L_00000195c8cd91d0 .part L_00000195c8cd4d10, 1, 1;
L_00000195c8cd8c30 .part L_00000195c8cd7c90, 16, 1;
L_00000195c8cd99f0 .part L_00000195c8cd4810, 0, 1;
L_00000195c8cd9630 .part L_00000195c8cd4270, 0, 1;
L_00000195c8cda5d0 .part L_00000195c8cd4d10, 1, 1;
L_00000195c8cd96d0 .part L_00000195c8cd7c90, 24, 1;
L_00000195c8cd89b0 .part L_00000195c8cd4810, 0, 1;
L_00000195c8cda710 .part L_00000195c8cd4270, 0, 1;
L_00000195c8cd8af0 .part L_00000195c8cd4d10, 1, 1;
L_00000195c8cd9950 .part L_00000195c8cd7c90, 25, 1;
L_00000195c8cd8f50 .part L_00000195c8cd4810, 0, 1;
L_00000195c8cd8b90 .part L_00000195c8cd4270, 0, 1;
L_00000195c8cda670 .part L_00000195c8cd4d10, 1, 1;
L_00000195c8cd9270 .part L_00000195c8cd7c90, 26, 1;
L_00000195c8cd8370 .part L_00000195c8cd4810, 0, 1;
L_00000195c8cd8cd0 .part L_00000195c8cd4270, 0, 1;
L_00000195c8cd8d70 .part L_00000195c8cd4d10, 2, 1;
L_00000195c8cd9b30 .part L_00000195c8cd7c90, 0, 1;
L_00000195c8cd9a90 .part L_00000195c8cd4810, 0, 1;
L_00000195c8cd8e10 .part L_00000195c8cd4270, 0, 1;
L_00000195c8cd8410 .part L_00000195c8cd4d10, 2, 1;
L_00000195c8cd9770 .part L_00000195c8cd7c90, 1, 1;
L_00000195c8cd9090 .part L_00000195c8cd4810, 0, 1;
L_00000195c8cd84b0 .part L_00000195c8cd4270, 0, 1;
L_00000195c8cd8550 .part L_00000195c8cd4d10, 2, 1;
L_00000195c8cd8eb0 .part L_00000195c8cd7c90, 2, 1;
L_00000195c8cd8690 .part L_00000195c8cd4810, 0, 1;
L_00000195c8cdcdd0 .part L_00000195c8cd4270, 0, 1;
L_00000195c8cdd050 .part L_00000195c8cd4d10, 2, 1;
L_00000195c8cdad50 .part L_00000195c8cd7c90, 3, 1;
L_00000195c8cdafd0 .part L_00000195c8cd4810, 0, 1;
L_00000195c8cdc8d0 .part L_00000195c8cd4270, 10, 1;
L_00000195c8cdbed0 .part L_00000195c8cd4810, 0, 1;
L_00000195c8cdcc90 .part L_00000195c8cd4270, 8, 1;
L_00000195c8cdb390 .part L_00000195c8cd4810, 0, 1;
L_00000195c8cdc650 .part L_00000195c8cd4270, 9, 1;
L_00000195c8cdb110 .part L_00000195c8cd4810, 0, 1;
L_00000195c8cdd0f0 .part L_00000195c8cd4270, 13, 1;
L_00000195c8cdbd90 .part L_00000195c8cd4810, 0, 1;
L_00000195c8cdb4d0 .part L_00000195c8cd4270, 14, 1;
L_00000195c8cdac10 .part L_00000195c8cd4810, 0, 1;
L_00000195c8cdcbf0 .part L_00000195c8cd4270, 15, 1;
L_00000195c8cdbbb0 .part L_00000195c8cd4810, 10, 1;
L_00000195c8cdcd30 .part L_00000195c8cd4270, 0, 1;
L_00000195c8cdc830 .part L_00000195c8cd4810, 10, 1;
L_00000195c8cdc010 .part L_00000195c8cd4270, 1, 1;
L_00000195c8cdb070 .part L_00000195c8cd4810, 10, 1;
L_00000195c8cdb7f0 .part L_00000195c8cd4270, 2, 1;
L_00000195c8cdc970 .part L_00000195c8cd4810, 10, 1;
L_00000195c8cdb1b0 .part L_00000195c8cd4270, 8, 1;
L_00000195c8cdaf30 .part L_00000195c8cd4810, 10, 1;
L_00000195c8cdc6f0 .part L_00000195c8cd4270, 9, 1;
L_00000195c8cdb250 .part L_00000195c8cd4810, 10, 1;
L_00000195c8cdc0b0 .part L_00000195c8cd4270, 4, 1;
L_00000195c8cdce70 .part L_00000195c8cd4810, 10, 1;
L_00000195c8cdadf0 .part L_00000195c8cd4270, 5, 1;
L_00000195c8cdbf70 .part L_00000195c8cd4810, 10, 1;
L_00000195c8cdb610 .part L_00000195c8cd4270, 6, 1;
L_00000195c8cdc470 .part L_00000195c8cd4810, 19, 1;
L_00000195c8cdb2f0 .part L_00000195c8cd4810, 20, 1;
L_00000195c8cdb9d0 .part L_00000195c8cd4810, 21, 1;
L_00000195c8cdc790 .part L_00000195c8cd4810, 22, 1;
L_00000195c8cdaa30 .part L_00000195c8cd4810, 23, 1;
L_00000195c8cdbc50 .part L_00000195c8cd4810, 24, 1;
L_00000195c8cdacb0 .part L_00000195c8cd4810, 25, 1;
L_00000195c8cdae90 .part L_00000195c8cd4810, 26, 1;
L_00000195c8cdb430 .part L_00000195c8cd4810, 27, 1;
L_00000195c8cdb6b0 .part L_00000195c8cd4810, 5, 1;
L_00000195c8cdcab0 .part v00000195c8c52830_0, 25, 1;
L_00000195c8cdc1f0 .part L_00000195c8cd4810, 7, 1;
L_00000195c8cdbcf0 .part v00000195c8c52830_0, 26, 6;
L_00000195c8cdc150 .cmp/eq 6, L_00000195c8cdbcf0, L_00000195c8c7f488;
L_00000195c8cdca10 .part v00000195c8c52830_0, 24, 2;
L_00000195c8cdc290 .cmp/eq 2, L_00000195c8cdca10, L_00000195c8c7f4d0;
L_00000195c8cdb570 .part v00000195c8c52830_0, 5, 5;
L_00000195c8cdb750 .cmp/eq 5, L_00000195c8cdb570, L_00000195c8c7f518;
L_00000195c8cdc330 .part v00000195c8c52830_0, 26, 6;
L_00000195c8cdb890 .cmp/eq 6, L_00000195c8cdc330, L_00000195c8c7f560;
L_00000195c8cdb930 .part v00000195c8c52830_0, 24, 2;
L_00000195c8cdcb50 .cmp/eq 2, L_00000195c8cdb930, L_00000195c8c7f5a8;
L_00000195c8cdba70 .part v00000195c8c52830_0, 5, 5;
L_00000195c8cdbb10 .cmp/eq 5, L_00000195c8cdba70, L_00000195c8c7f5f0;
L_00000195c8cdbe30 .part v00000195c8c52830_0, 26, 6;
L_00000195c8cdcf10 .cmp/eq 6, L_00000195c8cdbe30, L_00000195c8c7f638;
L_00000195c8cdc3d0 .part v00000195c8c52830_0, 24, 2;
L_00000195c8cdcfb0 .cmp/eq 2, L_00000195c8cdc3d0, L_00000195c8c7f680;
L_00000195c8cdd190 .part v00000195c8c52830_0, 5, 5;
L_00000195c8cdaad0 .cmp/ne 5, L_00000195c8cdd190, L_00000195c8c7f6c8;
L_00000195c8cdc510 .part v00000195c8c52830_0, 5, 5;
L_00000195c8cdc5b0 .cmp/ne 5, L_00000195c8cdc510, L_00000195c8c7f710;
L_00000195c8cdab70 .cmp/eq 32, v00000195c8c52830_0, L_00000195c8c7f758;
L_00000195c8cdd910 .part v00000195c8c52830_0, 15, 17;
L_00000195c8cdf7b0 .cmp/eq 17, L_00000195c8cdd910, L_00000195c8c7f7a0;
LS_00000195c8cddf50_0_0 .concat8 [ 1 1 1 1], L_00000195c8cf4d50, L_00000195c8cf4570, L_00000195c8cf4b20, L_00000195c8cf3a10;
LS_00000195c8cddf50_0_4 .concat8 [ 1 1 1 1], L_00000195c8cf3f50, L_00000195c8cf3700, L_00000195c8cf4420, L_00000195c8cf3d90;
LS_00000195c8cddf50_0_8 .concat8 [ 1 1 1 1], L_00000195c8cf4260, L_00000195c8cf37e0, L_00000195c8cf42d0, L_00000195c8cf40a0;
LS_00000195c8cddf50_0_12 .concat8 [ 1 1 1 0], L_00000195c8cf4960, L_00000195c8cf46c0, L_00000195c8cf49d0;
L_00000195c8cddf50 .concat8 [ 4 4 4 3], LS_00000195c8cddf50_0_0, LS_00000195c8cddf50_0_4, LS_00000195c8cddf50_0_8, LS_00000195c8cddf50_0_12;
L_00000195c8cde630 .part L_00000195c8c74f50, 19, 1;
LS_00000195c8cdf030_0_0 .concat [ 1 1 1 1], L_00000195c8cde630, L_00000195c8cde630, L_00000195c8cde630, L_00000195c8cde630;
LS_00000195c8cdf030_0_4 .concat [ 1 1 1 1], L_00000195c8cde630, L_00000195c8cde630, L_00000195c8cde630, L_00000195c8cde630;
LS_00000195c8cdf030_0_8 .concat [ 1 1 1 1], L_00000195c8cde630, L_00000195c8cde630, L_00000195c8cde630, L_00000195c8cde630;
L_00000195c8cdf030 .concat [ 4 4 4 0], LS_00000195c8cdf030_0_0, LS_00000195c8cdf030_0_4, LS_00000195c8cdf030_0_8;
L_00000195c8cdd410 .concat [ 20 12 0 0], L_00000195c8c74f50, L_00000195c8cdf030;
L_00000195c8cdf0d0 .part L_00000195c8cdd410, 0, 20;
L_00000195c8cdf530 .concat [ 12 20 0 0], L_00000195c8c7f7e8, L_00000195c8cdf0d0;
L_00000195c8cddff0 .concat [ 12 20 0 0], L_00000195c8c7f878, L_00000195c8c74f50;
L_00000195c8cdd9b0 .part L_00000195c8c73fb0, 0, 5;
L_00000195c8cdd7d0 .concat [ 5 27 0 0], L_00000195c8cdd9b0, L_00000195c8c7f8c0;
L_00000195c8cde8b0 .concat [ 12 20 0 0], L_00000195c8c73fb0, L_00000195c8c7f908;
L_00000195c8cdd4b0 .part L_00000195c8c73fb0, 11, 1;
LS_00000195c8cdeef0_0_0 .concat [ 1 1 1 1], L_00000195c8cdd4b0, L_00000195c8cdd4b0, L_00000195c8cdd4b0, L_00000195c8cdd4b0;
LS_00000195c8cdeef0_0_4 .concat [ 1 1 1 1], L_00000195c8cdd4b0, L_00000195c8cdd4b0, L_00000195c8cdd4b0, L_00000195c8cdd4b0;
LS_00000195c8cdeef0_0_8 .concat [ 1 1 1 1], L_00000195c8cdd4b0, L_00000195c8cdd4b0, L_00000195c8cdd4b0, L_00000195c8cdd4b0;
LS_00000195c8cdeef0_0_12 .concat [ 1 1 1 1], L_00000195c8cdd4b0, L_00000195c8cdd4b0, L_00000195c8cdd4b0, L_00000195c8cdd4b0;
LS_00000195c8cdeef0_0_16 .concat [ 1 1 1 1], L_00000195c8cdd4b0, L_00000195c8cdd4b0, L_00000195c8cdd4b0, L_00000195c8cdd4b0;
LS_00000195c8cdeef0_1_0 .concat [ 4 4 4 4], LS_00000195c8cdeef0_0_0, LS_00000195c8cdeef0_0_4, LS_00000195c8cdeef0_0_8, LS_00000195c8cdeef0_0_12;
LS_00000195c8cdeef0_1_4 .concat [ 4 0 0 0], LS_00000195c8cdeef0_0_16;
L_00000195c8cdeef0 .concat [ 16 4 0 0], LS_00000195c8cdeef0_1_0, LS_00000195c8cdeef0_1_4;
L_00000195c8cddc30 .concat [ 12 20 0 0], L_00000195c8c73fb0, L_00000195c8cdeef0;
L_00000195c8cdd370 .functor MUXZ 32, L_00000195c8cddc30, L_00000195c8cde8b0, L_00000195c8cf4490, C4<>;
L_00000195c8cdf490 .functor MUXZ 32, L_00000195c8cdd370, L_00000195c8cdd7d0, L_00000195c8cf47a0, C4<>;
L_00000195c8cdf2b0 .functor MUXZ 32, L_00000195c8cdf490, L_00000195c8cddff0, L_00000195c8cf5bc0, C4<>;
L_00000195c8cdf5d0 .functor MUXZ 32, L_00000195c8cdf2b0, L_00000195c8cdf530, L_00000195c8cf64f0, C4<>;
L_00000195c8cde1d0 .functor MUXZ 32, L_00000195c8cdf5d0, L_00000195c8c7f830, L_00000195c8cf4f80, C4<>;
L_00000195c8cde450 .part L_00000195c8c74370, 25, 1;
L_00000195c8cde4f0 .concat [ 1 1 1 1], L_00000195c8cde450, L_00000195c8cde450, L_00000195c8cde450, L_00000195c8cde450;
L_00000195c8cdda50 .concat [ 2 26 4 0], L_00000195c8c7f950, L_00000195c8c74370, L_00000195c8cde4f0;
L_00000195c8cddcd0 .part L_00000195c8c740f0, 15, 1;
LS_00000195c8cddd70_0_0 .concat [ 1 1 1 1], L_00000195c8cddcd0, L_00000195c8cddcd0, L_00000195c8cddcd0, L_00000195c8cddcd0;
LS_00000195c8cddd70_0_4 .concat [ 1 1 1 1], L_00000195c8cddcd0, L_00000195c8cddcd0, L_00000195c8cddcd0, L_00000195c8cddcd0;
LS_00000195c8cddd70_0_8 .concat [ 1 1 1 1], L_00000195c8cddcd0, L_00000195c8cddcd0, L_00000195c8cddcd0, L_00000195c8cddcd0;
LS_00000195c8cddd70_0_12 .concat [ 1 1 0 0], L_00000195c8cddcd0, L_00000195c8cddcd0;
L_00000195c8cddd70 .concat [ 4 4 4 2], LS_00000195c8cddd70_0_0, LS_00000195c8cddd70_0_4, LS_00000195c8cddd70_0_8, LS_00000195c8cddd70_0_12;
L_00000195c8cdde10 .concat [ 2 16 14 0], L_00000195c8c7f998, L_00000195c8c740f0, L_00000195c8cddd70;
L_00000195c8cddeb0 .functor MUXZ 32, L_00000195c8cdde10, L_00000195c8cdda50, L_00000195c8cf57d0, C4<>;
L_00000195c8cdd2d0 .part L_00000195c8c740f0, 15, 1;
LS_00000195c8cde950_0_0 .concat [ 1 1 1 1], L_00000195c8cdd2d0, L_00000195c8cdd2d0, L_00000195c8cdd2d0, L_00000195c8cdd2d0;
LS_00000195c8cde950_0_4 .concat [ 1 1 1 1], L_00000195c8cdd2d0, L_00000195c8cdd2d0, L_00000195c8cdd2d0, L_00000195c8cdd2d0;
LS_00000195c8cde950_0_8 .concat [ 1 1 1 1], L_00000195c8cdd2d0, L_00000195c8cdd2d0, L_00000195c8cdd2d0, L_00000195c8cdd2d0;
LS_00000195c8cde950_0_12 .concat [ 1 1 0 0], L_00000195c8cdd2d0, L_00000195c8cdd2d0;
L_00000195c8cde950 .concat [ 4 4 4 2], LS_00000195c8cde950_0_0, LS_00000195c8cde950_0_4, LS_00000195c8cde950_0_8, LS_00000195c8cde950_0_12;
L_00000195c8cdd550 .concat [ 2 16 14 0], L_00000195c8c7f9e0, L_00000195c8c740f0, L_00000195c8cde950;
L_00000195c8cdf170 .functor MUXZ 5, L_00000195c8c73d30, L_00000195c8c7fa28, L_00000195c8cf5c30, C4<>;
L_00000195c8cdf670 .functor MUXZ 5, L_00000195c8c738d0, L_00000195c8c73d30, L_00000195c8cf6800, C4<>;
L_00000195c8cde9f0 .functor MUXZ 32, o00000195c8beee48, v00000195c8c70c70_0, v00000195c8c71530_0, C4<>;
L_00000195c8cde130 .functor MUXZ 32, v00000195c8c51bb0_0, v00000195c8c71cb0_0, v00000195c8c51b10_0, C4<>;
L_00000195c8cde270 .cmp/ne 5, v00000195c8c50df0_0, L_00000195c8c7fc20;
L_00000195c8cde310 .cmp/ne 5, L_00000195c8d0d990, L_00000195c8c7fc68;
L_00000195c8cdef90 .cmp/eq 5, L_00000195c8cf6cd0, v00000195c8c52e70_0;
L_00000195c8cdea90 .cmp/eq 5, L_00000195c8cf6cd0, v00000195c8c50df0_0;
L_00000195c8cdf8f0 .cmp/eq 5, L_00000195c8cf6cd0, L_00000195c8d0d990;
L_00000195c8cdebd0 .cmp/eq 5, L_00000195c8cf6cd0, L_00000195c8c7fcb0;
L_00000195c8cdf210 .functor MUXZ 32, L_00000195c8cdd730, L_00000195c8cf6f00, L_00000195c8cf7130, C4<>;
L_00000195c8cdeb30 .functor MUXZ 32, L_00000195c8cdf210, L_00000195c8cde130, L_00000195c8cf6db0, C4<>;
L_00000195c8cdf3f0 .functor MUXZ 32, L_00000195c8cdeb30, L_00000195c8d0dd80, L_00000195c8cf6fe0, C4<>;
L_00000195c8cddb90 .functor MUXZ 32, L_00000195c8cdf3f0, L_00000195c8c7fcf8, L_00000195c8cdebd0, C4<>;
L_00000195c8cdf990 .cmp/eq 5, L_00000195c8cdf670, v00000195c8c52e70_0;
L_00000195c8cdd230 .cmp/eq 5, L_00000195c8cdf670, v00000195c8c50df0_0;
L_00000195c8cdd5f0 .cmp/eq 5, L_00000195c8cdf670, L_00000195c8d0d990;
L_00000195c8cde810 .cmp/eq 5, L_00000195c8cdf670, L_00000195c8c7fd40;
L_00000195c8cdd690 .functor MUXZ 32, L_00000195c8cdf350, L_00000195c8cf6f00, L_00000195c8cf6b10, C4<>;
L_00000195c8cdec70 .functor MUXZ 32, L_00000195c8cdd690, L_00000195c8cde130, L_00000195c8cf70c0, C4<>;
L_00000195c8cde3b0 .functor MUXZ 32, L_00000195c8cdec70, L_00000195c8d0dd80, L_00000195c8cf6e20, C4<>;
L_00000195c8cde590 .functor MUXZ 32, L_00000195c8cde3b0, L_00000195c8c7fd88, L_00000195c8cde810, C4<>;
L_00000195c8cde6d0 .cmp/eq 32, L_00000195c8cddb90, L_00000195c8cde590;
L_00000195c8cde770 .cmp/gt.s 32, L_00000195c8cde590, L_00000195c8cddb90;
L_00000195c8cded10 .cmp/ge.s 32, L_00000195c8cddb90, L_00000195c8cde590;
L_00000195c8cdedb0 .cmp/gt 32, L_00000195c8cde590, L_00000195c8cddb90;
L_00000195c8ce16f0 .cmp/ge 32, L_00000195c8cddb90, L_00000195c8cde590;
L_00000195c8ce2050 .reduce/nor L_00000195c8cde6d0;
L_00000195c8ce0930 .reduce/nor L_00000195c8d03430;
L_00000195c8ce1830 .arith/sum 32, v00000195c8c52ab0_0, L_00000195c8cddeb0;
L_00000195c8ce1790 .arith/sum 32, L_00000195c8cddb90, L_00000195c8cdd550;
L_00000195c8ce0f70 .functor MUXZ 32, L_00000195c8ce1790, L_00000195c8ce1830, L_00000195c8d026a0, C4<>;
L_00000195c8ce0e30 .functor MUXZ 32, L_00000195c8ce0f70, v00000195c8c2cb80_0, L_00000195c8d02160, C4<>;
L_00000195c8ce1470 .cmp/ne 5, L_00000195c8cf6cd0, L_00000195c8c7fdd0;
L_00000195c8cdfa30 .cmp/eq 5, L_00000195c8cf6cd0, v00000195c8c52e70_0;
L_00000195c8ce1fb0 .cmp/ne 5, L_00000195c8cdf670, L_00000195c8c7fe18;
L_00000195c8ce0570 .cmp/eq 5, L_00000195c8cdf670, v00000195c8c52e70_0;
L_00000195c8ce1330 .cmp/ne 5, L_00000195c8cf6cd0, L_00000195c8c7fe60;
L_00000195c8ce1010 .cmp/eq 5, L_00000195c8cf6cd0, v00000195c8c50df0_0;
L_00000195c8cdffd0 .cmp/ne 5, L_00000195c8cdf670, L_00000195c8c7fea8;
L_00000195c8ce0070 .cmp/eq 5, L_00000195c8cdf670, v00000195c8c50df0_0;
L_00000195c8ce0610 .cmp/ne 5, v00000195c8c52e70_0, L_00000195c8c7fef0;
L_00000195c8ce07f0 .cmp/eq 5, L_00000195c8cf6cd0, v00000195c8c52e70_0;
L_00000195c8ce09d0 .cmp/eq 5, L_00000195c8cdf670, v00000195c8c52e70_0;
L_00000195c8ce18d0 .functor MUXZ 32, L_00000195c8c73dd0, L_00000195c8ce0e30, L_00000195c8d017c0, C4<>;
L_00000195c8ce20f0 .functor MUXZ 32, L_00000195c8ce18d0, v00000195c8c72bb0_0, L_00000195c8d03430, C4<>;
L_00000195c8ce1150 .functor MUXZ 32, v00000195c8c50ad0_0, v00000195c8c52470_0, v00000195c8c51cf0_0, C4<>;
L_00000195c8ce1970 .functor MUXZ 32, v00000195c8c51c50_0, v00000195c8c520b0_0, v00000195c8c51d90_0, C4<>;
L_00000195c8ce2a50 .functor MUXZ 1, L_00000195c8d049a0, L_00000195c8d05030, v00000195c8c6ccb0_0, C4<>;
L_00000195c8ce2d70 .functor MUXZ 1, v00000195c8c4e7d0_0, v00000195c8c50670_0, v00000195c8c6ccb0_0, C4<>;
L_00000195c8ce2e10 .functor MUXZ 64, v00000195c8c4e730_0, v00000195c8c4f770_0, v00000195c8c6ccb0_0, C4<>;
L_00000195c8ce2370 .reduce/nor L_00000195c8d0c8f0;
L_00000195c8d29cf0 .reduce/nor v00000195c8c6ccb0_0;
L_00000195c8d285d0 .reduce/nor v00000195c8c6ccb0_0;
L_00000195c8d2a290 .part L_00000195c8ce2e10, 0, 32;
L_00000195c8d2a470 .part L_00000195c8ce2e10, 32, 32;
L_00000195c8d28ad0 .functor MUXZ 32, L_00000195c8d2a290, L_00000195c8d2a470, v00000195c8c6d7f0_0, C4<>;
L_00000195c8d2a330 .functor MUXZ 32, L_00000195c8d050a0, L_00000195c8d28ad0, L_00000195c8d04fc0, C4<>;
L_00000195c8d291b0 .functor MUXZ 32, L_00000195c8d2a330, v00000195c8c2b000_0, L_00000195c8d0d1b0, C4<>;
L_00000195c8d2a5b0 .cmp/ne 5, v00000195c8c52e70_0, L_00000195c8c80490;
L_00000195c8d29b10 .reduce/nor v00000195c8c51930_0;
L_00000195c8d28e90 .reduce/nor v00000195c8c51f70_0;
L_00000195c8d29d90 .functor MUXZ 32, v00000195c8c528d0_0, v00000195c8c5c910_0, v00000195c8c5ccd0_0, C4<>;
L_00000195c8d29930 .cmp/eq 32, v00000195c8c754f0_0, v00000195c8c5c7d0_0;
L_00000195c8d2a830 .reduce/nor L_00000195c8d0d0d0;
L_00000195c8d2a510 .concat [ 1 1 1 1], L_00000195c8d0c730, L_00000195c8d0c730, L_00000195c8d0c730, L_00000195c8d0c730;
L_00000195c8d2a650 .functor MUXZ 4, L_00000195c8c80520, L_00000195c8d2a510, v00000195c8c5c870_0, C4<>;
S_00000195c89faca0 .scope module, "u_alu" "alu" 3 660, 4 1 0, S_00000195c868dc80;
 .timescale 0 0;
    .port_info 0 /INPUT 15 "alu_op";
    .port_info 1 /INPUT 32 "alu_src1";
    .port_info 2 /INPUT 32 "alu_src2";
    .port_info 3 /OUTPUT 32 "alu_result";
L_00000195c8d02f60 .functor BUFZ 32, L_00000195c8ce1150, C4<00000000000000000000000000000000>, C4<00000000000000000000000000000000>, C4<00000000000000000000000000000000>;
L_00000195c8d03200 .functor OR 1, L_00000195c8ce0ed0, L_00000195c8ce0c50, C4<0>, C4<0>;
L_00000195c8d03660 .functor OR 1, L_00000195c8d03200, L_00000195c8ce1bf0, C4<0>, C4<0>;
L_00000195c8d037b0 .functor NOT 32, L_00000195c8ce1970, C4<00000000000000000000000000000000>, C4<00000000000000000000000000000000>, C4<00000000000000000000000000000000>;
L_00000195c8d03c10 .functor OR 1, L_00000195c8ce0ed0, L_00000195c8ce0c50, C4<0>, C4<0>;
L_00000195c8d02fd0 .functor OR 1, L_00000195c8d03c10, L_00000195c8ce1bf0, C4<0>, C4<0>;
L_00000195c8d04620 .functor BUFZ 32, L_00000195c8ce06b0, C4<00000000000000000000000000000000>, C4<00000000000000000000000000000000>, C4<00000000000000000000000000000000>;
L_00000195c8d03c80 .functor NOT 1, L_00000195c8ce1ab0, C4<0>, C4<0>, C4<0>;
L_00000195c8d03d60 .functor AND 1, L_00000195c8ce0bb0, L_00000195c8d03c80, C4<1>, C4<1>;
L_00000195c8d03dd0 .functor XNOR 1, L_00000195c8ce1e70, L_00000195c8ce0390, C4<0>, C4<0>;
L_00000195c8d04230 .functor AND 1, L_00000195c8d03dd0, L_00000195c8ce0cf0, C4<1>, C4<1>;
L_00000195c8d03f90 .functor OR 1, L_00000195c8d03d60, L_00000195c8d04230, C4<0>, C4<0>;
L_00000195c8d03e40 .functor NOT 1, L_00000195c8ce0a70, C4<0>, C4<0>, C4<0>;
L_00000195c8d03270 .functor AND 32, L_00000195c8ce1150, L_00000195c8ce1970, C4<11111111111111111111111111111111>, C4<11111111111111111111111111111111>;
L_00000195c8d03eb0 .functor OR 32, L_00000195c8ce1150, L_00000195c8ce1970, C4<00000000000000000000000000000000>, C4<00000000000000000000000000000000>;
L_00000195c8d04000 .functor NOT 32, L_00000195c8d03eb0, C4<00000000000000000000000000000000>, C4<00000000000000000000000000000000>, C4<00000000000000000000000000000000>;
L_00000195c8d032e0 .functor XOR 32, L_00000195c8ce1150, L_00000195c8ce1970, C4<00000000000000000000000000000000>, C4<00000000000000000000000000000000>;
L_00000195c8d04070 .functor BUFZ 32, L_00000195c8ce1970, C4<00000000000000000000000000000000>, C4<00000000000000000000000000000000>, C4<00000000000000000000000000000000>;
L_00000195c8d04690 .functor AND 1, L_00000195c8ce0430, L_00000195c8ce0d90, C4<1>, C4<1>;
L_00000195c8d040e0 .functor BUFZ 1, L_00000195c8cdff30, C4<0>, C4<0>, C4<0>;
L_00000195c8d04700 .functor OR 1, L_00000195c8cdfc10, L_00000195c8ce0ed0, C4<0>, C4<0>;
L_00000195c8d04150 .functor AND 32, L_00000195c8ce2c30, L_00000195c8d04620, C4<11111111111111111111111111111111>, C4<11111111111111111111111111111111>;
L_00000195c8d043f0 .functor AND 32, L_00000195c8ce2f50, L_00000195c8ce0750, C4<11111111111111111111111111111111>, C4<11111111111111111111111111111111>;
L_00000195c8d042a0 .functor OR 32, L_00000195c8d04150, L_00000195c8d043f0, C4<00000000000000000000000000000000>, C4<00000000000000000000000000000000>;
L_00000195c8d048c0 .functor AND 32, L_00000195c8ce2230, L_00000195c8ce1f10, C4<11111111111111111111111111111111>, C4<11111111111111111111111111111111>;
L_00000195c8d02e10 .functor OR 32, L_00000195c8d042a0, L_00000195c8d048c0, C4<00000000000000000000000000000000>, C4<00000000000000000000000000000000>;
L_00000195c8d02e80 .functor AND 32, L_00000195c8ce2870, L_00000195c8d03270, C4<11111111111111111111111111111111>, C4<11111111111111111111111111111111>;
L_00000195c8d03350 .functor OR 32, L_00000195c8d02e10, L_00000195c8d02e80, C4<00000000000000000000000000000000>, C4<00000000000000000000000000000000>;
L_00000195c8d03040 .functor AND 32, L_00000195c8ce2cd0, L_00000195c8d04000, C4<11111111111111111111111111111111>, C4<11111111111111111111111111111111>;
L_00000195c8d030b0 .functor OR 32, L_00000195c8d03350, L_00000195c8d03040, C4<00000000000000000000000000000000>, C4<00000000000000000000000000000000>;
L_00000195c8d03120 .functor AND 32, L_00000195c8ce22d0, L_00000195c8d03eb0, C4<11111111111111111111111111111111>, C4<11111111111111111111111111111111>;
L_00000195c8d033c0 .functor OR 32, L_00000195c8d030b0, L_00000195c8d03120, C4<00000000000000000000000000000000>, C4<00000000000000000000000000000000>;
L_00000195c8d034a0 .functor AND 32, L_00000195c8ce2910, L_00000195c8d032e0, C4<11111111111111111111111111111111>, C4<11111111111111111111111111111111>;
L_00000195c8d035f0 .functor OR 32, L_00000195c8d033c0, L_00000195c8d034a0, C4<00000000000000000000000000000000>, C4<00000000000000000000000000000000>;
L_00000195c8d036d0 .functor AND 32, L_00000195c8ce2b90, L_00000195c8d04070, C4<11111111111111111111111111111111>, C4<11111111111111111111111111111111>;
L_00000195c8d04d90 .functor OR 32, L_00000195c8d035f0, L_00000195c8d036d0, C4<00000000000000000000000000000000>, C4<00000000000000000000000000000000>;
L_00000195c8d04b60 .functor AND 32, L_00000195c8ce2af0, L_00000195c8cdfe90, C4<11111111111111111111111111111111>, C4<11111111111111111111111111111111>;
L_00000195c8d04cb0 .functor OR 32, L_00000195c8d04d90, L_00000195c8d04b60, C4<00000000000000000000000000000000>, C4<00000000000000000000000000000000>;
L_00000195c8d04e00 .functor OR 1, L_00000195c8ce0890, L_00000195c8ce0430, C4<0>, C4<0>;
L_00000195c8d04bd0 .functor AND 32, L_00000195c8ce2ff0, L_00000195c8ce1510, C4<11111111111111111111111111111111>, C4<11111111111111111111111111111111>;
L_00000195c8d04a80 .functor OR 32, L_00000195c8d04cb0, L_00000195c8d04bd0, C4<00000000000000000000000000000000>, C4<00000000000000000000000000000000>;
L_00000195c8d04c40 .functor OR 1, L_00000195c8ce2190, L_00000195c8ce1c90, C4<0>, C4<0>;
L_00000195c8d04e70 .functor OR 1, L_00000195c8d04c40, L_00000195c8cdff30, C4<0>, C4<0>;
L_00000195c8d04af0 .functor AND 32, L_00000195c8ce29b0, L_00000195c8ce27d0, C4<11111111111111111111111111111111>, C4<11111111111111111111111111111111>;
L_00000195c8d050a0 .functor OR 32, L_00000195c8d04a80, L_00000195c8d04af0, C4<00000000000000000000000000000000>, C4<00000000000000000000000000000000>;
L_00000195c8c800e8 .functor BUFT 1, C4<0000000000000000000000000000000>, C4<0>, C4<0>, C4<0>;
v00000195c8b9fbf0_0 .net/2u *"_ivl_100", 30 0, L_00000195c8c800e8;  1 drivers
v00000195c8ba0050_0 .net *"_ivl_105", 0 0, L_00000195c8d03e40;  1 drivers
v00000195c8ba0690_0 .net *"_ivl_118", 4 0, L_00000195c8cdfdf0;  1 drivers
v00000195c8ba1950_0 .net *"_ivl_122", 0 0, L_00000195c8ce0d90;  1 drivers
v00000195c8b9f970_0 .net *"_ivl_123", 0 0, L_00000195c8d04690;  1 drivers
v00000195c8ba0f50_0 .net *"_ivl_125", 31 0, L_00000195c8cdfb70;  1 drivers
v00000195c8b9fe70_0 .net *"_ivl_127", 63 0, L_00000195c8ce11f0;  1 drivers
v00000195c8ba07d0_0 .net *"_ivl_130", 4 0, L_00000195c8ce1290;  1 drivers
L_00000195c8c80130 .functor BUFT 1, C4<0>, C4<0>, C4<0>, C4<0>;
v00000195c8ba0410_0 .net/2u *"_ivl_137", 0 0, L_00000195c8c80130;  1 drivers
v00000195c8ba16d0_0 .net *"_ivl_140", 0 0, L_00000195c8ce15b0;  1 drivers
v00000195c8ba1310_0 .net *"_ivl_141", 0 0, L_00000195c8ce04d0;  1 drivers
L_00000195c8c80178 .functor BUFT 1, C4<0>, C4<0>, C4<0>, C4<0>;
v00000195c8ba02d0_0 .net/2u *"_ivl_145", 0 0, L_00000195c8c80178;  1 drivers
v00000195c8b9fdd0_0 .net *"_ivl_148", 0 0, L_00000195c8ce25f0;  1 drivers
v00000195c8ba05f0_0 .net *"_ivl_149", 0 0, L_00000195c8ce2730;  1 drivers
v00000195c8ba0370_0 .net/s *"_ivl_153", 65 0, L_00000195c8ce3090;  1 drivers
v00000195c8ba0d70_0 .net/s *"_ivl_155", 65 0, L_00000195c8ce2eb0;  1 drivers
v00000195c8ba0e10_0 .net *"_ivl_165", 0 0, L_00000195c8d04700;  1 drivers
v00000195c8b9fab0_0 .net *"_ivl_167", 31 0, L_00000195c8ce2c30;  1 drivers
v00000195c8b9f330_0 .net *"_ivl_169", 31 0, L_00000195c8d04150;  1 drivers
v00000195c8ba0ff0_0 .net *"_ivl_171", 31 0, L_00000195c8ce2f50;  1 drivers
v00000195c8ba04b0_0 .net *"_ivl_173", 31 0, L_00000195c8d043f0;  1 drivers
v00000195c8ba0550_0 .net *"_ivl_175", 31 0, L_00000195c8d042a0;  1 drivers
v00000195c8ba1770_0 .net *"_ivl_177", 31 0, L_00000195c8ce2230;  1 drivers
v00000195c8b9f3d0_0 .net *"_ivl_179", 31 0, L_00000195c8d048c0;  1 drivers
v00000195c8ba0eb0_0 .net *"_ivl_181", 31 0, L_00000195c8d02e10;  1 drivers
v00000195c8ba0730_0 .net *"_ivl_183", 31 0, L_00000195c8ce2870;  1 drivers
v00000195c8ba00f0_0 .net *"_ivl_185", 31 0, L_00000195c8d02e80;  1 drivers
v00000195c8b9f790_0 .net *"_ivl_187", 31 0, L_00000195c8d03350;  1 drivers
v00000195c8ba1810_0 .net *"_ivl_189", 31 0, L_00000195c8ce2cd0;  1 drivers
v00000195c8b9ff10_0 .net *"_ivl_191", 31 0, L_00000195c8d03040;  1 drivers
v00000195c8b9ffb0_0 .net *"_ivl_193", 31 0, L_00000195c8d030b0;  1 drivers
v00000195c8ba1090_0 .net *"_ivl_195", 31 0, L_00000195c8ce22d0;  1 drivers
v00000195c8b9f510_0 .net *"_ivl_197", 31 0, L_00000195c8d03120;  1 drivers
v00000195c8ba09b0_0 .net *"_ivl_199", 31 0, L_00000195c8d033c0;  1 drivers
v00000195c8ba0a50_0 .net *"_ivl_201", 31 0, L_00000195c8ce2910;  1 drivers
v00000195c8ba0190_0 .net *"_ivl_203", 31 0, L_00000195c8d034a0;  1 drivers
v00000195c8ba0c30_0 .net *"_ivl_205", 31 0, L_00000195c8d035f0;  1 drivers
v00000195c8ba0870_0 .net *"_ivl_207", 31 0, L_00000195c8ce2b90;  1 drivers
v00000195c8ba1130_0 .net *"_ivl_209", 31 0, L_00000195c8d036d0;  1 drivers
v00000195c8ba0910_0 .net *"_ivl_211", 31 0, L_00000195c8d04d90;  1 drivers
v00000195c8ba11d0_0 .net *"_ivl_213", 31 0, L_00000195c8ce2af0;  1 drivers
v00000195c8ba0af0_0 .net *"_ivl_215", 31 0, L_00000195c8d04b60;  1 drivers
v00000195c8ba0b90_0 .net *"_ivl_217", 31 0, L_00000195c8d04cb0;  1 drivers
v00000195c8ba1270_0 .net *"_ivl_219", 0 0, L_00000195c8d04e00;  1 drivers
v00000195c8ba13b0_0 .net *"_ivl_221", 31 0, L_00000195c8ce2ff0;  1 drivers
v00000195c8b9f5b0_0 .net *"_ivl_223", 31 0, L_00000195c8d04bd0;  1 drivers
v00000195c8b9f470_0 .net *"_ivl_225", 31 0, L_00000195c8d04a80;  1 drivers
v00000195c8ba1450_0 .net *"_ivl_227", 0 0, L_00000195c8d04c40;  1 drivers
v00000195c8b9f830_0 .net *"_ivl_229", 0 0, L_00000195c8d04e70;  1 drivers
v00000195c8b9f8d0_0 .net *"_ivl_231", 31 0, L_00000195c8ce29b0;  1 drivers
v00000195c8b9f650_0 .net *"_ivl_233", 31 0, L_00000195c8d04af0;  1 drivers
v00000195c8b9fa10_0 .net *"_ivl_32", 0 0, L_00000195c8d03200;  1 drivers
v00000195c8b9fc90_0 .net *"_ivl_34", 0 0, L_00000195c8d03660;  1 drivers
v00000195c8ba20d0_0 .net *"_ivl_36", 31 0, L_00000195c8d037b0;  1 drivers
v00000195c8ba1d10_0 .net *"_ivl_40", 0 0, L_00000195c8d03c10;  1 drivers
v00000195c8ba2210_0 .net *"_ivl_42", 0 0, L_00000195c8d02fd0;  1 drivers
L_00000195c8c7ff38 .functor BUFT 1, C4<1>, C4<0>, C4<0>, C4<0>;
v00000195c8ba1db0_0 .net/2u *"_ivl_44", 0 0, L_00000195c8c7ff38;  1 drivers
L_00000195c8c7ff80 .functor BUFT 1, C4<0>, C4<0>, C4<0>, C4<0>;
v00000195c8ba1e50_0 .net/2u *"_ivl_46", 0 0, L_00000195c8c7ff80;  1 drivers
v00000195c8ba1b30_0 .net *"_ivl_53", 32 0, L_00000195c8ce1dd0;  1 drivers
L_00000195c8c7ffc8 .functor BUFT 1, C4<0>, C4<0>, C4<0>, C4<0>;
v00000195c8ba2030_0 .net *"_ivl_56", 0 0, L_00000195c8c7ffc8;  1 drivers
v00000195c8ba2170_0 .net *"_ivl_57", 32 0, L_00000195c8cdfad0;  1 drivers
L_00000195c8c80010 .functor BUFT 1, C4<0>, C4<0>, C4<0>, C4<0>;
v00000195c8ba1ef0_0 .net *"_ivl_60", 0 0, L_00000195c8c80010;  1 drivers
v00000195c8ba1f90_0 .net *"_ivl_61", 32 0, L_00000195c8ce0b10;  1 drivers
v00000195c8ba1bd0_0 .net *"_ivl_63", 32 0, L_00000195c8ce0250;  1 drivers
L_00000195c8c80058 .functor BUFT 1, C4<00000000000000000000000000000000>, C4<0>, C4<0>, C4<0>;
v00000195c8ba1c70_0 .net *"_ivl_66", 31 0, L_00000195c8c80058;  1 drivers
v00000195c8b9c3b0_0 .net *"_ivl_67", 32 0, L_00000195c8ce02f0;  1 drivers
L_00000195c8c800a0 .functor BUFT 1, C4<0000000000000000000000000000000>, C4<0>, C4<0>, C4<0>;
v00000195c8b9c6d0_0 .net/2u *"_ivl_73", 30 0, L_00000195c8c800a0;  1 drivers
v00000195c8b9ab50_0 .net *"_ivl_79", 0 0, L_00000195c8ce0bb0;  1 drivers
v00000195c8b9aab0_0 .net *"_ivl_81", 0 0, L_00000195c8ce1ab0;  1 drivers
v00000195c8b9c4f0_0 .net *"_ivl_82", 0 0, L_00000195c8d03c80;  1 drivers
v00000195c8b9bd70_0 .net *"_ivl_84", 0 0, L_00000195c8d03d60;  1 drivers
v00000195c8b9b7d0_0 .net *"_ivl_87", 0 0, L_00000195c8ce1e70;  1 drivers
v00000195c8b9c770_0 .net *"_ivl_89", 0 0, L_00000195c8ce0390;  1 drivers
v00000195c8b9a8d0_0 .net *"_ivl_90", 0 0, L_00000195c8d03dd0;  1 drivers
v00000195c8b9c8b0_0 .net *"_ivl_93", 0 0, L_00000195c8ce0cf0;  1 drivers
v00000195c8b9a6f0_0 .net *"_ivl_94", 0 0, L_00000195c8d04230;  1 drivers
v00000195c8b9a510_0 .net *"_ivl_96", 0 0, L_00000195c8d03f90;  1 drivers
v00000195c8b9b190_0 .net "add_sub_result", 31 0, L_00000195c8d04620;  1 drivers
v00000195c8b9bb90_0 .net "adder_a", 31 0, L_00000195c8d02f60;  1 drivers
v00000195c8b9c090_0 .net "adder_b", 31 0, L_00000195c8ce1d30;  1 drivers
v00000195c8b9bf50_0 .net "adder_cin", 0 0, L_00000195c8ce01b0;  1 drivers
v00000195c8b9bff0_0 .net "adder_cout", 0 0, L_00000195c8ce0a70;  1 drivers
v00000195c8b9c450_0 .net "adder_result", 31 0, L_00000195c8ce06b0;  1 drivers
v00000195c8b9afb0_0 .net "alu_op", 14 0, v00000195c8c526f0_0;  1 drivers
v00000195c8b9b410_0 .net "alu_result", 31 0, L_00000195c8d050a0;  alias, 1 drivers
v00000195c8b9a790_0 .net "alu_src1", 31 0, L_00000195c8ce1150;  alias, 1 drivers
v00000195c8b9c630_0 .net "alu_src2", 31 0, L_00000195c8ce1970;  alias, 1 drivers
v00000195c8b9c130_0 .net "and_result", 31 0, L_00000195c8d03270;  1 drivers
v00000195c8b9c950_0 .net "lui_result", 31 0, L_00000195c8d04070;  1 drivers
v00000195c8b9b870_0 .net "mul_hi", 31 0, L_00000195c8ce2690;  1 drivers
v00000195c8b9b690_0 .net "mul_is_unsigned", 0 0, L_00000195c8d040e0;  1 drivers
v00000195c8b9bcd0_0 .net "mul_lo", 31 0, L_00000195c8ce2550;  1 drivers
v00000195c8b9c1d0_0 .net/s "mul_prod", 65 0, L_00000195c8ce2410;  1 drivers
v00000195c8b9b050_0 .net "mul_result", 31 0, L_00000195c8ce27d0;  1 drivers
v00000195c8b9c590_0 .net/s "mul_src1", 32 0, L_00000195c8ce1650;  1 drivers
v00000195c8b9a5b0_0 .net/s "mul_src2", 32 0, L_00000195c8ce24b0;  1 drivers
v00000195c8b9b910_0 .net "nor_result", 31 0, L_00000195c8d04000;  1 drivers
v00000195c8b9b370_0 .net "op_add", 0 0, L_00000195c8cdfc10;  1 drivers
v00000195c8b9baf0_0 .net "op_and", 0 0, L_00000195c8cdfcb0;  1 drivers
v00000195c8b9a970_0 .net "op_lui", 0 0, L_00000195c8ce1a10;  1 drivers
v00000195c8b9b0f0_0 .net "op_mul", 0 0, L_00000195c8ce2190;  1 drivers
v00000195c8b9c810_0 .net "op_mulh", 0 0, L_00000195c8ce1c90;  1 drivers
v00000195c8b9abf0_0 .net "op_mulhu", 0 0, L_00000195c8cdff30;  1 drivers
v00000195c8b9c270_0 .net "op_nor", 0 0, L_00000195c8cdfd50;  1 drivers
v00000195c8b9ac90_0 .net "op_or", 0 0, L_00000195c8ce10b0;  1 drivers
v00000195c8b9ae70_0 .net "op_sll", 0 0, L_00000195c8ce0110;  1 drivers
v00000195c8b9b730_0 .net "op_slt", 0 0, L_00000195c8ce0c50;  1 drivers
v00000195c8b9a830_0 .net "op_sltu", 0 0, L_00000195c8ce1bf0;  1 drivers
v00000195c8b9aa10_0 .net "op_sra", 0 0, L_00000195c8ce0430;  1 drivers
v00000195c8b9c310_0 .net "op_srl", 0 0, L_00000195c8ce0890;  1 drivers
v00000195c8b9b4b0_0 .net "op_sub", 0 0, L_00000195c8ce0ed0;  1 drivers
v00000195c8b9b230_0 .net "op_xor", 0 0, L_00000195c8ce1b50;  1 drivers
v00000195c8b9bc30_0 .net "or_result", 31 0, L_00000195c8d03eb0;  1 drivers
v00000195c8b9c9f0_0 .net "sll_result", 31 0, L_00000195c8cdfe90;  1 drivers
v00000195c8b9ca90_0 .net "slt_result", 31 0, L_00000195c8ce0750;  1 drivers
v00000195c8b9ad30_0 .net "sltu_result", 31 0, L_00000195c8ce1f10;  1 drivers
v00000195c8b9a650_0 .net "sr64_result", 63 0, L_00000195c8ce13d0;  1 drivers
v00000195c8b9a330_0 .net "sr_result", 31 0, L_00000195c8ce1510;  1 drivers
v00000195c8b9a3d0_0 .net "xor_result", 31 0, L_00000195c8d032e0;  1 drivers
L_00000195c8cdfc10 .part v00000195c8c526f0_0, 0, 1;
L_00000195c8ce0ed0 .part v00000195c8c526f0_0, 1, 1;
L_00000195c8ce0c50 .part v00000195c8c526f0_0, 2, 1;
L_00000195c8ce1bf0 .part v00000195c8c526f0_0, 3, 1;
L_00000195c8cdfcb0 .part v00000195c8c526f0_0, 4, 1;
L_00000195c8cdfd50 .part v00000195c8c526f0_0, 5, 1;
L_00000195c8ce10b0 .part v00000195c8c526f0_0, 6, 1;
L_00000195c8ce1b50 .part v00000195c8c526f0_0, 7, 1;
L_00000195c8ce0110 .part v00000195c8c526f0_0, 8, 1;
L_00000195c8ce0890 .part v00000195c8c526f0_0, 9, 1;
L_00000195c8ce0430 .part v00000195c8c526f0_0, 10, 1;
L_00000195c8ce1a10 .part v00000195c8c526f0_0, 11, 1;
L_00000195c8ce2190 .part v00000195c8c526f0_0, 12, 1;
L_00000195c8ce1c90 .part v00000195c8c526f0_0, 13, 1;
L_00000195c8cdff30 .part v00000195c8c526f0_0, 14, 1;
L_00000195c8ce1d30 .functor MUXZ 32, L_00000195c8ce1970, L_00000195c8d037b0, L_00000195c8d03660, C4<>;
L_00000195c8ce01b0 .functor MUXZ 1, L_00000195c8c7ff80, L_00000195c8c7ff38, L_00000195c8d02fd0, C4<>;
L_00000195c8ce0a70 .part L_00000195c8ce02f0, 32, 1;
L_00000195c8ce06b0 .part L_00000195c8ce02f0, 0, 32;
L_00000195c8ce1dd0 .concat [ 32 1 0 0], L_00000195c8d02f60, L_00000195c8c7ffc8;
L_00000195c8cdfad0 .concat [ 32 1 0 0], L_00000195c8ce1d30, L_00000195c8c80010;
L_00000195c8ce0b10 .arith/sum 33, L_00000195c8ce1dd0, L_00000195c8cdfad0;
L_00000195c8ce0250 .concat [ 1 32 0 0], L_00000195c8ce01b0, L_00000195c8c80058;
L_00000195c8ce02f0 .arith/sum 33, L_00000195c8ce0b10, L_00000195c8ce0250;
L_00000195c8ce0750 .concat8 [ 1 31 0 0], L_00000195c8d03f90, L_00000195c8c800a0;
L_00000195c8ce0bb0 .part L_00000195c8ce1150, 31, 1;
L_00000195c8ce1ab0 .part L_00000195c8ce1970, 31, 1;
L_00000195c8ce1e70 .part L_00000195c8ce1150, 31, 1;
L_00000195c8ce0390 .part L_00000195c8ce1970, 31, 1;
L_00000195c8ce0cf0 .part L_00000195c8ce06b0, 31, 1;
L_00000195c8ce1f10 .concat8 [ 1 31 0 0], L_00000195c8d03e40, L_00000195c8c800e8;
L_00000195c8cdfdf0 .part L_00000195c8ce1970, 0, 5;
L_00000195c8cdfe90 .shift/l 32, L_00000195c8ce1150, L_00000195c8cdfdf0;
L_00000195c8ce0d90 .part L_00000195c8ce1150, 31, 1;
LS_00000195c8cdfb70_0_0 .concat [ 1 1 1 1], L_00000195c8d04690, L_00000195c8d04690, L_00000195c8d04690, L_00000195c8d04690;
LS_00000195c8cdfb70_0_4 .concat [ 1 1 1 1], L_00000195c8d04690, L_00000195c8d04690, L_00000195c8d04690, L_00000195c8d04690;
LS_00000195c8cdfb70_0_8 .concat [ 1 1 1 1], L_00000195c8d04690, L_00000195c8d04690, L_00000195c8d04690, L_00000195c8d04690;
LS_00000195c8cdfb70_0_12 .concat [ 1 1 1 1], L_00000195c8d04690, L_00000195c8d04690, L_00000195c8d04690, L_00000195c8d04690;
LS_00000195c8cdfb70_0_16 .concat [ 1 1 1 1], L_00000195c8d04690, L_00000195c8d04690, L_00000195c8d04690, L_00000195c8d04690;
LS_00000195c8cdfb70_0_20 .concat [ 1 1 1 1], L_00000195c8d04690, L_00000195c8d04690, L_00000195c8d04690, L_00000195c8d04690;
LS_00000195c8cdfb70_0_24 .concat [ 1 1 1 1], L_00000195c8d04690, L_00000195c8d04690, L_00000195c8d04690, L_00000195c8d04690;
LS_00000195c8cdfb70_0_28 .concat [ 1 1 1 1], L_00000195c8d04690, L_00000195c8d04690, L_00000195c8d04690, L_00000195c8d04690;
LS_00000195c8cdfb70_1_0 .concat [ 4 4 4 4], LS_00000195c8cdfb70_0_0, LS_00000195c8cdfb70_0_4, LS_00000195c8cdfb70_0_8, LS_00000195c8cdfb70_0_12;
LS_00000195c8cdfb70_1_4 .concat [ 4 4 4 4], LS_00000195c8cdfb70_0_16, LS_00000195c8cdfb70_0_20, LS_00000195c8cdfb70_0_24, LS_00000195c8cdfb70_0_28;
L_00000195c8cdfb70 .concat [ 16 16 0 0], LS_00000195c8cdfb70_1_0, LS_00000195c8cdfb70_1_4;
L_00000195c8ce11f0 .concat [ 32 32 0 0], L_00000195c8ce1150, L_00000195c8cdfb70;
L_00000195c8ce1290 .part L_00000195c8ce1970, 0, 5;
L_00000195c8ce13d0 .shift/r 64, L_00000195c8ce11f0, L_00000195c8ce1290;
L_00000195c8ce1510 .part L_00000195c8ce13d0, 0, 32;
L_00000195c8ce15b0 .part L_00000195c8ce1150, 31, 1;
L_00000195c8ce04d0 .functor MUXZ 1, L_00000195c8ce15b0, L_00000195c8c80130, L_00000195c8d040e0, C4<>;
L_00000195c8ce1650 .concat [ 32 1 0 0], L_00000195c8ce1150, L_00000195c8ce04d0;
L_00000195c8ce25f0 .part L_00000195c8ce1970, 31, 1;
L_00000195c8ce2730 .functor MUXZ 1, L_00000195c8ce25f0, L_00000195c8c80178, L_00000195c8d040e0, C4<>;
L_00000195c8ce24b0 .concat [ 32 1 0 0], L_00000195c8ce1970, L_00000195c8ce2730;
L_00000195c8ce3090 .extend/s 66, L_00000195c8ce1650;
L_00000195c8ce2eb0 .extend/s 66, L_00000195c8ce24b0;
L_00000195c8ce2410 .arith/mult 66, L_00000195c8ce3090, L_00000195c8ce2eb0;
L_00000195c8ce2550 .part L_00000195c8ce2410, 0, 32;
L_00000195c8ce2690 .part L_00000195c8ce2410, 32, 32;
L_00000195c8ce27d0 .functor MUXZ 32, L_00000195c8ce2690, L_00000195c8ce2550, L_00000195c8ce2190, C4<>;
LS_00000195c8ce2c30_0_0 .concat [ 1 1 1 1], L_00000195c8d04700, L_00000195c8d04700, L_00000195c8d04700, L_00000195c8d04700;
LS_00000195c8ce2c30_0_4 .concat [ 1 1 1 1], L_00000195c8d04700, L_00000195c8d04700, L_00000195c8d04700, L_00000195c8d04700;
LS_00000195c8ce2c30_0_8 .concat [ 1 1 1 1], L_00000195c8d04700, L_00000195c8d04700, L_00000195c8d04700, L_00000195c8d04700;
LS_00000195c8ce2c30_0_12 .concat [ 1 1 1 1], L_00000195c8d04700, L_00000195c8d04700, L_00000195c8d04700, L_00000195c8d04700;
LS_00000195c8ce2c30_0_16 .concat [ 1 1 1 1], L_00000195c8d04700, L_00000195c8d04700, L_00000195c8d04700, L_00000195c8d04700;
LS_00000195c8ce2c30_0_20 .concat [ 1 1 1 1], L_00000195c8d04700, L_00000195c8d04700, L_00000195c8d04700, L_00000195c8d04700;
LS_00000195c8ce2c30_0_24 .concat [ 1 1 1 1], L_00000195c8d04700, L_00000195c8d04700, L_00000195c8d04700, L_00000195c8d04700;
LS_00000195c8ce2c30_0_28 .concat [ 1 1 1 1], L_00000195c8d04700, L_00000195c8d04700, L_00000195c8d04700, L_00000195c8d04700;
LS_00000195c8ce2c30_1_0 .concat [ 4 4 4 4], LS_00000195c8ce2c30_0_0, LS_00000195c8ce2c30_0_4, LS_00000195c8ce2c30_0_8, LS_00000195c8ce2c30_0_12;
LS_00000195c8ce2c30_1_4 .concat [ 4 4 4 4], LS_00000195c8ce2c30_0_16, LS_00000195c8ce2c30_0_20, LS_00000195c8ce2c30_0_24, LS_00000195c8ce2c30_0_28;
L_00000195c8ce2c30 .concat [ 16 16 0 0], LS_00000195c8ce2c30_1_0, LS_00000195c8ce2c30_1_4;
LS_00000195c8ce2f50_0_0 .concat [ 1 1 1 1], L_00000195c8ce0c50, L_00000195c8ce0c50, L_00000195c8ce0c50, L_00000195c8ce0c50;
LS_00000195c8ce2f50_0_4 .concat [ 1 1 1 1], L_00000195c8ce0c50, L_00000195c8ce0c50, L_00000195c8ce0c50, L_00000195c8ce0c50;
LS_00000195c8ce2f50_0_8 .concat [ 1 1 1 1], L_00000195c8ce0c50, L_00000195c8ce0c50, L_00000195c8ce0c50, L_00000195c8ce0c50;
LS_00000195c8ce2f50_0_12 .concat [ 1 1 1 1], L_00000195c8ce0c50, L_00000195c8ce0c50, L_00000195c8ce0c50, L_00000195c8ce0c50;
LS_00000195c8ce2f50_0_16 .concat [ 1 1 1 1], L_00000195c8ce0c50, L_00000195c8ce0c50, L_00000195c8ce0c50, L_00000195c8ce0c50;
LS_00000195c8ce2f50_0_20 .concat [ 1 1 1 1], L_00000195c8ce0c50, L_00000195c8ce0c50, L_00000195c8ce0c50, L_00000195c8ce0c50;
LS_00000195c8ce2f50_0_24 .concat [ 1 1 1 1], L_00000195c8ce0c50, L_00000195c8ce0c50, L_00000195c8ce0c50, L_00000195c8ce0c50;
LS_00000195c8ce2f50_0_28 .concat [ 1 1 1 1], L_00000195c8ce0c50, L_00000195c8ce0c50, L_00000195c8ce0c50, L_00000195c8ce0c50;
LS_00000195c8ce2f50_1_0 .concat [ 4 4 4 4], LS_00000195c8ce2f50_0_0, LS_00000195c8ce2f50_0_4, LS_00000195c8ce2f50_0_8, LS_00000195c8ce2f50_0_12;
LS_00000195c8ce2f50_1_4 .concat [ 4 4 4 4], LS_00000195c8ce2f50_0_16, LS_00000195c8ce2f50_0_20, LS_00000195c8ce2f50_0_24, LS_00000195c8ce2f50_0_28;
L_00000195c8ce2f50 .concat [ 16 16 0 0], LS_00000195c8ce2f50_1_0, LS_00000195c8ce2f50_1_4;
LS_00000195c8ce2230_0_0 .concat [ 1 1 1 1], L_00000195c8ce1bf0, L_00000195c8ce1bf0, L_00000195c8ce1bf0, L_00000195c8ce1bf0;
LS_00000195c8ce2230_0_4 .concat [ 1 1 1 1], L_00000195c8ce1bf0, L_00000195c8ce1bf0, L_00000195c8ce1bf0, L_00000195c8ce1bf0;
LS_00000195c8ce2230_0_8 .concat [ 1 1 1 1], L_00000195c8ce1bf0, L_00000195c8ce1bf0, L_00000195c8ce1bf0, L_00000195c8ce1bf0;
LS_00000195c8ce2230_0_12 .concat [ 1 1 1 1], L_00000195c8ce1bf0, L_00000195c8ce1bf0, L_00000195c8ce1bf0, L_00000195c8ce1bf0;
LS_00000195c8ce2230_0_16 .concat [ 1 1 1 1], L_00000195c8ce1bf0, L_00000195c8ce1bf0, L_00000195c8ce1bf0, L_00000195c8ce1bf0;
LS_00000195c8ce2230_0_20 .concat [ 1 1 1 1], L_00000195c8ce1bf0, L_00000195c8ce1bf0, L_00000195c8ce1bf0, L_00000195c8ce1bf0;
LS_00000195c8ce2230_0_24 .concat [ 1 1 1 1], L_00000195c8ce1bf0, L_00000195c8ce1bf0, L_00000195c8ce1bf0, L_00000195c8ce1bf0;
LS_00000195c8ce2230_0_28 .concat [ 1 1 1 1], L_00000195c8ce1bf0, L_00000195c8ce1bf0, L_00000195c8ce1bf0, L_00000195c8ce1bf0;
LS_00000195c8ce2230_1_0 .concat [ 4 4 4 4], LS_00000195c8ce2230_0_0, LS_00000195c8ce2230_0_4, LS_00000195c8ce2230_0_8, LS_00000195c8ce2230_0_12;
LS_00000195c8ce2230_1_4 .concat [ 4 4 4 4], LS_00000195c8ce2230_0_16, LS_00000195c8ce2230_0_20, LS_00000195c8ce2230_0_24, LS_00000195c8ce2230_0_28;
L_00000195c8ce2230 .concat [ 16 16 0 0], LS_00000195c8ce2230_1_0, LS_00000195c8ce2230_1_4;
LS_00000195c8ce2870_0_0 .concat [ 1 1 1 1], L_00000195c8cdfcb0, L_00000195c8cdfcb0, L_00000195c8cdfcb0, L_00000195c8cdfcb0;
LS_00000195c8ce2870_0_4 .concat [ 1 1 1 1], L_00000195c8cdfcb0, L_00000195c8cdfcb0, L_00000195c8cdfcb0, L_00000195c8cdfcb0;
LS_00000195c8ce2870_0_8 .concat [ 1 1 1 1], L_00000195c8cdfcb0, L_00000195c8cdfcb0, L_00000195c8cdfcb0, L_00000195c8cdfcb0;
LS_00000195c8ce2870_0_12 .concat [ 1 1 1 1], L_00000195c8cdfcb0, L_00000195c8cdfcb0, L_00000195c8cdfcb0, L_00000195c8cdfcb0;
LS_00000195c8ce2870_0_16 .concat [ 1 1 1 1], L_00000195c8cdfcb0, L_00000195c8cdfcb0, L_00000195c8cdfcb0, L_00000195c8cdfcb0;
LS_00000195c8ce2870_0_20 .concat [ 1 1 1 1], L_00000195c8cdfcb0, L_00000195c8cdfcb0, L_00000195c8cdfcb0, L_00000195c8cdfcb0;
LS_00000195c8ce2870_0_24 .concat [ 1 1 1 1], L_00000195c8cdfcb0, L_00000195c8cdfcb0, L_00000195c8cdfcb0, L_00000195c8cdfcb0;
LS_00000195c8ce2870_0_28 .concat [ 1 1 1 1], L_00000195c8cdfcb0, L_00000195c8cdfcb0, L_00000195c8cdfcb0, L_00000195c8cdfcb0;
LS_00000195c8ce2870_1_0 .concat [ 4 4 4 4], LS_00000195c8ce2870_0_0, LS_00000195c8ce2870_0_4, LS_00000195c8ce2870_0_8, LS_00000195c8ce2870_0_12;
LS_00000195c8ce2870_1_4 .concat [ 4 4 4 4], LS_00000195c8ce2870_0_16, LS_00000195c8ce2870_0_20, LS_00000195c8ce2870_0_24, LS_00000195c8ce2870_0_28;
L_00000195c8ce2870 .concat [ 16 16 0 0], LS_00000195c8ce2870_1_0, LS_00000195c8ce2870_1_4;
LS_00000195c8ce2cd0_0_0 .concat [ 1 1 1 1], L_00000195c8cdfd50, L_00000195c8cdfd50, L_00000195c8cdfd50, L_00000195c8cdfd50;
LS_00000195c8ce2cd0_0_4 .concat [ 1 1 1 1], L_00000195c8cdfd50, L_00000195c8cdfd50, L_00000195c8cdfd50, L_00000195c8cdfd50;
LS_00000195c8ce2cd0_0_8 .concat [ 1 1 1 1], L_00000195c8cdfd50, L_00000195c8cdfd50, L_00000195c8cdfd50, L_00000195c8cdfd50;
LS_00000195c8ce2cd0_0_12 .concat [ 1 1 1 1], L_00000195c8cdfd50, L_00000195c8cdfd50, L_00000195c8cdfd50, L_00000195c8cdfd50;
LS_00000195c8ce2cd0_0_16 .concat [ 1 1 1 1], L_00000195c8cdfd50, L_00000195c8cdfd50, L_00000195c8cdfd50, L_00000195c8cdfd50;
LS_00000195c8ce2cd0_0_20 .concat [ 1 1 1 1], L_00000195c8cdfd50, L_00000195c8cdfd50, L_00000195c8cdfd50, L_00000195c8cdfd50;
LS_00000195c8ce2cd0_0_24 .concat [ 1 1 1 1], L_00000195c8cdfd50, L_00000195c8cdfd50, L_00000195c8cdfd50, L_00000195c8cdfd50;
LS_00000195c8ce2cd0_0_28 .concat [ 1 1 1 1], L_00000195c8cdfd50, L_00000195c8cdfd50, L_00000195c8cdfd50, L_00000195c8cdfd50;
LS_00000195c8ce2cd0_1_0 .concat [ 4 4 4 4], LS_00000195c8ce2cd0_0_0, LS_00000195c8ce2cd0_0_4, LS_00000195c8ce2cd0_0_8, LS_00000195c8ce2cd0_0_12;
LS_00000195c8ce2cd0_1_4 .concat [ 4 4 4 4], LS_00000195c8ce2cd0_0_16, LS_00000195c8ce2cd0_0_20, LS_00000195c8ce2cd0_0_24, LS_00000195c8ce2cd0_0_28;
L_00000195c8ce2cd0 .concat [ 16 16 0 0], LS_00000195c8ce2cd0_1_0, LS_00000195c8ce2cd0_1_4;
LS_00000195c8ce22d0_0_0 .concat [ 1 1 1 1], L_00000195c8ce10b0, L_00000195c8ce10b0, L_00000195c8ce10b0, L_00000195c8ce10b0;
LS_00000195c8ce22d0_0_4 .concat [ 1 1 1 1], L_00000195c8ce10b0, L_00000195c8ce10b0, L_00000195c8ce10b0, L_00000195c8ce10b0;
LS_00000195c8ce22d0_0_8 .concat [ 1 1 1 1], L_00000195c8ce10b0, L_00000195c8ce10b0, L_00000195c8ce10b0, L_00000195c8ce10b0;
LS_00000195c8ce22d0_0_12 .concat [ 1 1 1 1], L_00000195c8ce10b0, L_00000195c8ce10b0, L_00000195c8ce10b0, L_00000195c8ce10b0;
LS_00000195c8ce22d0_0_16 .concat [ 1 1 1 1], L_00000195c8ce10b0, L_00000195c8ce10b0, L_00000195c8ce10b0, L_00000195c8ce10b0;
LS_00000195c8ce22d0_0_20 .concat [ 1 1 1 1], L_00000195c8ce10b0, L_00000195c8ce10b0, L_00000195c8ce10b0, L_00000195c8ce10b0;
LS_00000195c8ce22d0_0_24 .concat [ 1 1 1 1], L_00000195c8ce10b0, L_00000195c8ce10b0, L_00000195c8ce10b0, L_00000195c8ce10b0;
LS_00000195c8ce22d0_0_28 .concat [ 1 1 1 1], L_00000195c8ce10b0, L_00000195c8ce10b0, L_00000195c8ce10b0, L_00000195c8ce10b0;
LS_00000195c8ce22d0_1_0 .concat [ 4 4 4 4], LS_00000195c8ce22d0_0_0, LS_00000195c8ce22d0_0_4, LS_00000195c8ce22d0_0_8, LS_00000195c8ce22d0_0_12;
LS_00000195c8ce22d0_1_4 .concat [ 4 4 4 4], LS_00000195c8ce22d0_0_16, LS_00000195c8ce22d0_0_20, LS_00000195c8ce22d0_0_24, LS_00000195c8ce22d0_0_28;
L_00000195c8ce22d0 .concat [ 16 16 0 0], LS_00000195c8ce22d0_1_0, LS_00000195c8ce22d0_1_4;
LS_00000195c8ce2910_0_0 .concat [ 1 1 1 1], L_00000195c8ce1b50, L_00000195c8ce1b50, L_00000195c8ce1b50, L_00000195c8ce1b50;
LS_00000195c8ce2910_0_4 .concat [ 1 1 1 1], L_00000195c8ce1b50, L_00000195c8ce1b50, L_00000195c8ce1b50, L_00000195c8ce1b50;
LS_00000195c8ce2910_0_8 .concat [ 1 1 1 1], L_00000195c8ce1b50, L_00000195c8ce1b50, L_00000195c8ce1b50, L_00000195c8ce1b50;
LS_00000195c8ce2910_0_12 .concat [ 1 1 1 1], L_00000195c8ce1b50, L_00000195c8ce1b50, L_00000195c8ce1b50, L_00000195c8ce1b50;
LS_00000195c8ce2910_0_16 .concat [ 1 1 1 1], L_00000195c8ce1b50, L_00000195c8ce1b50, L_00000195c8ce1b50, L_00000195c8ce1b50;
LS_00000195c8ce2910_0_20 .concat [ 1 1 1 1], L_00000195c8ce1b50, L_00000195c8ce1b50, L_00000195c8ce1b50, L_00000195c8ce1b50;
LS_00000195c8ce2910_0_24 .concat [ 1 1 1 1], L_00000195c8ce1b50, L_00000195c8ce1b50, L_00000195c8ce1b50, L_00000195c8ce1b50;
LS_00000195c8ce2910_0_28 .concat [ 1 1 1 1], L_00000195c8ce1b50, L_00000195c8ce1b50, L_00000195c8ce1b50, L_00000195c8ce1b50;
LS_00000195c8ce2910_1_0 .concat [ 4 4 4 4], LS_00000195c8ce2910_0_0, LS_00000195c8ce2910_0_4, LS_00000195c8ce2910_0_8, LS_00000195c8ce2910_0_12;
LS_00000195c8ce2910_1_4 .concat [ 4 4 4 4], LS_00000195c8ce2910_0_16, LS_00000195c8ce2910_0_20, LS_00000195c8ce2910_0_24, LS_00000195c8ce2910_0_28;
L_00000195c8ce2910 .concat [ 16 16 0 0], LS_00000195c8ce2910_1_0, LS_00000195c8ce2910_1_4;
LS_00000195c8ce2b90_0_0 .concat [ 1 1 1 1], L_00000195c8ce1a10, L_00000195c8ce1a10, L_00000195c8ce1a10, L_00000195c8ce1a10;
LS_00000195c8ce2b90_0_4 .concat [ 1 1 1 1], L_00000195c8ce1a10, L_00000195c8ce1a10, L_00000195c8ce1a10, L_00000195c8ce1a10;
LS_00000195c8ce2b90_0_8 .concat [ 1 1 1 1], L_00000195c8ce1a10, L_00000195c8ce1a10, L_00000195c8ce1a10, L_00000195c8ce1a10;
LS_00000195c8ce2b90_0_12 .concat [ 1 1 1 1], L_00000195c8ce1a10, L_00000195c8ce1a10, L_00000195c8ce1a10, L_00000195c8ce1a10;
LS_00000195c8ce2b90_0_16 .concat [ 1 1 1 1], L_00000195c8ce1a10, L_00000195c8ce1a10, L_00000195c8ce1a10, L_00000195c8ce1a10;
LS_00000195c8ce2b90_0_20 .concat [ 1 1 1 1], L_00000195c8ce1a10, L_00000195c8ce1a10, L_00000195c8ce1a10, L_00000195c8ce1a10;
LS_00000195c8ce2b90_0_24 .concat [ 1 1 1 1], L_00000195c8ce1a10, L_00000195c8ce1a10, L_00000195c8ce1a10, L_00000195c8ce1a10;
LS_00000195c8ce2b90_0_28 .concat [ 1 1 1 1], L_00000195c8ce1a10, L_00000195c8ce1a10, L_00000195c8ce1a10, L_00000195c8ce1a10;
LS_00000195c8ce2b90_1_0 .concat [ 4 4 4 4], LS_00000195c8ce2b90_0_0, LS_00000195c8ce2b90_0_4, LS_00000195c8ce2b90_0_8, LS_00000195c8ce2b90_0_12;
LS_00000195c8ce2b90_1_4 .concat [ 4 4 4 4], LS_00000195c8ce2b90_0_16, LS_00000195c8ce2b90_0_20, LS_00000195c8ce2b90_0_24, LS_00000195c8ce2b90_0_28;
L_00000195c8ce2b90 .concat [ 16 16 0 0], LS_00000195c8ce2b90_1_0, LS_00000195c8ce2b90_1_4;
LS_00000195c8ce2af0_0_0 .concat [ 1 1 1 1], L_00000195c8ce0110, L_00000195c8ce0110, L_00000195c8ce0110, L_00000195c8ce0110;
LS_00000195c8ce2af0_0_4 .concat [ 1 1 1 1], L_00000195c8ce0110, L_00000195c8ce0110, L_00000195c8ce0110, L_00000195c8ce0110;
LS_00000195c8ce2af0_0_8 .concat [ 1 1 1 1], L_00000195c8ce0110, L_00000195c8ce0110, L_00000195c8ce0110, L_00000195c8ce0110;
LS_00000195c8ce2af0_0_12 .concat [ 1 1 1 1], L_00000195c8ce0110, L_00000195c8ce0110, L_00000195c8ce0110, L_00000195c8ce0110;
LS_00000195c8ce2af0_0_16 .concat [ 1 1 1 1], L_00000195c8ce0110, L_00000195c8ce0110, L_00000195c8ce0110, L_00000195c8ce0110;
LS_00000195c8ce2af0_0_20 .concat [ 1 1 1 1], L_00000195c8ce0110, L_00000195c8ce0110, L_00000195c8ce0110, L_00000195c8ce0110;
LS_00000195c8ce2af0_0_24 .concat [ 1 1 1 1], L_00000195c8ce0110, L_00000195c8ce0110, L_00000195c8ce0110, L_00000195c8ce0110;
LS_00000195c8ce2af0_0_28 .concat [ 1 1 1 1], L_00000195c8ce0110, L_00000195c8ce0110, L_00000195c8ce0110, L_00000195c8ce0110;
LS_00000195c8ce2af0_1_0 .concat [ 4 4 4 4], LS_00000195c8ce2af0_0_0, LS_00000195c8ce2af0_0_4, LS_00000195c8ce2af0_0_8, LS_00000195c8ce2af0_0_12;
LS_00000195c8ce2af0_1_4 .concat [ 4 4 4 4], LS_00000195c8ce2af0_0_16, LS_00000195c8ce2af0_0_20, LS_00000195c8ce2af0_0_24, LS_00000195c8ce2af0_0_28;
L_00000195c8ce2af0 .concat [ 16 16 0 0], LS_00000195c8ce2af0_1_0, LS_00000195c8ce2af0_1_4;
LS_00000195c8ce2ff0_0_0 .concat [ 1 1 1 1], L_00000195c8d04e00, L_00000195c8d04e00, L_00000195c8d04e00, L_00000195c8d04e00;
LS_00000195c8ce2ff0_0_4 .concat [ 1 1 1 1], L_00000195c8d04e00, L_00000195c8d04e00, L_00000195c8d04e00, L_00000195c8d04e00;
LS_00000195c8ce2ff0_0_8 .concat [ 1 1 1 1], L_00000195c8d04e00, L_00000195c8d04e00, L_00000195c8d04e00, L_00000195c8d04e00;
LS_00000195c8ce2ff0_0_12 .concat [ 1 1 1 1], L_00000195c8d04e00, L_00000195c8d04e00, L_00000195c8d04e00, L_00000195c8d04e00;
LS_00000195c8ce2ff0_0_16 .concat [ 1 1 1 1], L_00000195c8d04e00, L_00000195c8d04e00, L_00000195c8d04e00, L_00000195c8d04e00;
LS_00000195c8ce2ff0_0_20 .concat [ 1 1 1 1], L_00000195c8d04e00, L_00000195c8d04e00, L_00000195c8d04e00, L_00000195c8d04e00;
LS_00000195c8ce2ff0_0_24 .concat [ 1 1 1 1], L_00000195c8d04e00, L_00000195c8d04e00, L_00000195c8d04e00, L_00000195c8d04e00;
LS_00000195c8ce2ff0_0_28 .concat [ 1 1 1 1], L_00000195c8d04e00, L_00000195c8d04e00, L_00000195c8d04e00, L_00000195c8d04e00;
LS_00000195c8ce2ff0_1_0 .concat [ 4 4 4 4], LS_00000195c8ce2ff0_0_0, LS_00000195c8ce2ff0_0_4, LS_00000195c8ce2ff0_0_8, LS_00000195c8ce2ff0_0_12;
LS_00000195c8ce2ff0_1_4 .concat [ 4 4 4 4], LS_00000195c8ce2ff0_0_16, LS_00000195c8ce2ff0_0_20, LS_00000195c8ce2ff0_0_24, LS_00000195c8ce2ff0_0_28;
L_00000195c8ce2ff0 .concat [ 16 16 0 0], LS_00000195c8ce2ff0_1_0, LS_00000195c8ce2ff0_1_4;
LS_00000195c8ce29b0_0_0 .concat [ 1 1 1 1], L_00000195c8d04e70, L_00000195c8d04e70, L_00000195c8d04e70, L_00000195c8d04e70;
LS_00000195c8ce29b0_0_4 .concat [ 1 1 1 1], L_00000195c8d04e70, L_00000195c8d04e70, L_00000195c8d04e70, L_00000195c8d04e70;
LS_00000195c8ce29b0_0_8 .concat [ 1 1 1 1], L_00000195c8d04e70, L_00000195c8d04e70, L_00000195c8d04e70, L_00000195c8d04e70;
LS_00000195c8ce29b0_0_12 .concat [ 1 1 1 1], L_00000195c8d04e70, L_00000195c8d04e70, L_00000195c8d04e70, L_00000195c8d04e70;
LS_00000195c8ce29b0_0_16 .concat [ 1 1 1 1], L_00000195c8d04e70, L_00000195c8d04e70, L_00000195c8d04e70, L_00000195c8d04e70;
LS_00000195c8ce29b0_0_20 .concat [ 1 1 1 1], L_00000195c8d04e70, L_00000195c8d04e70, L_00000195c8d04e70, L_00000195c8d04e70;
LS_00000195c8ce29b0_0_24 .concat [ 1 1 1 1], L_00000195c8d04e70, L_00000195c8d04e70, L_00000195c8d04e70, L_00000195c8d04e70;
LS_00000195c8ce29b0_0_28 .concat [ 1 1 1 1], L_00000195c8d04e70, L_00000195c8d04e70, L_00000195c8d04e70, L_00000195c8d04e70;
LS_00000195c8ce29b0_1_0 .concat [ 4 4 4 4], LS_00000195c8ce29b0_0_0, LS_00000195c8ce29b0_0_4, LS_00000195c8ce29b0_0_8, LS_00000195c8ce29b0_0_12;
LS_00000195c8ce29b0_1_4 .concat [ 4 4 4 4], LS_00000195c8ce29b0_0_16, LS_00000195c8ce29b0_0_20, LS_00000195c8ce29b0_0_24, LS_00000195c8ce29b0_0_28;
L_00000195c8ce29b0 .concat [ 16 16 0 0], LS_00000195c8ce29b0_1_0, LS_00000195c8ce29b0_1_4;
S_00000195c89fae30 .scope module, "u_csr_exc_int" "csr_exc_int" 3 668, 5 1 0, S_00000195c868dc80;
 .timescale 0 0;
    .port_info 0 /INPUT 1 "clk";
    .port_info 1 /INPUT 1 "reset";
    .port_info 2 /INPUT 14 "csr_num";
    .port_info 3 /INPUT 14 "csr_num2";
    .port_info 4 /INPUT 1 "csr_we";
    .port_info 5 /INPUT 32 "csr_wmask";
    .port_info 6 /INPUT 32 "csr_wvalue";
    .port_info 7 /INPUT 1 "exc_flush";
    .port_info 8 /INPUT 6 "exc_ecode";
    .port_info 9 /INPUT 9 "exc_esubcode";
    .port_info 10 /INPUT 32 "exc_pc";
    .port_info 11 /INPUT 1 "ertn_flush";
    .port_info 12 /OUTPUT 32 "csr_rvalue";
    .port_info 13 /OUTPUT 32 "csr_rvalue2";
P_00000195c8690fe0 .param/l "CSR_BADV" 1 5 24, C4<00000000000111>;
P_00000195c8691018 .param/l "CSR_CRMD" 1 5 19, C4<00000000000000>;
P_00000195c8691050 .param/l "CSR_ECFG" 1 5 21, C4<00000000000100>;
P_00000195c8691088 .param/l "CSR_EENTRY" 1 5 25, C4<00000000001100>;
P_00000195c86910c0 .param/l "CSR_ERA" 1 5 23, C4<00000000000110>;
P_00000195c86910f8 .param/l "CSR_ESTAT" 1 5 22, C4<00000000000101>;
P_00000195c8691130 .param/l "CSR_LLBCTL" 1 5 34, C4<00000001100000>;
P_00000195c8691168 .param/l "CSR_PRMD" 1 5 20, C4<00000000000001>;
P_00000195c86911a0 .param/l "CSR_SAVE0" 1 5 26, C4<00000000110000>;
P_00000195c86911d8 .param/l "CSR_SAVE1" 1 5 27, C4<00000000110001>;
P_00000195c8691210 .param/l "CSR_SAVE2" 1 5 28, C4<00000000110010>;
P_00000195c8691248 .param/l "CSR_SAVE3" 1 5 29, C4<00000000110011>;
P_00000195c8691280 .param/l "CSR_TCFG" 1 5 31, C4<00000001000001>;
P_00000195c86912b8 .param/l "CSR_TICLR" 1 5 33, C4<00000001000100>;
P_00000195c86912f0 .param/l "CSR_TID" 1 5 30, C4<00000001000000>;
P_00000195c8691328 .param/l "CSR_TVAL" 1 5 32, C4<00000001000010>;
v00000195c8b9add0_0 .net "clk", 0 0, o00000195c8be17f8;  alias, 0 drivers
v00000195c8b9beb0_0 .var "csr_badv", 31 0;
v00000195c8b9b9b0_0 .var "csr_crmd", 31 0;
v00000195c8b9af10_0 .var "csr_ecfg", 31 0;
v00000195c8b9b2d0_0 .var "csr_eentry", 31 0;
v00000195c8b9b550_0 .var "csr_era", 31 0;
v00000195c8b9b5f0_0 .var "csr_estat", 31 0;
v00000195c8b9ba50_0 .var "csr_llbctl_klo", 0 0;
v00000195c8b9eb10_0 .net "csr_num", 13 0, v00000195c8c51ed0_0;  1 drivers
v00000195c8b9cef0_0 .net "csr_num2", 13 0, L_00000195c8c73970;  alias, 1 drivers
v00000195c8b2eb20_0 .var "csr_prmd", 31 0;
v00000195c8c2b000_0 .var "csr_rvalue", 31 0;
v00000195c8c2cb80_0 .var "csr_rvalue2", 31 0;
v00000195c8c2bf00_0 .var "csr_save0", 31 0;
v00000195c8c2cf40_0 .var "csr_save1", 31 0;
v00000195c8c2af60_0 .var "csr_save2", 31 0;
v00000195c8c2ac40_0 .var "csr_save3", 31 0;
v00000195c8c2b460_0 .var "csr_tcfg", 31 0;
v00000195c8c2bdc0_0 .var "csr_ticlr", 31 0;
v00000195c8c2ba00_0 .var "csr_tid", 31 0;
v00000195c8c2a920_0 .var "csr_tval", 31 0;
v00000195c8c2c360_0 .net "csr_we", 0 0, L_00000195c8d04d20;  1 drivers
v00000195c8c2aec0_0 .net "csr_wmask", 31 0, v00000195c8c50990_0;  1 drivers
v00000195c8c2b500_0 .net "csr_wvalue", 31 0, v00000195c8c525b0_0;  1 drivers
v00000195c8c2ae20_0 .net "ertn_flush", 0 0, L_00000195c8d04f50;  1 drivers
L_00000195c8c801c0 .functor BUFT 1, C4<001011>, C4<0>, C4<0>, C4<0>;
v00000195c8c2bbe0_0 .net "exc_ecode", 5 0, L_00000195c8c801c0;  1 drivers
L_00000195c8c80208 .functor BUFT 1, C4<000000000>, C4<0>, C4<0>, C4<0>;
v00000195c8c2b820_0 .net "exc_esubcode", 8 0, L_00000195c8c80208;  1 drivers
v00000195c8c2c400_0 .net "exc_flush", 0 0, L_00000195c8d04ee0;  1 drivers
v00000195c8c2cc20_0 .net "exc_pc", 31 0, v00000195c8c52470_0;  1 drivers
v00000195c8c2b0a0_0 .var "llbit", 0 0;
v00000195c8c2b140_0 .net "reset", 0 0, v00000195c8c72110_0;  1 drivers
E_00000195c86729d0 .event anyedge, v00000195c8b9eb10_0, v00000195c8b9cef0_0;
E_00000195c86725d0 .event posedge, v00000195c8b9add0_0;
S_00000195c86907f0 .scope function.vec4.s32, "csr_read" "csr_read" 5 140, 5 140 0, S_00000195c89fae30;
 .timescale 0 0;
; Variable csr_read is vec4 return value of scope S_00000195c86907f0
v00000195c8b9a470_0 .var "num", 13 0;
TD_mycpu_top.u_csr_exc_int.csr_read ;
    %load/vec4 v00000195c8b9a470_0;
    %dup/vec4;
    %pushi/vec4 0, 0, 14;
    %cmp/u;
    %jmp/1 T_0.0, 6;
    %dup/vec4;
    %pushi/vec4 1, 0, 14;
    %cmp/u;
    %jmp/1 T_0.1, 6;
    %dup/vec4;
    %pushi/vec4 4, 0, 14;
    %cmp/u;
    %jmp/1 T_0.2, 6;
    %dup/vec4;
    %pushi/vec4 5, 0, 14;
    %cmp/u;
    %jmp/1 T_0.3, 6;
    %dup/vec4;
    %pushi/vec4 6, 0, 14;
    %cmp/u;
    %jmp/1 T_0.4, 6;
    %dup/vec4;
    %pushi/vec4 7, 0, 14;
    %cmp/u;
    %jmp/1 T_0.5, 6;
    %dup/vec4;
    %pushi/vec4 12, 0, 14;
    %cmp/u;
    %jmp/1 T_0.6, 6;
    %dup/vec4;
    %pushi/vec4 48, 0, 14;
    %cmp/u;
    %jmp/1 T_0.7, 6;
    %dup/vec4;
    %pushi/vec4 49, 0, 14;
    %cmp/u;
    %jmp/1 T_0.8, 6;
    %dup/vec4;
    %pushi/vec4 50, 0, 14;
    %cmp/u;
    %jmp/1 T_0.9, 6;
    %dup/vec4;
    %pushi/vec4 51, 0, 14;
    %cmp/u;
    %jmp/1 T_0.10, 6;
    %dup/vec4;
    %pushi/vec4 64, 0, 14;
    %cmp/u;
    %jmp/1 T_0.11, 6;
    %dup/vec4;
    %pushi/vec4 65, 0, 14;
    %cmp/u;
    %jmp/1 T_0.12, 6;
    %dup/vec4;
    %pushi/vec4 66, 0, 14;
    %cmp/u;
    %jmp/1 T_0.13, 6;
    %dup/vec4;
    %pushi/vec4 68, 0, 14;
    %cmp/u;
    %jmp/1 T_0.14, 6;
    %dup/vec4;
    %pushi/vec4 96, 0, 14;
    %cmp/u;
    %jmp/1 T_0.15, 6;
    %pushi/vec4 0, 0, 32;
    %ret/vec4 0, 0, 32;  Assign to csr_read (store_vec4_to_lval)
    %jmp T_0.17;
T_0.0 ;
    %load/vec4 v00000195c8b9b9b0_0;
    %ret/vec4 0, 0, 32;  Assign to csr_read (store_vec4_to_lval)
    %jmp T_0.17;
T_0.1 ;
    %load/vec4 v00000195c8b2eb20_0;
    %ret/vec4 0, 0, 32;  Assign to csr_read (store_vec4_to_lval)
    %jmp T_0.17;
T_0.2 ;
    %load/vec4 v00000195c8b9af10_0;
    %ret/vec4 0, 0, 32;  Assign to csr_read (store_vec4_to_lval)
    %jmp T_0.17;
T_0.3 ;
    %load/vec4 v00000195c8b9b5f0_0;
    %ret/vec4 0, 0, 32;  Assign to csr_read (store_vec4_to_lval)
    %jmp T_0.17;
T_0.4 ;
    %load/vec4 v00000195c8b9b550_0;
    %ret/vec4 0, 0, 32;  Assign to csr_read (store_vec4_to_lval)
    %jmp T_0.17;
T_0.5 ;
    %load/vec4 v00000195c8b9beb0_0;
    %ret/vec4 0, 0, 32;  Assign to csr_read (store_vec4_to_lval)
    %jmp T_0.17;
T_0.6 ;
    %load/vec4 v00000195c8b9b2d0_0;
    %ret/vec4 0, 0, 32;  Assign to csr_read (store_vec4_to_lval)
    %jmp T_0.17;
T_0.7 ;
    %load/vec4 v00000195c8c2bf00_0;
    %ret/vec4 0, 0, 32;  Assign to csr_read (store_vec4_to_lval)
    %jmp T_0.17;
T_0.8 ;
    %load/vec4 v00000195c8c2cf40_0;
    %ret/vec4 0, 0, 32;  Assign to csr_read (store_vec4_to_lval)
    %jmp T_0.17;
T_0.9 ;
    %load/vec4 v00000195c8c2af60_0;
    %ret/vec4 0, 0, 32;  Assign to csr_read (store_vec4_to_lval)
    %jmp T_0.17;
T_0.10 ;
    %load/vec4 v00000195c8c2ac40_0;
    %ret/vec4 0, 0, 32;  Assign to csr_read (store_vec4_to_lval)
    %jmp T_0.17;
T_0.11 ;
    %load/vec4 v00000195c8c2ba00_0;
    %ret/vec4 0, 0, 32;  Assign to csr_read (store_vec4_to_lval)
    %jmp T_0.17;
T_0.12 ;
    %load/vec4 v00000195c8c2b460_0;
    %ret/vec4 0, 0, 32;  Assign to csr_read (store_vec4_to_lval)
    %jmp T_0.17;
T_0.13 ;
    %load/vec4 v00000195c8c2a920_0;
    %ret/vec4 0, 0, 32;  Assign to csr_read (store_vec4_to_lval)
    %jmp T_0.17;
T_0.14 ;
    %pushi/vec4 0, 0, 32;
    %ret/vec4 0, 0, 32;  Assign to csr_read (store_vec4_to_lval)
    %jmp T_0.17;
T_0.15 ;
    %pushi/vec4 0, 0, 29;
    %load/vec4 v00000195c8b9ba50_0;
    %concat/vec4; draw_concat_vec4
    %concati/vec4 0, 0, 1;
    %load/vec4 v00000195c8c2b0a0_0;
    %concat/vec4; draw_concat_vec4
    %ret/vec4 0, 0, 32;  Assign to csr_read (store_vec4_to_lval)
    %jmp T_0.17;
T_0.17 ;
    %pop/vec4 1;
    %end;
S_00000195c8690980 .scope module, "u_dec0" "decoder_6_64" 3 280, 6 1 0, S_00000195c868dc80;
 .timescale 0 0;
    .port_info 0 /INPUT 6 "in";
    .port_info 1 /OUTPUT 64 "out";
v00000195c8c39a80_0 .net "in", 5 0, L_00000195c8c73c90;  alias, 1 drivers
v00000195c8c39da0_0 .net "out", 63 0, L_00000195c8cd4810;  alias, 1 drivers
LS_00000195c8cd4810_0_0 .concat8 [ 1 1 1 1], L_00000195c8c747d0, L_00000195c8c73a10, L_00000195c8c75590, L_00000195c8c74eb0;
LS_00000195c8cd4810_0_4 .concat8 [ 1 1 1 1], L_00000195c8c75270, L_00000195c8c731f0, L_00000195c8c74410, L_00000195c8c73ab0;
LS_00000195c8cd4810_0_8 .concat8 [ 1 1 1 1], L_00000195c8c758b0, L_00000195c8c75630, L_00000195c8c756d0, L_00000195c8c745f0;
LS_00000195c8cd4810_0_12 .concat8 [ 1 1 1 1], L_00000195c8c75950, L_00000195c8c73330, L_00000195c8c74730, L_00000195c8c74d70;
LS_00000195c8cd4810_0_16 .concat8 [ 1 1 1 1], L_00000195c8c73510, L_00000195c8c73650, L_00000195c8c767b0, L_00000195c8c76530;
LS_00000195c8cd4810_0_20 .concat8 [ 1 1 1 1], L_00000195c8c75d10, L_00000195c8c76710, L_00000195c8c776b0, L_00000195c8c780b0;
LS_00000195c8cd4810_0_24 .concat8 [ 1 1 1 1], L_00000195c8c76350, L_00000195c8c76c10, L_00000195c8c78150, L_00000195c8c77a70;
LS_00000195c8cd4810_0_28 .concat8 [ 1 1 1 1], L_00000195c8c75ef0, L_00000195c8c772f0, L_00000195c8c77cf0, L_00000195c8c77d90;
LS_00000195c8cd4810_0_32 .concat8 [ 1 1 1 1], L_00000195c8c76cb0, L_00000195c8c75c70, L_00000195c8c765d0, L_00000195c8c75a90;
LS_00000195c8cd4810_0_36 .concat8 [ 1 1 1 1], L_00000195c8c76170, L_00000195c8c75b30, L_00000195c8c76df0, L_00000195c8c75db0;
LS_00000195c8cd4810_0_40 .concat8 [ 1 1 1 1], L_00000195c8c76850, L_00000195c8c76d50, L_00000195c8c75f90, L_00000195c8c76030;
LS_00000195c8cd4810_0_44 .concat8 [ 1 1 1 1], L_00000195c8c76a30, L_00000195c8c76b70, L_00000195c8c77110, L_00000195c8c77250;
LS_00000195c8cd4810_0_48 .concat8 [ 1 1 1 1], L_00000195c8c77430, L_00000195c8c77570, L_00000195c8c78290, L_00000195c8c78b50;
LS_00000195c8cd4810_0_52 .concat8 [ 1 1 1 1], L_00000195c8c78d30, L_00000195c8c788d0, L_00000195c8c78bf0, L_00000195c8c78510;
LS_00000195c8cd4810_0_56 .concat8 [ 1 1 1 1], L_00000195c8c78e70, L_00000195c8c78970, L_00000195c8c78f10, L_00000195c8c78fb0;
LS_00000195c8cd4810_0_60 .concat8 [ 1 1 1 1], L_00000195c8c78330, L_00000195c8c786f0, L_00000195c8cd3410, L_00000195c8cd3f50;
LS_00000195c8cd4810_1_0 .concat8 [ 4 4 4 4], LS_00000195c8cd4810_0_0, LS_00000195c8cd4810_0_4, LS_00000195c8cd4810_0_8, LS_00000195c8cd4810_0_12;
LS_00000195c8cd4810_1_4 .concat8 [ 4 4 4 4], LS_00000195c8cd4810_0_16, LS_00000195c8cd4810_0_20, LS_00000195c8cd4810_0_24, LS_00000195c8cd4810_0_28;
LS_00000195c8cd4810_1_8 .concat8 [ 4 4 4 4], LS_00000195c8cd4810_0_32, LS_00000195c8cd4810_0_36, LS_00000195c8cd4810_0_40, LS_00000195c8cd4810_0_44;
LS_00000195c8cd4810_1_12 .concat8 [ 4 4 4 4], LS_00000195c8cd4810_0_48, LS_00000195c8cd4810_0_52, LS_00000195c8cd4810_0_56, LS_00000195c8cd4810_0_60;
L_00000195c8cd4810 .concat8 [ 16 16 16 16], LS_00000195c8cd4810_1_0, LS_00000195c8cd4810_1_4, LS_00000195c8cd4810_1_8, LS_00000195c8cd4810_1_12;
S_00000195c8690000 .scope generate, "gen_for_dec_6_64[0]" "gen_for_dec_6_64[0]" 6 7, 6 7 0, S_00000195c8690980;
 .timescale 0 0;
P_00000195c8672610 .param/l "i" 0 6 7, +C4<00>;
v00000195c8c2c4a0_0 .net *"_ivl_0", 6 0, L_00000195c8c73470;  1 drivers
L_00000195c8c7b348 .functor BUFT 1, C4<0>, C4<0>, C4<0>, C4<0>;
v00000195c8c2b1e0_0 .net *"_ivl_3", 0 0, L_00000195c8c7b348;  1 drivers
L_00000195c8c7b390 .functor BUFT 1, C4<0000000>, C4<0>, C4<0>, C4<0>;
v00000195c8c2b3c0_0 .net/2u *"_ivl_4", 6 0, L_00000195c8c7b390;  1 drivers
v00000195c8c2b280_0 .net *"_ivl_6", 0 0, L_00000195c8c747d0;  1 drivers
L_00000195c8c73470 .concat [ 6 1 0 0], L_00000195c8c73c90, L_00000195c8c7b348;
L_00000195c8c747d0 .cmp/eq 7, L_00000195c8c73470, L_00000195c8c7b390;
S_00000195c8690190 .scope generate, "gen_for_dec_6_64[1]" "gen_for_dec_6_64[1]" 6 7, 6 7 0, S_00000195c8690980;
 .timescale 0 0;
P_00000195c8671b10 .param/l "i" 0 6 7, +C4<01>;
v00000195c8c2b320_0 .net *"_ivl_0", 6 0, L_00000195c8c75130;  1 drivers
L_00000195c8c7b3d8 .functor BUFT 1, C4<0>, C4<0>, C4<0>, C4<0>;
v00000195c8c2b960_0 .net *"_ivl_3", 0 0, L_00000195c8c7b3d8;  1 drivers
L_00000195c8c7b420 .functor BUFT 1, C4<0000001>, C4<0>, C4<0>, C4<0>;
v00000195c8c2c220_0 .net/2u *"_ivl_4", 6 0, L_00000195c8c7b420;  1 drivers
v00000195c8c2ab00_0 .net *"_ivl_6", 0 0, L_00000195c8c73a10;  1 drivers
L_00000195c8c75130 .concat [ 6 1 0 0], L_00000195c8c73c90, L_00000195c8c7b3d8;
L_00000195c8c73a10 .cmp/eq 7, L_00000195c8c75130, L_00000195c8c7b420;
S_00000195c8699fd0 .scope generate, "gen_for_dec_6_64[2]" "gen_for_dec_6_64[2]" 6 7, 6 7 0, S_00000195c8690980;
 .timescale 0 0;
P_00000195c8672050 .param/l "i" 0 6 7, +C4<010>;
v00000195c8c2b8c0_0 .net *"_ivl_0", 6 0, L_00000195c8c74910;  1 drivers
L_00000195c8c7b468 .functor BUFT 1, C4<0>, C4<0>, C4<0>, C4<0>;
v00000195c8c2bb40_0 .net *"_ivl_3", 0 0, L_00000195c8c7b468;  1 drivers
L_00000195c8c7b4b0 .functor BUFT 1, C4<0000010>, C4<0>, C4<0>, C4<0>;
v00000195c8c2bc80_0 .net/2u *"_ivl_4", 6 0, L_00000195c8c7b4b0;  1 drivers
v00000195c8c2c9a0_0 .net *"_ivl_6", 0 0, L_00000195c8c75590;  1 drivers
L_00000195c8c74910 .concat [ 6 1 0 0], L_00000195c8c73c90, L_00000195c8c7b468;
L_00000195c8c75590 .cmp/eq 7, L_00000195c8c74910, L_00000195c8c7b4b0;
S_00000195c869a160 .scope generate, "gen_for_dec_6_64[3]" "gen_for_dec_6_64[3]" 6 7, 6 7 0, S_00000195c8690980;
 .timescale 0 0;
P_00000195c8671d50 .param/l "i" 0 6 7, +C4<011>;
v00000195c8c2baa0_0 .net *"_ivl_0", 6 0, L_00000195c8c74cd0;  1 drivers
L_00000195c8c7b4f8 .functor BUFT 1, C4<0>, C4<0>, C4<0>, C4<0>;
v00000195c8c2cae0_0 .net *"_ivl_3", 0 0, L_00000195c8c7b4f8;  1 drivers
L_00000195c8c7b540 .functor BUFT 1, C4<0000011>, C4<0>, C4<0>, C4<0>;
v00000195c8c2c040_0 .net/2u *"_ivl_4", 6 0, L_00000195c8c7b540;  1 drivers
v00000195c8c2a9c0_0 .net *"_ivl_6", 0 0, L_00000195c8c74eb0;  1 drivers
L_00000195c8c74cd0 .concat [ 6 1 0 0], L_00000195c8c73c90, L_00000195c8c7b4f8;
L_00000195c8c74eb0 .cmp/eq 7, L_00000195c8c74cd0, L_00000195c8c7b540;
S_00000195c8679de0 .scope generate, "gen_for_dec_6_64[4]" "gen_for_dec_6_64[4]" 6 7, 6 7 0, S_00000195c8690980;
 .timescale 0 0;
P_00000195c86726d0 .param/l "i" 0 6 7, +C4<0100>;
v00000195c8c2b640_0 .net *"_ivl_0", 6 0, L_00000195c8c73e70;  1 drivers
L_00000195c8c7b588 .functor BUFT 1, C4<0>, C4<0>, C4<0>, C4<0>;
v00000195c8c2aba0_0 .net *"_ivl_3", 0 0, L_00000195c8c7b588;  1 drivers
L_00000195c8c7b5d0 .functor BUFT 1, C4<0000100>, C4<0>, C4<0>, C4<0>;
v00000195c8c2ace0_0 .net/2u *"_ivl_4", 6 0, L_00000195c8c7b5d0;  1 drivers
v00000195c8c2cea0_0 .net *"_ivl_6", 0 0, L_00000195c8c75270;  1 drivers
L_00000195c8c73e70 .concat [ 6 1 0 0], L_00000195c8c73c90, L_00000195c8c7b588;
L_00000195c8c75270 .cmp/eq 7, L_00000195c8c73e70, L_00000195c8c7b5d0;
S_00000195c8679f70 .scope generate, "gen_for_dec_6_64[5]" "gen_for_dec_6_64[5]" 6 7, 6 7 0, S_00000195c8690980;
 .timescale 0 0;
P_00000195c8672790 .param/l "i" 0 6 7, +C4<0101>;
v00000195c8c2ca40_0 .net *"_ivl_0", 6 0, L_00000195c8c74ff0;  1 drivers
L_00000195c8c7b618 .functor BUFT 1, C4<0>, C4<0>, C4<0>, C4<0>;
v00000195c8c2cfe0_0 .net *"_ivl_3", 0 0, L_00000195c8c7b618;  1 drivers
L_00000195c8c7b660 .functor BUFT 1, C4<0000101>, C4<0>, C4<0>, C4<0>;
v00000195c8c2ccc0_0 .net/2u *"_ivl_4", 6 0, L_00000195c8c7b660;  1 drivers
v00000195c8c2cd60_0 .net *"_ivl_6", 0 0, L_00000195c8c731f0;  1 drivers
L_00000195c8c74ff0 .concat [ 6 1 0 0], L_00000195c8c73c90, L_00000195c8c7b618;
L_00000195c8c731f0 .cmp/eq 7, L_00000195c8c74ff0, L_00000195c8c7b660;
S_00000195c85b2510 .scope generate, "gen_for_dec_6_64[6]" "gen_for_dec_6_64[6]" 6 7, 6 7 0, S_00000195c8690980;
 .timescale 0 0;
P_00000195c8671e90 .param/l "i" 0 6 7, +C4<0110>;
v00000195c8c2bd20_0 .net *"_ivl_0", 6 0, L_00000195c8c75310;  1 drivers
L_00000195c8c7b6a8 .functor BUFT 1, C4<0>, C4<0>, C4<0>, C4<0>;
v00000195c8c2b5a0_0 .net *"_ivl_3", 0 0, L_00000195c8c7b6a8;  1 drivers
L_00000195c8c7b6f0 .functor BUFT 1, C4<0000110>, C4<0>, C4<0>, C4<0>;
v00000195c8c2c540_0 .net/2u *"_ivl_4", 6 0, L_00000195c8c7b6f0;  1 drivers
v00000195c8c2bfa0_0 .net *"_ivl_6", 0 0, L_00000195c8c74410;  1 drivers
L_00000195c8c75310 .concat [ 6 1 0 0], L_00000195c8c73c90, L_00000195c8c7b6a8;
L_00000195c8c74410 .cmp/eq 7, L_00000195c8c75310, L_00000195c8c7b6f0;
S_00000195c85b26a0 .scope generate, "gen_for_dec_6_64[7]" "gen_for_dec_6_64[7]" 6 7, 6 7 0, S_00000195c8690980;
 .timescale 0 0;
P_00000195c8671d90 .param/l "i" 0 6 7, +C4<0111>;
v00000195c8c2b6e0_0 .net *"_ivl_0", 6 0, L_00000195c8c74a50;  1 drivers
L_00000195c8c7b738 .functor BUFT 1, C4<0>, C4<0>, C4<0>, C4<0>;
v00000195c8c2c0e0_0 .net *"_ivl_3", 0 0, L_00000195c8c7b738;  1 drivers
L_00000195c8c7b780 .functor BUFT 1, C4<0000111>, C4<0>, C4<0>, C4<0>;
v00000195c8c2ce00_0 .net/2u *"_ivl_4", 6 0, L_00000195c8c7b780;  1 drivers
v00000195c8c2b780_0 .net *"_ivl_6", 0 0, L_00000195c8c73ab0;  1 drivers
L_00000195c8c74a50 .concat [ 6 1 0 0], L_00000195c8c73c90, L_00000195c8c7b738;
L_00000195c8c73ab0 .cmp/eq 7, L_00000195c8c74a50, L_00000195c8c7b780;
S_00000195c85b2830 .scope generate, "gen_for_dec_6_64[8]" "gen_for_dec_6_64[8]" 6 7, 6 7 0, S_00000195c8690980;
 .timescale 0 0;
P_00000195c8671f90 .param/l "i" 0 6 7, +C4<01000>;
v00000195c8c2d080_0 .net *"_ivl_0", 6 0, L_00000195c8c74550;  1 drivers
L_00000195c8c7b7c8 .functor BUFT 1, C4<0>, C4<0>, C4<0>, C4<0>;
v00000195c8c2aa60_0 .net *"_ivl_3", 0 0, L_00000195c8c7b7c8;  1 drivers
L_00000195c8c7b810 .functor BUFT 1, C4<0001000>, C4<0>, C4<0>, C4<0>;
v00000195c8c2c5e0_0 .net/2u *"_ivl_4", 6 0, L_00000195c8c7b810;  1 drivers
v00000195c8c2be60_0 .net *"_ivl_6", 0 0, L_00000195c8c758b0;  1 drivers
L_00000195c8c74550 .concat [ 6 1 0 0], L_00000195c8c73c90, L_00000195c8c7b7c8;
L_00000195c8c758b0 .cmp/eq 7, L_00000195c8c74550, L_00000195c8c7b810;
S_00000195c8bd4450 .scope generate, "gen_for_dec_6_64[9]" "gen_for_dec_6_64[9]" 6 7, 6 7 0, S_00000195c8690980;
 .timescale 0 0;
P_00000195c8671fd0 .param/l "i" 0 6 7, +C4<01001>;
v00000195c8c2c860_0 .net *"_ivl_0", 6 0, L_00000195c8c74af0;  1 drivers
L_00000195c8c7b858 .functor BUFT 1, C4<0>, C4<0>, C4<0>, C4<0>;
v00000195c8c2c680_0 .net *"_ivl_3", 0 0, L_00000195c8c7b858;  1 drivers
L_00000195c8c7b8a0 .functor BUFT 1, C4<0001001>, C4<0>, C4<0>, C4<0>;
v00000195c8c2c180_0 .net/2u *"_ivl_4", 6 0, L_00000195c8c7b8a0;  1 drivers
v00000195c8c2c2c0_0 .net *"_ivl_6", 0 0, L_00000195c8c75630;  1 drivers
L_00000195c8c74af0 .concat [ 6 1 0 0], L_00000195c8c73c90, L_00000195c8c7b858;
L_00000195c8c75630 .cmp/eq 7, L_00000195c8c74af0, L_00000195c8c7b8a0;
S_00000195c8bd45e0 .scope generate, "gen_for_dec_6_64[10]" "gen_for_dec_6_64[10]" 6 7, 6 7 0, S_00000195c8690980;
 .timescale 0 0;
P_00000195c8672810 .param/l "i" 0 6 7, +C4<01010>;
v00000195c8c2c720_0 .net *"_ivl_0", 6 0, L_00000195c8c74b90;  1 drivers
L_00000195c8c7b8e8 .functor BUFT 1, C4<0>, C4<0>, C4<0>, C4<0>;
v00000195c8c2c7c0_0 .net *"_ivl_3", 0 0, L_00000195c8c7b8e8;  1 drivers
L_00000195c8c7b930 .functor BUFT 1, C4<0001010>, C4<0>, C4<0>, C4<0>;
v00000195c8c2ad80_0 .net/2u *"_ivl_4", 6 0, L_00000195c8c7b930;  1 drivers
v00000195c8c2c900_0 .net *"_ivl_6", 0 0, L_00000195c8c756d0;  1 drivers
L_00000195c8c74b90 .concat [ 6 1 0 0], L_00000195c8c73c90, L_00000195c8c7b8e8;
L_00000195c8c756d0 .cmp/eq 7, L_00000195c8c74b90, L_00000195c8c7b930;
S_00000195c85f7360 .scope generate, "gen_for_dec_6_64[11]" "gen_for_dec_6_64[11]" 6 7, 6 7 0, S_00000195c8690980;
 .timescale 0 0;
P_00000195c8672850 .param/l "i" 0 6 7, +C4<01011>;
v00000195c8c2d4e0_0 .net *"_ivl_0", 6 0, L_00000195c8c75770;  1 drivers
L_00000195c8c7b978 .functor BUFT 1, C4<0>, C4<0>, C4<0>, C4<0>;
v00000195c8c2f240_0 .net *"_ivl_3", 0 0, L_00000195c8c7b978;  1 drivers
L_00000195c8c7b9c0 .functor BUFT 1, C4<0001011>, C4<0>, C4<0>, C4<0>;
v00000195c8c2db20_0 .net/2u *"_ivl_4", 6 0, L_00000195c8c7b9c0;  1 drivers
v00000195c8c2f100_0 .net *"_ivl_6", 0 0, L_00000195c8c745f0;  1 drivers
L_00000195c8c75770 .concat [ 6 1 0 0], L_00000195c8c73c90, L_00000195c8c7b978;
L_00000195c8c745f0 .cmp/eq 7, L_00000195c8c75770, L_00000195c8c7b9c0;
S_00000195c85f6d20 .scope generate, "gen_for_dec_6_64[12]" "gen_for_dec_6_64[12]" 6 7, 6 7 0, S_00000195c8690980;
 .timescale 0 0;
P_00000195c8672a10 .param/l "i" 0 6 7, +C4<01100>;
v00000195c8c2f600_0 .net *"_ivl_0", 6 0, L_00000195c8c74c30;  1 drivers
L_00000195c8c7ba08 .functor BUFT 1, C4<0>, C4<0>, C4<0>, C4<0>;
v00000195c8c2d6c0_0 .net *"_ivl_3", 0 0, L_00000195c8c7ba08;  1 drivers
L_00000195c8c7ba50 .functor BUFT 1, C4<0001100>, C4<0>, C4<0>, C4<0>;
v00000195c8c2dee0_0 .net/2u *"_ivl_4", 6 0, L_00000195c8c7ba50;  1 drivers
v00000195c8c2e980_0 .net *"_ivl_6", 0 0, L_00000195c8c75950;  1 drivers
L_00000195c8c74c30 .concat [ 6 1 0 0], L_00000195c8c73c90, L_00000195c8c7ba08;
L_00000195c8c75950 .cmp/eq 7, L_00000195c8c74c30, L_00000195c8c7ba50;
S_00000195c85f74f0 .scope generate, "gen_for_dec_6_64[13]" "gen_for_dec_6_64[13]" 6 7, 6 7 0, S_00000195c8690980;
 .timescale 0 0;
P_00000195c8671a50 .param/l "i" 0 6 7, +C4<01101>;
v00000195c8c2d800_0 .net *"_ivl_0", 6 0, L_00000195c8c73290;  1 drivers
L_00000195c8c7ba98 .functor BUFT 1, C4<0>, C4<0>, C4<0>, C4<0>;
v00000195c8c2f7e0_0 .net *"_ivl_3", 0 0, L_00000195c8c7ba98;  1 drivers
L_00000195c8c7bae0 .functor BUFT 1, C4<0001101>, C4<0>, C4<0>, C4<0>;
v00000195c8c2e3e0_0 .net/2u *"_ivl_4", 6 0, L_00000195c8c7bae0;  1 drivers
v00000195c8c2f4c0_0 .net *"_ivl_6", 0 0, L_00000195c8c73330;  1 drivers
L_00000195c8c73290 .concat [ 6 1 0 0], L_00000195c8c73c90, L_00000195c8c7ba98;
L_00000195c8c73330 .cmp/eq 7, L_00000195c8c73290, L_00000195c8c7bae0;
S_00000195c85f71d0 .scope generate, "gen_for_dec_6_64[14]" "gen_for_dec_6_64[14]" 6 7, 6 7 0, S_00000195c8690980;
 .timescale 0 0;
P_00000195c8673110 .param/l "i" 0 6 7, +C4<01110>;
v00000195c8c2f2e0_0 .net *"_ivl_0", 6 0, L_00000195c8c73b50;  1 drivers
L_00000195c8c7bb28 .functor BUFT 1, C4<0>, C4<0>, C4<0>, C4<0>;
v00000195c8c2e840_0 .net *"_ivl_3", 0 0, L_00000195c8c7bb28;  1 drivers
L_00000195c8c7bb70 .functor BUFT 1, C4<0001110>, C4<0>, C4<0>, C4<0>;
v00000195c8c2d1c0_0 .net/2u *"_ivl_4", 6 0, L_00000195c8c7bb70;  1 drivers
v00000195c8c2d760_0 .net *"_ivl_6", 0 0, L_00000195c8c74730;  1 drivers
L_00000195c8c73b50 .concat [ 6 1 0 0], L_00000195c8c73c90, L_00000195c8c7bb28;
L_00000195c8c74730 .cmp/eq 7, L_00000195c8c73b50, L_00000195c8c7bb70;
S_00000195c85f79a0 .scope generate, "gen_for_dec_6_64[15]" "gen_for_dec_6_64[15]" 6 7, 6 7 0, S_00000195c8690980;
 .timescale 0 0;
P_00000195c8672f90 .param/l "i" 0 6 7, +C4<01111>;
v00000195c8c2d300_0 .net *"_ivl_0", 6 0, L_00000195c8c73f10;  1 drivers
L_00000195c8c7bbb8 .functor BUFT 1, C4<0>, C4<0>, C4<0>, C4<0>;
v00000195c8c2d580_0 .net *"_ivl_3", 0 0, L_00000195c8c7bbb8;  1 drivers
L_00000195c8c7bc00 .functor BUFT 1, C4<0001111>, C4<0>, C4<0>, C4<0>;
v00000195c8c2f6a0_0 .net/2u *"_ivl_4", 6 0, L_00000195c8c7bc00;  1 drivers
v00000195c8c2ed40_0 .net *"_ivl_6", 0 0, L_00000195c8c74d70;  1 drivers
L_00000195c8c73f10 .concat [ 6 1 0 0], L_00000195c8c73c90, L_00000195c8c7bbb8;
L_00000195c8c74d70 .cmp/eq 7, L_00000195c8c73f10, L_00000195c8c7bc00;
S_00000195c85f7b30 .scope generate, "gen_for_dec_6_64[16]" "gen_for_dec_6_64[16]" 6 7, 6 7 0, S_00000195c8690980;
 .timescale 0 0;
P_00000195c8672e10 .param/l "i" 0 6 7, +C4<010000>;
v00000195c8c2e200_0 .net *"_ivl_0", 6 0, L_00000195c8c733d0;  1 drivers
L_00000195c8c7bc48 .functor BUFT 1, C4<0>, C4<0>, C4<0>, C4<0>;
v00000195c8c2dbc0_0 .net *"_ivl_3", 0 0, L_00000195c8c7bc48;  1 drivers
L_00000195c8c7bc90 .functor BUFT 1, C4<0010000>, C4<0>, C4<0>, C4<0>;
v00000195c8c2d260_0 .net/2u *"_ivl_4", 6 0, L_00000195c8c7bc90;  1 drivers
v00000195c8c2f740_0 .net *"_ivl_6", 0 0, L_00000195c8c73510;  1 drivers
L_00000195c8c733d0 .concat [ 6 1 0 0], L_00000195c8c73c90, L_00000195c8c7bc48;
L_00000195c8c73510 .cmp/eq 7, L_00000195c8c733d0, L_00000195c8c7bc90;
S_00000195c85f7810 .scope generate, "gen_for_dec_6_64[17]" "gen_for_dec_6_64[17]" 6 7, 6 7 0, S_00000195c8690980;
 .timescale 0 0;
P_00000195c86733d0 .param/l "i" 0 6 7, +C4<010001>;
v00000195c8c2d8a0_0 .net *"_ivl_0", 6 0, L_00000195c8c735b0;  1 drivers
L_00000195c8c7bcd8 .functor BUFT 1, C4<0>, C4<0>, C4<0>, C4<0>;
v00000195c8c2d940_0 .net *"_ivl_3", 0 0, L_00000195c8c7bcd8;  1 drivers
L_00000195c8c7bd20 .functor BUFT 1, C4<0010001>, C4<0>, C4<0>, C4<0>;
v00000195c8c2f380_0 .net/2u *"_ivl_4", 6 0, L_00000195c8c7bd20;  1 drivers
v00000195c8c2ef20_0 .net *"_ivl_6", 0 0, L_00000195c8c73650;  1 drivers
L_00000195c8c735b0 .concat [ 6 1 0 0], L_00000195c8c73c90, L_00000195c8c7bcd8;
L_00000195c8c73650 .cmp/eq 7, L_00000195c8c735b0, L_00000195c8c7bd20;
S_00000195c85f7680 .scope generate, "gen_for_dec_6_64[18]" "gen_for_dec_6_64[18]" 6 7, 6 7 0, S_00000195c8690980;
 .timescale 0 0;
P_00000195c8673150 .param/l "i" 0 6 7, +C4<010010>;
v00000195c8c2d9e0_0 .net *"_ivl_0", 6 0, L_00000195c8c736f0;  1 drivers
L_00000195c8c7bd68 .functor BUFT 1, C4<0>, C4<0>, C4<0>, C4<0>;
v00000195c8c2de40_0 .net *"_ivl_3", 0 0, L_00000195c8c7bd68;  1 drivers
L_00000195c8c7bdb0 .functor BUFT 1, C4<0010010>, C4<0>, C4<0>, C4<0>;
v00000195c8c2da80_0 .net/2u *"_ivl_4", 6 0, L_00000195c8c7bdb0;  1 drivers
v00000195c8c2f880_0 .net *"_ivl_6", 0 0, L_00000195c8c767b0;  1 drivers
L_00000195c8c736f0 .concat [ 6 1 0 0], L_00000195c8c73c90, L_00000195c8c7bd68;
L_00000195c8c767b0 .cmp/eq 7, L_00000195c8c736f0, L_00000195c8c7bdb0;
S_00000195c85f6eb0 .scope generate, "gen_for_dec_6_64[19]" "gen_for_dec_6_64[19]" 6 7, 6 7 0, S_00000195c8690980;
 .timescale 0 0;
P_00000195c8672ad0 .param/l "i" 0 6 7, +C4<010011>;
v00000195c8c2df80_0 .net *"_ivl_0", 6 0, L_00000195c8c75e50;  1 drivers
L_00000195c8c7bdf8 .functor BUFT 1, C4<0>, C4<0>, C4<0>, C4<0>;
v00000195c8c2eb60_0 .net *"_ivl_3", 0 0, L_00000195c8c7bdf8;  1 drivers
L_00000195c8c7be40 .functor BUFT 1, C4<0010011>, C4<0>, C4<0>, C4<0>;
v00000195c8c2dc60_0 .net/2u *"_ivl_4", 6 0, L_00000195c8c7be40;  1 drivers
v00000195c8c2eac0_0 .net *"_ivl_6", 0 0, L_00000195c8c76530;  1 drivers
L_00000195c8c75e50 .concat [ 6 1 0 0], L_00000195c8c73c90, L_00000195c8c7bdf8;
L_00000195c8c76530 .cmp/eq 7, L_00000195c8c75e50, L_00000195c8c7be40;
S_00000195c85f7040 .scope generate, "gen_for_dec_6_64[20]" "gen_for_dec_6_64[20]" 6 7, 6 7 0, S_00000195c8690980;
 .timescale 0 0;
P_00000195c8672c90 .param/l "i" 0 6 7, +C4<010100>;
v00000195c8c2f420_0 .net *"_ivl_0", 6 0, L_00000195c8c78010;  1 drivers
L_00000195c8c7be88 .functor BUFT 1, C4<0>, C4<0>, C4<0>, C4<0>;
v00000195c8c2f560_0 .net *"_ivl_3", 0 0, L_00000195c8c7be88;  1 drivers
L_00000195c8c7bed0 .functor BUFT 1, C4<0010100>, C4<0>, C4<0>, C4<0>;
v00000195c8c2dd00_0 .net/2u *"_ivl_4", 6 0, L_00000195c8c7bed0;  1 drivers
v00000195c8c2eca0_0 .net *"_ivl_6", 0 0, L_00000195c8c75d10;  1 drivers
L_00000195c8c78010 .concat [ 6 1 0 0], L_00000195c8c73c90, L_00000195c8c7be88;
L_00000195c8c75d10 .cmp/eq 7, L_00000195c8c78010, L_00000195c8c7bed0;
S_00000195c8bd6250 .scope generate, "gen_for_dec_6_64[21]" "gen_for_dec_6_64[21]" 6 7, 6 7 0, S_00000195c8690980;
 .timescale 0 0;
P_00000195c8673410 .param/l "i" 0 6 7, +C4<010101>;
v00000195c8c2d120_0 .net *"_ivl_0", 6 0, L_00000195c8c76990;  1 drivers
L_00000195c8c7bf18 .functor BUFT 1, C4<0>, C4<0>, C4<0>, C4<0>;
v00000195c8c2d620_0 .net *"_ivl_3", 0 0, L_00000195c8c7bf18;  1 drivers
L_00000195c8c7bf60 .functor BUFT 1, C4<0010101>, C4<0>, C4<0>, C4<0>;
v00000195c8c2d3a0_0 .net/2u *"_ivl_4", 6 0, L_00000195c8c7bf60;  1 drivers
v00000195c8c2ea20_0 .net *"_ivl_6", 0 0, L_00000195c8c76710;  1 drivers
L_00000195c8c76990 .concat [ 6 1 0 0], L_00000195c8c73c90, L_00000195c8c7bf18;
L_00000195c8c76710 .cmp/eq 7, L_00000195c8c76990, L_00000195c8c7bf60;
S_00000195c8bd5440 .scope generate, "gen_for_dec_6_64[22]" "gen_for_dec_6_64[22]" 6 7, 6 7 0, S_00000195c8690980;
 .timescale 0 0;
P_00000195c8673490 .param/l "i" 0 6 7, +C4<010110>;
v00000195c8c2e020_0 .net *"_ivl_0", 6 0, L_00000195c8c777f0;  1 drivers
L_00000195c8c7bfa8 .functor BUFT 1, C4<0>, C4<0>, C4<0>, C4<0>;
v00000195c8c2e0c0_0 .net *"_ivl_3", 0 0, L_00000195c8c7bfa8;  1 drivers
L_00000195c8c7bff0 .functor BUFT 1, C4<0010110>, C4<0>, C4<0>, C4<0>;
v00000195c8c2ec00_0 .net/2u *"_ivl_4", 6 0, L_00000195c8c7bff0;  1 drivers
v00000195c8c2d440_0 .net *"_ivl_6", 0 0, L_00000195c8c776b0;  1 drivers
L_00000195c8c777f0 .concat [ 6 1 0 0], L_00000195c8c73c90, L_00000195c8c7bfa8;
L_00000195c8c776b0 .cmp/eq 7, L_00000195c8c777f0, L_00000195c8c7bff0;
S_00000195c8bd58f0 .scope generate, "gen_for_dec_6_64[23]" "gen_for_dec_6_64[23]" 6 7, 6 7 0, S_00000195c8690980;
 .timescale 0 0;
P_00000195c86736d0 .param/l "i" 0 6 7, +C4<010111>;
v00000195c8c2ede0_0 .net *"_ivl_0", 6 0, L_00000195c8c77890;  1 drivers
L_00000195c8c7c038 .functor BUFT 1, C4<0>, C4<0>, C4<0>, C4<0>;
v00000195c8c2ee80_0 .net *"_ivl_3", 0 0, L_00000195c8c7c038;  1 drivers
L_00000195c8c7c080 .functor BUFT 1, C4<0010111>, C4<0>, C4<0>, C4<0>;
v00000195c8c2dda0_0 .net/2u *"_ivl_4", 6 0, L_00000195c8c7c080;  1 drivers
v00000195c8c2e160_0 .net *"_ivl_6", 0 0, L_00000195c8c780b0;  1 drivers
L_00000195c8c77890 .concat [ 6 1 0 0], L_00000195c8c73c90, L_00000195c8c7c038;
L_00000195c8c780b0 .cmp/eq 7, L_00000195c8c77890, L_00000195c8c7c080;
S_00000195c8bd4950 .scope generate, "gen_for_dec_6_64[24]" "gen_for_dec_6_64[24]" 6 7, 6 7 0, S_00000195c8690980;
 .timescale 0 0;
P_00000195c86737d0 .param/l "i" 0 6 7, +C4<011000>;
v00000195c8c2e5c0_0 .net *"_ivl_0", 6 0, L_00000195c8c760d0;  1 drivers
L_00000195c8c7c0c8 .functor BUFT 1, C4<0>, C4<0>, C4<0>, C4<0>;
v00000195c8c2e2a0_0 .net *"_ivl_3", 0 0, L_00000195c8c7c0c8;  1 drivers
L_00000195c8c7c110 .functor BUFT 1, C4<0011000>, C4<0>, C4<0>, C4<0>;
v00000195c8c2e8e0_0 .net/2u *"_ivl_4", 6 0, L_00000195c8c7c110;  1 drivers
v00000195c8c2e340_0 .net *"_ivl_6", 0 0, L_00000195c8c76350;  1 drivers
L_00000195c8c760d0 .concat [ 6 1 0 0], L_00000195c8c73c90, L_00000195c8c7c0c8;
L_00000195c8c76350 .cmp/eq 7, L_00000195c8c760d0, L_00000195c8c7c110;
S_00000195c8bd4f90 .scope generate, "gen_for_dec_6_64[25]" "gen_for_dec_6_64[25]" 6 7, 6 7 0, S_00000195c8690980;
 .timescale 0 0;
P_00000195c8672e50 .param/l "i" 0 6 7, +C4<011001>;
v00000195c8c2f060_0 .net *"_ivl_0", 6 0, L_00000195c8c76f30;  1 drivers
L_00000195c8c7c158 .functor BUFT 1, C4<0>, C4<0>, C4<0>, C4<0>;
v00000195c8c2efc0_0 .net *"_ivl_3", 0 0, L_00000195c8c7c158;  1 drivers
L_00000195c8c7c1a0 .functor BUFT 1, C4<0011001>, C4<0>, C4<0>, C4<0>;
v00000195c8c2e660_0 .net/2u *"_ivl_4", 6 0, L_00000195c8c7c1a0;  1 drivers
v00000195c8c2e480_0 .net *"_ivl_6", 0 0, L_00000195c8c76c10;  1 drivers
L_00000195c8c76f30 .concat [ 6 1 0 0], L_00000195c8c73c90, L_00000195c8c7c158;
L_00000195c8c76c10 .cmp/eq 7, L_00000195c8c76f30, L_00000195c8c7c1a0;
S_00000195c8bd63e0 .scope generate, "gen_for_dec_6_64[26]" "gen_for_dec_6_64[26]" 6 7, 6 7 0, S_00000195c8690980;
 .timescale 0 0;
P_00000195c8673810 .param/l "i" 0 6 7, +C4<011010>;
v00000195c8c2e520_0 .net *"_ivl_0", 6 0, L_00000195c8c77b10;  1 drivers
L_00000195c8c7c1e8 .functor BUFT 1, C4<0>, C4<0>, C4<0>, C4<0>;
v00000195c8c2e700_0 .net *"_ivl_3", 0 0, L_00000195c8c7c1e8;  1 drivers
L_00000195c8c7c230 .functor BUFT 1, C4<0011010>, C4<0>, C4<0>, C4<0>;
v00000195c8c2e7a0_0 .net/2u *"_ivl_4", 6 0, L_00000195c8c7c230;  1 drivers
v00000195c8c2f1a0_0 .net *"_ivl_6", 0 0, L_00000195c8c78150;  1 drivers
L_00000195c8c77b10 .concat [ 6 1 0 0], L_00000195c8c73c90, L_00000195c8c7c1e8;
L_00000195c8c78150 .cmp/eq 7, L_00000195c8c77b10, L_00000195c8c7c230;
S_00000195c8bd55d0 .scope generate, "gen_for_dec_6_64[27]" "gen_for_dec_6_64[27]" 6 7, 6 7 0, S_00000195c8690980;
 .timescale 0 0;
P_00000195c8672fd0 .param/l "i" 0 6 7, +C4<011011>;
v00000195c8c2f9c0_0 .net *"_ivl_0", 6 0, L_00000195c8c77bb0;  1 drivers
L_00000195c8c7c278 .functor BUFT 1, C4<0>, C4<0>, C4<0>, C4<0>;
v00000195c8c2fec0_0 .net *"_ivl_3", 0 0, L_00000195c8c7c278;  1 drivers
L_00000195c8c7c2c0 .functor BUFT 1, C4<0011011>, C4<0>, C4<0>, C4<0>;
v00000195c8c2fb00_0 .net/2u *"_ivl_4", 6 0, L_00000195c8c7c2c0;  1 drivers
v00000195c8c2ff60_0 .net *"_ivl_6", 0 0, L_00000195c8c77a70;  1 drivers
L_00000195c8c77bb0 .concat [ 6 1 0 0], L_00000195c8c73c90, L_00000195c8c7c278;
L_00000195c8c77a70 .cmp/eq 7, L_00000195c8c77bb0, L_00000195c8c7c2c0;
S_00000195c8bd4ae0 .scope generate, "gen_for_dec_6_64[28]" "gen_for_dec_6_64[28]" 6 7, 6 7 0, S_00000195c8690980;
 .timescale 0 0;
P_00000195c8673510 .param/l "i" 0 6 7, +C4<011100>;
v00000195c8c30000_0 .net *"_ivl_0", 6 0, L_00000195c8c77930;  1 drivers
L_00000195c8c7c308 .functor BUFT 1, C4<0>, C4<0>, C4<0>, C4<0>;
v00000195c8c2fa60_0 .net *"_ivl_3", 0 0, L_00000195c8c7c308;  1 drivers
L_00000195c8c7c350 .functor BUFT 1, C4<0011100>, C4<0>, C4<0>, C4<0>;
v00000195c8c2fba0_0 .net/2u *"_ivl_4", 6 0, L_00000195c8c7c350;  1 drivers
v00000195c8c2fd80_0 .net *"_ivl_6", 0 0, L_00000195c8c75ef0;  1 drivers
L_00000195c8c77930 .concat [ 6 1 0 0], L_00000195c8c73c90, L_00000195c8c7c308;
L_00000195c8c75ef0 .cmp/eq 7, L_00000195c8c77930, L_00000195c8c7c350;
S_00000195c8bd52b0 .scope generate, "gen_for_dec_6_64[29]" "gen_for_dec_6_64[29]" 6 7, 6 7 0, S_00000195c8690980;
 .timescale 0 0;
P_00000195c8674690 .param/l "i" 0 6 7, +C4<011101>;
v00000195c8c2fc40_0 .net *"_ivl_0", 6 0, L_00000195c8c75bd0;  1 drivers
L_00000195c8c7c398 .functor BUFT 1, C4<0>, C4<0>, C4<0>, C4<0>;
v00000195c8c2f920_0 .net *"_ivl_3", 0 0, L_00000195c8c7c398;  1 drivers
L_00000195c8c7c3e0 .functor BUFT 1, C4<0011101>, C4<0>, C4<0>, C4<0>;
v00000195c8c2fce0_0 .net/2u *"_ivl_4", 6 0, L_00000195c8c7c3e0;  1 drivers
v00000195c8c2fe20_0 .net *"_ivl_6", 0 0, L_00000195c8c772f0;  1 drivers
L_00000195c8c75bd0 .concat [ 6 1 0 0], L_00000195c8c73c90, L_00000195c8c7c398;
L_00000195c8c772f0 .cmp/eq 7, L_00000195c8c75bd0, L_00000195c8c7c3e0;
S_00000195c8bd5120 .scope generate, "gen_for_dec_6_64[30]" "gen_for_dec_6_64[30]" 6 7, 6 7 0, S_00000195c8690980;
 .timescale 0 0;
P_00000195c8674050 .param/l "i" 0 6 7, +C4<011110>;
v00000195c8c2a2e0_0 .net *"_ivl_0", 6 0, L_00000195c8c77c50;  1 drivers
L_00000195c8c7c428 .functor BUFT 1, C4<0>, C4<0>, C4<0>, C4<0>;
v00000195c8c29840_0 .net *"_ivl_3", 0 0, L_00000195c8c7c428;  1 drivers
L_00000195c8c7c470 .functor BUFT 1, C4<0011110>, C4<0>, C4<0>, C4<0>;
v00000195c8c29de0_0 .net/2u *"_ivl_4", 6 0, L_00000195c8c7c470;  1 drivers
v00000195c8c29a20_0 .net *"_ivl_6", 0 0, L_00000195c8c77cf0;  1 drivers
L_00000195c8c77c50 .concat [ 6 1 0 0], L_00000195c8c73c90, L_00000195c8c7c428;
L_00000195c8c77cf0 .cmp/eq 7, L_00000195c8c77c50, L_00000195c8c7c470;
S_00000195c8bd5760 .scope generate, "gen_for_dec_6_64[31]" "gen_for_dec_6_64[31]" 6 7, 6 7 0, S_00000195c8690980;
 .timescale 0 0;
P_00000195c8674850 .param/l "i" 0 6 7, +C4<011111>;
v00000195c8c28f80_0 .net *"_ivl_0", 6 0, L_00000195c8c76e90;  1 drivers
L_00000195c8c7c4b8 .functor BUFT 1, C4<0>, C4<0>, C4<0>, C4<0>;
v00000195c8c2a380_0 .net *"_ivl_3", 0 0, L_00000195c8c7c4b8;  1 drivers
L_00000195c8c7c500 .functor BUFT 1, C4<0011111>, C4<0>, C4<0>, C4<0>;
v00000195c8c295c0_0 .net/2u *"_ivl_4", 6 0, L_00000195c8c7c500;  1 drivers
v00000195c8c2a880_0 .net *"_ivl_6", 0 0, L_00000195c8c77d90;  1 drivers
L_00000195c8c76e90 .concat [ 6 1 0 0], L_00000195c8c73c90, L_00000195c8c7c4b8;
L_00000195c8c77d90 .cmp/eq 7, L_00000195c8c76e90, L_00000195c8c7c500;
S_00000195c8bd47c0 .scope generate, "gen_for_dec_6_64[32]" "gen_for_dec_6_64[32]" 6 7, 6 7 0, S_00000195c8690980;
 .timescale 0 0;
P_00000195c86744d0 .param/l "i" 0 6 7, +C4<0100000>;
v00000195c8c290c0_0 .net *"_ivl_0", 7 0, L_00000195c8c77e30;  1 drivers
L_00000195c8c7c548 .functor BUFT 1, C4<00>, C4<0>, C4<0>, C4<0>;
v00000195c8c28620_0 .net *"_ivl_3", 1 0, L_00000195c8c7c548;  1 drivers
L_00000195c8c7c590 .functor BUFT 1, C4<00100000>, C4<0>, C4<0>, C4<0>;
v00000195c8c2a060_0 .net/2u *"_ivl_4", 7 0, L_00000195c8c7c590;  1 drivers
v00000195c8c29b60_0 .net *"_ivl_6", 0 0, L_00000195c8c76cb0;  1 drivers
L_00000195c8c77e30 .concat [ 6 2 0 0], L_00000195c8c73c90, L_00000195c8c7c548;
L_00000195c8c76cb0 .cmp/eq 8, L_00000195c8c77e30, L_00000195c8c7c590;
S_00000195c8bd4c70 .scope generate, "gen_for_dec_6_64[33]" "gen_for_dec_6_64[33]" 6 7, 6 7 0, S_00000195c8690980;
 .timescale 0 0;
P_00000195c8673d50 .param/l "i" 0 6 7, +C4<0100001>;
v00000195c8c2a420_0 .net *"_ivl_0", 7 0, L_00000195c8c76fd0;  1 drivers
L_00000195c8c7c5d8 .functor BUFT 1, C4<00>, C4<0>, C4<0>, C4<0>;
v00000195c8c29e80_0 .net *"_ivl_3", 1 0, L_00000195c8c7c5d8;  1 drivers
L_00000195c8c7c620 .functor BUFT 1, C4<00100001>, C4<0>, C4<0>, C4<0>;
v00000195c8c293e0_0 .net/2u *"_ivl_4", 7 0, L_00000195c8c7c620;  1 drivers
v00000195c8c29160_0 .net *"_ivl_6", 0 0, L_00000195c8c75c70;  1 drivers
L_00000195c8c76fd0 .concat [ 6 2 0 0], L_00000195c8c73c90, L_00000195c8c7c5d8;
L_00000195c8c75c70 .cmp/eq 8, L_00000195c8c76fd0, L_00000195c8c7c620;
S_00000195c8bd5a80 .scope generate, "gen_for_dec_6_64[34]" "gen_for_dec_6_64[34]" 6 7, 6 7 0, S_00000195c8690980;
 .timescale 0 0;
P_00000195c8674a10 .param/l "i" 0 6 7, +C4<0100010>;
v00000195c8c281c0_0 .net *"_ivl_0", 7 0, L_00000195c8c763f0;  1 drivers
L_00000195c8c7c668 .functor BUFT 1, C4<00>, C4<0>, C4<0>, C4<0>;
v00000195c8c28e40_0 .net *"_ivl_3", 1 0, L_00000195c8c7c668;  1 drivers
L_00000195c8c7c6b0 .functor BUFT 1, C4<00100010>, C4<0>, C4<0>, C4<0>;
v00000195c8c284e0_0 .net/2u *"_ivl_4", 7 0, L_00000195c8c7c6b0;  1 drivers
v00000195c8c2a240_0 .net *"_ivl_6", 0 0, L_00000195c8c765d0;  1 drivers
L_00000195c8c763f0 .concat [ 6 2 0 0], L_00000195c8c73c90, L_00000195c8c7c668;
L_00000195c8c765d0 .cmp/eq 8, L_00000195c8c763f0, L_00000195c8c7c6b0;
S_00000195c8bd5f30 .scope generate, "gen_for_dec_6_64[35]" "gen_for_dec_6_64[35]" 6 7, 6 7 0, S_00000195c8690980;
 .timescale 0 0;
P_00000195c8673c90 .param/l "i" 0 6 7, +C4<0100011>;
v00000195c8c2a4c0_0 .net *"_ivl_0", 7 0, L_00000195c8c76670;  1 drivers
L_00000195c8c7c6f8 .functor BUFT 1, C4<00>, C4<0>, C4<0>, C4<0>;
v00000195c8c297a0_0 .net *"_ivl_3", 1 0, L_00000195c8c7c6f8;  1 drivers
L_00000195c8c7c740 .functor BUFT 1, C4<00100011>, C4<0>, C4<0>, C4<0>;
v00000195c8c2a600_0 .net/2u *"_ivl_4", 7 0, L_00000195c8c7c740;  1 drivers
v00000195c8c286c0_0 .net *"_ivl_6", 0 0, L_00000195c8c75a90;  1 drivers
L_00000195c8c76670 .concat [ 6 2 0 0], L_00000195c8c73c90, L_00000195c8c7c6f8;
L_00000195c8c75a90 .cmp/eq 8, L_00000195c8c76670, L_00000195c8c7c740;
S_00000195c8bd5c10 .scope generate, "gen_for_dec_6_64[36]" "gen_for_dec_6_64[36]" 6 7, 6 7 0, S_00000195c8690980;
 .timescale 0 0;
P_00000195c8673b50 .param/l "i" 0 6 7, +C4<0100100>;
v00000195c8c29020_0 .net *"_ivl_0", 7 0, L_00000195c8c77610;  1 drivers
L_00000195c8c7c788 .functor BUFT 1, C4<00>, C4<0>, C4<0>, C4<0>;
v00000195c8c29fc0_0 .net *"_ivl_3", 1 0, L_00000195c8c7c788;  1 drivers
L_00000195c8c7c7d0 .functor BUFT 1, C4<00100100>, C4<0>, C4<0>, C4<0>;
v00000195c8c28800_0 .net/2u *"_ivl_4", 7 0, L_00000195c8c7c7d0;  1 drivers
v00000195c8c2a7e0_0 .net *"_ivl_6", 0 0, L_00000195c8c76170;  1 drivers
L_00000195c8c77610 .concat [ 6 2 0 0], L_00000195c8c73c90, L_00000195c8c7c788;
L_00000195c8c76170 .cmp/eq 8, L_00000195c8c77610, L_00000195c8c7c7d0;
S_00000195c8bd5da0 .scope generate, "gen_for_dec_6_64[37]" "gen_for_dec_6_64[37]" 6 7, 6 7 0, S_00000195c8690980;
 .timescale 0 0;
P_00000195c86748d0 .param/l "i" 0 6 7, +C4<0100101>;
v00000195c8c28760_0 .net *"_ivl_0", 7 0, L_00000195c8c76ad0;  1 drivers
L_00000195c8c7c818 .functor BUFT 1, C4<00>, C4<0>, C4<0>, C4<0>;
v00000195c8c29200_0 .net *"_ivl_3", 1 0, L_00000195c8c7c818;  1 drivers
L_00000195c8c7c860 .functor BUFT 1, C4<00100101>, C4<0>, C4<0>, C4<0>;
v00000195c8c2a560_0 .net/2u *"_ivl_4", 7 0, L_00000195c8c7c860;  1 drivers
v00000195c8c298e0_0 .net *"_ivl_6", 0 0, L_00000195c8c75b30;  1 drivers
L_00000195c8c76ad0 .concat [ 6 2 0 0], L_00000195c8c73c90, L_00000195c8c7c818;
L_00000195c8c75b30 .cmp/eq 8, L_00000195c8c76ad0, L_00000195c8c7c860;
S_00000195c8bd60c0 .scope generate, "gen_for_dec_6_64[38]" "gen_for_dec_6_64[38]" 6 7, 6 7 0, S_00000195c8690980;
 .timescale 0 0;
P_00000195c8674910 .param/l "i" 0 6 7, +C4<0100110>;
v00000195c8c29660_0 .net *"_ivl_0", 7 0, L_00000195c8c76210;  1 drivers
L_00000195c8c7c8a8 .functor BUFT 1, C4<00>, C4<0>, C4<0>, C4<0>;
v00000195c8c28ee0_0 .net *"_ivl_3", 1 0, L_00000195c8c7c8a8;  1 drivers
L_00000195c8c7c8f0 .functor BUFT 1, C4<00100110>, C4<0>, C4<0>, C4<0>;
v00000195c8c28300_0 .net/2u *"_ivl_4", 7 0, L_00000195c8c7c8f0;  1 drivers
v00000195c8c28580_0 .net *"_ivl_6", 0 0, L_00000195c8c76df0;  1 drivers
L_00000195c8c76210 .concat [ 6 2 0 0], L_00000195c8c73c90, L_00000195c8c7c8a8;
L_00000195c8c76df0 .cmp/eq 8, L_00000195c8c76210, L_00000195c8c7c8f0;
S_00000195c8bd6570 .scope generate, "gen_for_dec_6_64[39]" "gen_for_dec_6_64[39]" 6 7, 6 7 0, S_00000195c8690980;
 .timescale 0 0;
P_00000195c8674650 .param/l "i" 0 6 7, +C4<0100111>;
v00000195c8c28120_0 .net *"_ivl_0", 7 0, L_00000195c8c76490;  1 drivers
L_00000195c8c7c938 .functor BUFT 1, C4<00>, C4<0>, C4<0>, C4<0>;
v00000195c8c28260_0 .net *"_ivl_3", 1 0, L_00000195c8c7c938;  1 drivers
L_00000195c8c7c980 .functor BUFT 1, C4<00100111>, C4<0>, C4<0>, C4<0>;
v00000195c8c2a6a0_0 .net/2u *"_ivl_4", 7 0, L_00000195c8c7c980;  1 drivers
v00000195c8c288a0_0 .net *"_ivl_6", 0 0, L_00000195c8c75db0;  1 drivers
L_00000195c8c76490 .concat [ 6 2 0 0], L_00000195c8c73c90, L_00000195c8c7c938;
L_00000195c8c75db0 .cmp/eq 8, L_00000195c8c76490, L_00000195c8c7c980;
S_00000195c8bd4e00 .scope generate, "gen_for_dec_6_64[40]" "gen_for_dec_6_64[40]" 6 7, 6 7 0, S_00000195c8690980;
 .timescale 0 0;
P_00000195c8673ad0 .param/l "i" 0 6 7, +C4<0101000>;
v00000195c8c2a740_0 .net *"_ivl_0", 7 0, L_00000195c8c77ed0;  1 drivers
L_00000195c8c7c9c8 .functor BUFT 1, C4<00>, C4<0>, C4<0>, C4<0>;
v00000195c8c29980_0 .net *"_ivl_3", 1 0, L_00000195c8c7c9c8;  1 drivers
L_00000195c8c7ca10 .functor BUFT 1, C4<00101000>, C4<0>, C4<0>, C4<0>;
v00000195c8c29520_0 .net/2u *"_ivl_4", 7 0, L_00000195c8c7ca10;  1 drivers
v00000195c8c283a0_0 .net *"_ivl_6", 0 0, L_00000195c8c76850;  1 drivers
L_00000195c8c77ed0 .concat [ 6 2 0 0], L_00000195c8c73c90, L_00000195c8c7c9c8;
L_00000195c8c76850 .cmp/eq 8, L_00000195c8c77ed0, L_00000195c8c7ca10;
S_00000195c8c31250 .scope generate, "gen_for_dec_6_64[41]" "gen_for_dec_6_64[41]" 6 7, 6 7 0, S_00000195c8690980;
 .timescale 0 0;
P_00000195c86740d0 .param/l "i" 0 6 7, +C4<0101001>;
v00000195c8c28440_0 .net *"_ivl_0", 7 0, L_00000195c8c759f0;  1 drivers
L_00000195c8c7ca58 .functor BUFT 1, C4<00>, C4<0>, C4<0>, C4<0>;
v00000195c8c292a0_0 .net *"_ivl_3", 1 0, L_00000195c8c7ca58;  1 drivers
L_00000195c8c7caa0 .functor BUFT 1, C4<00101001>, C4<0>, C4<0>, C4<0>;
v00000195c8c28940_0 .net/2u *"_ivl_4", 7 0, L_00000195c8c7caa0;  1 drivers
v00000195c8c2a1a0_0 .net *"_ivl_6", 0 0, L_00000195c8c76d50;  1 drivers
L_00000195c8c759f0 .concat [ 6 2 0 0], L_00000195c8c73c90, L_00000195c8c7ca58;
L_00000195c8c76d50 .cmp/eq 8, L_00000195c8c759f0, L_00000195c8c7caa0;
S_00000195c8c30760 .scope generate, "gen_for_dec_6_64[42]" "gen_for_dec_6_64[42]" 6 7, 6 7 0, S_00000195c8690980;
 .timescale 0 0;
P_00000195c8673e10 .param/l "i" 0 6 7, +C4<0101010>;
v00000195c8c29d40_0 .net *"_ivl_0", 7 0, L_00000195c8c77f70;  1 drivers
L_00000195c8c7cae8 .functor BUFT 1, C4<00>, C4<0>, C4<0>, C4<0>;
v00000195c8c29ac0_0 .net *"_ivl_3", 1 0, L_00000195c8c7cae8;  1 drivers
L_00000195c8c7cb30 .functor BUFT 1, C4<00101010>, C4<0>, C4<0>, C4<0>;
v00000195c8c289e0_0 .net/2u *"_ivl_4", 7 0, L_00000195c8c7cb30;  1 drivers
v00000195c8c29340_0 .net *"_ivl_6", 0 0, L_00000195c8c75f90;  1 drivers
L_00000195c8c77f70 .concat [ 6 2 0 0], L_00000195c8c73c90, L_00000195c8c7cae8;
L_00000195c8c75f90 .cmp/eq 8, L_00000195c8c77f70, L_00000195c8c7cb30;
S_00000195c8c313e0 .scope generate, "gen_for_dec_6_64[43]" "gen_for_dec_6_64[43]" 6 7, 6 7 0, S_00000195c8690980;
 .timescale 0 0;
P_00000195c8673a50 .param/l "i" 0 6 7, +C4<0101011>;
v00000195c8c29f20_0 .net *"_ivl_0", 7 0, L_00000195c8c768f0;  1 drivers
L_00000195c8c7cb78 .functor BUFT 1, C4<00>, C4<0>, C4<0>, C4<0>;
v00000195c8c28a80_0 .net *"_ivl_3", 1 0, L_00000195c8c7cb78;  1 drivers
L_00000195c8c7cbc0 .functor BUFT 1, C4<00101011>, C4<0>, C4<0>, C4<0>;
v00000195c8c28b20_0 .net/2u *"_ivl_4", 7 0, L_00000195c8c7cbc0;  1 drivers
v00000195c8c28bc0_0 .net *"_ivl_6", 0 0, L_00000195c8c76030;  1 drivers
L_00000195c8c768f0 .concat [ 6 2 0 0], L_00000195c8c73c90, L_00000195c8c7cb78;
L_00000195c8c76030 .cmp/eq 8, L_00000195c8c768f0, L_00000195c8c7cbc0;
S_00000195c8c308f0 .scope generate, "gen_for_dec_6_64[44]" "gen_for_dec_6_64[44]" 6 7, 6 7 0, S_00000195c8690980;
 .timescale 0 0;
P_00000195c8674510 .param/l "i" 0 6 7, +C4<0101100>;
v00000195c8c29480_0 .net *"_ivl_0", 7 0, L_00000195c8c762b0;  1 drivers
L_00000195c8c7cc08 .functor BUFT 1, C4<00>, C4<0>, C4<0>, C4<0>;
v00000195c8c29700_0 .net *"_ivl_3", 1 0, L_00000195c8c7cc08;  1 drivers
L_00000195c8c7cc50 .functor BUFT 1, C4<00101100>, C4<0>, C4<0>, C4<0>;
v00000195c8c29c00_0 .net/2u *"_ivl_4", 7 0, L_00000195c8c7cc50;  1 drivers
v00000195c8c2a100_0 .net *"_ivl_6", 0 0, L_00000195c8c76a30;  1 drivers
L_00000195c8c762b0 .concat [ 6 2 0 0], L_00000195c8c73c90, L_00000195c8c7cc08;
L_00000195c8c76a30 .cmp/eq 8, L_00000195c8c762b0, L_00000195c8c7cc50;
S_00000195c8c30120 .scope generate, "gen_for_dec_6_64[45]" "gen_for_dec_6_64[45]" 6 7, 6 7 0, S_00000195c8690980;
 .timescale 0 0;
P_00000195c8673d90 .param/l "i" 0 6 7, +C4<0101101>;
v00000195c8c28c60_0 .net *"_ivl_0", 7 0, L_00000195c8c779d0;  1 drivers
L_00000195c8c7cc98 .functor BUFT 1, C4<00>, C4<0>, C4<0>, C4<0>;
v00000195c8c29ca0_0 .net *"_ivl_3", 1 0, L_00000195c8c7cc98;  1 drivers
L_00000195c8c7cce0 .functor BUFT 1, C4<00101101>, C4<0>, C4<0>, C4<0>;
v00000195c8c28d00_0 .net/2u *"_ivl_4", 7 0, L_00000195c8c7cce0;  1 drivers
v00000195c8c28da0_0 .net *"_ivl_6", 0 0, L_00000195c8c76b70;  1 drivers
L_00000195c8c779d0 .concat [ 6 2 0 0], L_00000195c8c73c90, L_00000195c8c7cc98;
L_00000195c8c76b70 .cmp/eq 8, L_00000195c8c779d0, L_00000195c8c7cce0;
S_00000195c8c31bb0 .scope generate, "gen_for_dec_6_64[46]" "gen_for_dec_6_64[46]" 6 7, 6 7 0, S_00000195c8690980;
 .timescale 0 0;
P_00000195c8674110 .param/l "i" 0 6 7, +C4<0101110>;
v00000195c8c39800_0 .net *"_ivl_0", 7 0, L_00000195c8c77070;  1 drivers
L_00000195c8c7cd28 .functor BUFT 1, C4<00>, C4<0>, C4<0>, C4<0>;
v00000195c8c37640_0 .net *"_ivl_3", 1 0, L_00000195c8c7cd28;  1 drivers
L_00000195c8c7cd70 .functor BUFT 1, C4<00101110>, C4<0>, C4<0>, C4<0>;
v00000195c8c38e00_0 .net/2u *"_ivl_4", 7 0, L_00000195c8c7cd70;  1 drivers
v00000195c8c38ea0_0 .net *"_ivl_6", 0 0, L_00000195c8c77110;  1 drivers
L_00000195c8c77070 .concat [ 6 2 0 0], L_00000195c8c73c90, L_00000195c8c7cd28;
L_00000195c8c77110 .cmp/eq 8, L_00000195c8c77070, L_00000195c8c7cd70;
S_00000195c8c31d40 .scope generate, "gen_for_dec_6_64[47]" "gen_for_dec_6_64[47]" 6 7, 6 7 0, S_00000195c8690980;
 .timescale 0 0;
P_00000195c8674350 .param/l "i" 0 6 7, +C4<0101111>;
v00000195c8c39300_0 .net *"_ivl_0", 7 0, L_00000195c8c771b0;  1 drivers
L_00000195c8c7cdb8 .functor BUFT 1, C4<00>, C4<0>, C4<0>, C4<0>;
v00000195c8c37fa0_0 .net *"_ivl_3", 1 0, L_00000195c8c7cdb8;  1 drivers
L_00000195c8c7ce00 .functor BUFT 1, C4<00101111>, C4<0>, C4<0>, C4<0>;
v00000195c8c393a0_0 .net/2u *"_ivl_4", 7 0, L_00000195c8c7ce00;  1 drivers
v00000195c8c385e0_0 .net *"_ivl_6", 0 0, L_00000195c8c77250;  1 drivers
L_00000195c8c771b0 .concat [ 6 2 0 0], L_00000195c8c73c90, L_00000195c8c7cdb8;
L_00000195c8c77250 .cmp/eq 8, L_00000195c8c771b0, L_00000195c8c7ce00;
S_00000195c8c30c10 .scope generate, "gen_for_dec_6_64[48]" "gen_for_dec_6_64[48]" 6 7, 6 7 0, S_00000195c8690980;
 .timescale 0 0;
P_00000195c8673a90 .param/l "i" 0 6 7, +C4<0110000>;
v00000195c8c38b80_0 .net *"_ivl_0", 7 0, L_00000195c8c77390;  1 drivers
L_00000195c8c7ce48 .functor BUFT 1, C4<00>, C4<0>, C4<0>, C4<0>;
v00000195c8c380e0_0 .net *"_ivl_3", 1 0, L_00000195c8c7ce48;  1 drivers
L_00000195c8c7ce90 .functor BUFT 1, C4<00110000>, C4<0>, C4<0>, C4<0>;
v00000195c8c376e0_0 .net/2u *"_ivl_4", 7 0, L_00000195c8c7ce90;  1 drivers
v00000195c8c39080_0 .net *"_ivl_6", 0 0, L_00000195c8c77430;  1 drivers
L_00000195c8c77390 .concat [ 6 2 0 0], L_00000195c8c73c90, L_00000195c8c7ce48;
L_00000195c8c77430 .cmp/eq 8, L_00000195c8c77390, L_00000195c8c7ce90;
S_00000195c8c30a80 .scope generate, "gen_for_dec_6_64[49]" "gen_for_dec_6_64[49]" 6 7, 6 7 0, S_00000195c8690980;
 .timescale 0 0;
P_00000195c8674010 .param/l "i" 0 6 7, +C4<0110001>;
v00000195c8c37820_0 .net *"_ivl_0", 7 0, L_00000195c8c774d0;  1 drivers
L_00000195c8c7ced8 .functor BUFT 1, C4<00>, C4<0>, C4<0>, C4<0>;
v00000195c8c39440_0 .net *"_ivl_3", 1 0, L_00000195c8c7ced8;  1 drivers
L_00000195c8c7cf20 .functor BUFT 1, C4<00110001>, C4<0>, C4<0>, C4<0>;
v00000195c8c38f40_0 .net/2u *"_ivl_4", 7 0, L_00000195c8c7cf20;  1 drivers
v00000195c8c38400_0 .net *"_ivl_6", 0 0, L_00000195c8c77570;  1 drivers
L_00000195c8c774d0 .concat [ 6 2 0 0], L_00000195c8c73c90, L_00000195c8c7ced8;
L_00000195c8c77570 .cmp/eq 8, L_00000195c8c774d0, L_00000195c8c7cf20;
S_00000195c8c310c0 .scope generate, "gen_for_dec_6_64[50]" "gen_for_dec_6_64[50]" 6 7, 6 7 0, S_00000195c8690980;
 .timescale 0 0;
P_00000195c8673c10 .param/l "i" 0 6 7, +C4<0110010>;
v00000195c8c39760_0 .net *"_ivl_0", 7 0, L_00000195c8c77750;  1 drivers
L_00000195c8c7cf68 .functor BUFT 1, C4<00>, C4<0>, C4<0>, C4<0>;
v00000195c8c371e0_0 .net *"_ivl_3", 1 0, L_00000195c8c7cf68;  1 drivers
L_00000195c8c7cfb0 .functor BUFT 1, C4<00110010>, C4<0>, C4<0>, C4<0>;
v00000195c8c37e60_0 .net/2u *"_ivl_4", 7 0, L_00000195c8c7cfb0;  1 drivers
v00000195c8c37500_0 .net *"_ivl_6", 0 0, L_00000195c8c78290;  1 drivers
L_00000195c8c77750 .concat [ 6 2 0 0], L_00000195c8c73c90, L_00000195c8c7cf68;
L_00000195c8c78290 .cmp/eq 8, L_00000195c8c77750, L_00000195c8c7cfb0;
S_00000195c8c31ed0 .scope generate, "gen_for_dec_6_64[51]" "gen_for_dec_6_64[51]" 6 7, 6 7 0, S_00000195c8690980;
 .timescale 0 0;
P_00000195c8673ed0 .param/l "i" 0 6 7, +C4<0110011>;
v00000195c8c37780_0 .net *"_ivl_0", 7 0, L_00000195c8c785b0;  1 drivers
L_00000195c8c7cff8 .functor BUFT 1, C4<00>, C4<0>, C4<0>, C4<0>;
v00000195c8c39260_0 .net *"_ivl_3", 1 0, L_00000195c8c7cff8;  1 drivers
L_00000195c8c7d040 .functor BUFT 1, C4<00110011>, C4<0>, C4<0>, C4<0>;
v00000195c8c387c0_0 .net/2u *"_ivl_4", 7 0, L_00000195c8c7d040;  1 drivers
v00000195c8c39620_0 .net *"_ivl_6", 0 0, L_00000195c8c78b50;  1 drivers
L_00000195c8c785b0 .concat [ 6 2 0 0], L_00000195c8c73c90, L_00000195c8c7cff8;
L_00000195c8c78b50 .cmp/eq 8, L_00000195c8c785b0, L_00000195c8c7d040;
S_00000195c8c30da0 .scope generate, "gen_for_dec_6_64[52]" "gen_for_dec_6_64[52]" 6 7, 6 7 0, S_00000195c8690980;
 .timescale 0 0;
P_00000195c8674450 .param/l "i" 0 6 7, +C4<0110100>;
v00000195c8c37320_0 .net *"_ivl_0", 7 0, L_00000195c8c79050;  1 drivers
L_00000195c8c7d088 .functor BUFT 1, C4<00>, C4<0>, C4<0>, C4<0>;
v00000195c8c38040_0 .net *"_ivl_3", 1 0, L_00000195c8c7d088;  1 drivers
L_00000195c8c7d0d0 .functor BUFT 1, C4<00110100>, C4<0>, C4<0>, C4<0>;
v00000195c8c38fe0_0 .net/2u *"_ivl_4", 7 0, L_00000195c8c7d0d0;  1 drivers
v00000195c8c378c0_0 .net *"_ivl_6", 0 0, L_00000195c8c78d30;  1 drivers
L_00000195c8c79050 .concat [ 6 2 0 0], L_00000195c8c73c90, L_00000195c8c7d088;
L_00000195c8c78d30 .cmp/eq 8, L_00000195c8c79050, L_00000195c8c7d0d0;
S_00000195c8c30f30 .scope generate, "gen_for_dec_6_64[53]" "gen_for_dec_6_64[53]" 6 7, 6 7 0, S_00000195c8690980;
 .timescale 0 0;
P_00000195c8674250 .param/l "i" 0 6 7, +C4<0110101>;
v00000195c8c391c0_0 .net *"_ivl_0", 7 0, L_00000195c8c78830;  1 drivers
L_00000195c8c7d118 .functor BUFT 1, C4<00>, C4<0>, C4<0>, C4<0>;
v00000195c8c37960_0 .net *"_ivl_3", 1 0, L_00000195c8c7d118;  1 drivers
L_00000195c8c7d160 .functor BUFT 1, C4<00110101>, C4<0>, C4<0>, C4<0>;
v00000195c8c38180_0 .net/2u *"_ivl_4", 7 0, L_00000195c8c7d160;  1 drivers
v00000195c8c394e0_0 .net *"_ivl_6", 0 0, L_00000195c8c788d0;  1 drivers
L_00000195c8c78830 .concat [ 6 2 0 0], L_00000195c8c73c90, L_00000195c8c7d118;
L_00000195c8c788d0 .cmp/eq 8, L_00000195c8c78830, L_00000195c8c7d160;
S_00000195c8c31570 .scope generate, "gen_for_dec_6_64[54]" "gen_for_dec_6_64[54]" 6 7, 6 7 0, S_00000195c8690980;
 .timescale 0 0;
P_00000195c86746d0 .param/l "i" 0 6 7, +C4<0110110>;
v00000195c8c39580_0 .net *"_ivl_0", 7 0, L_00000195c8c783d0;  1 drivers
L_00000195c8c7d1a8 .functor BUFT 1, C4<00>, C4<0>, C4<0>, C4<0>;
v00000195c8c38680_0 .net *"_ivl_3", 1 0, L_00000195c8c7d1a8;  1 drivers
L_00000195c8c7d1f0 .functor BUFT 1, C4<00110110>, C4<0>, C4<0>, C4<0>;
v00000195c8c37f00_0 .net/2u *"_ivl_4", 7 0, L_00000195c8c7d1f0;  1 drivers
v00000195c8c38860_0 .net *"_ivl_6", 0 0, L_00000195c8c78bf0;  1 drivers
L_00000195c8c783d0 .concat [ 6 2 0 0], L_00000195c8c73c90, L_00000195c8c7d1a8;
L_00000195c8c78bf0 .cmp/eq 8, L_00000195c8c783d0, L_00000195c8c7d1f0;
S_00000195c8c302b0 .scope generate, "gen_for_dec_6_64[55]" "gen_for_dec_6_64[55]" 6 7, 6 7 0, S_00000195c8690980;
 .timescale 0 0;
P_00000195c8673f10 .param/l "i" 0 6 7, +C4<0110111>;
v00000195c8c37280_0 .net *"_ivl_0", 7 0, L_00000195c8c78c90;  1 drivers
L_00000195c8c7d238 .functor BUFT 1, C4<00>, C4<0>, C4<0>, C4<0>;
v00000195c8c37a00_0 .net *"_ivl_3", 1 0, L_00000195c8c7d238;  1 drivers
L_00000195c8c7d280 .functor BUFT 1, C4<00110111>, C4<0>, C4<0>, C4<0>;
v00000195c8c375a0_0 .net/2u *"_ivl_4", 7 0, L_00000195c8c7d280;  1 drivers
v00000195c8c37aa0_0 .net *"_ivl_6", 0 0, L_00000195c8c78510;  1 drivers
L_00000195c8c78c90 .concat [ 6 2 0 0], L_00000195c8c73c90, L_00000195c8c7d238;
L_00000195c8c78510 .cmp/eq 8, L_00000195c8c78c90, L_00000195c8c7d280;
S_00000195c8c31700 .scope generate, "gen_for_dec_6_64[56]" "gen_for_dec_6_64[56]" 6 7, 6 7 0, S_00000195c8690980;
 .timescale 0 0;
P_00000195c8673f90 .param/l "i" 0 6 7, +C4<0111000>;
v00000195c8c39120_0 .net *"_ivl_0", 7 0, L_00000195c8c78a10;  1 drivers
L_00000195c8c7d2c8 .functor BUFT 1, C4<00>, C4<0>, C4<0>, C4<0>;
v00000195c8c38900_0 .net *"_ivl_3", 1 0, L_00000195c8c7d2c8;  1 drivers
L_00000195c8c7d310 .functor BUFT 1, C4<00111000>, C4<0>, C4<0>, C4<0>;
v00000195c8c389a0_0 .net/2u *"_ivl_4", 7 0, L_00000195c8c7d310;  1 drivers
v00000195c8c37d20_0 .net *"_ivl_6", 0 0, L_00000195c8c78e70;  1 drivers
L_00000195c8c78a10 .concat [ 6 2 0 0], L_00000195c8c73c90, L_00000195c8c7d2c8;
L_00000195c8c78e70 .cmp/eq 8, L_00000195c8c78a10, L_00000195c8c7d310;
S_00000195c8c31890 .scope generate, "gen_for_dec_6_64[57]" "gen_for_dec_6_64[57]" 6 7, 6 7 0, S_00000195c8690980;
 .timescale 0 0;
P_00000195c8673fd0 .param/l "i" 0 6 7, +C4<0111001>;
v00000195c8c38a40_0 .net *"_ivl_0", 7 0, L_00000195c8c78dd0;  1 drivers
L_00000195c8c7d358 .functor BUFT 1, C4<00>, C4<0>, C4<0>, C4<0>;
v00000195c8c38220_0 .net *"_ivl_3", 1 0, L_00000195c8c7d358;  1 drivers
L_00000195c8c7d3a0 .functor BUFT 1, C4<00111001>, C4<0>, C4<0>, C4<0>;
v00000195c8c382c0_0 .net/2u *"_ivl_4", 7 0, L_00000195c8c7d3a0;  1 drivers
v00000195c8c37c80_0 .net *"_ivl_6", 0 0, L_00000195c8c78970;  1 drivers
L_00000195c8c78dd0 .concat [ 6 2 0 0], L_00000195c8c73c90, L_00000195c8c7d358;
L_00000195c8c78970 .cmp/eq 8, L_00000195c8c78dd0, L_00000195c8c7d3a0;
S_00000195c8c31a20 .scope generate, "gen_for_dec_6_64[58]" "gen_for_dec_6_64[58]" 6 7, 6 7 0, S_00000195c8690980;
 .timescale 0 0;
P_00000195c8674290 .param/l "i" 0 6 7, +C4<0111010>;
v00000195c8c396c0_0 .net *"_ivl_0", 7 0, L_00000195c8c78ab0;  1 drivers
L_00000195c8c7d3e8 .functor BUFT 1, C4<00>, C4<0>, C4<0>, C4<0>;
v00000195c8c38360_0 .net *"_ivl_3", 1 0, L_00000195c8c7d3e8;  1 drivers
L_00000195c8c7d430 .functor BUFT 1, C4<00111010>, C4<0>, C4<0>, C4<0>;
v00000195c8c37b40_0 .net/2u *"_ivl_4", 7 0, L_00000195c8c7d430;  1 drivers
v00000195c8c38c20_0 .net *"_ivl_6", 0 0, L_00000195c8c78f10;  1 drivers
L_00000195c8c78ab0 .concat [ 6 2 0 0], L_00000195c8c73c90, L_00000195c8c7d3e8;
L_00000195c8c78f10 .cmp/eq 8, L_00000195c8c78ab0, L_00000195c8c7d430;
S_00000195c8c30440 .scope generate, "gen_for_dec_6_64[59]" "gen_for_dec_6_64[59]" 6 7, 6 7 0, S_00000195c8690980;
 .timescale 0 0;
P_00000195c8674150 .param/l "i" 0 6 7, +C4<0111011>;
v00000195c8c37be0_0 .net *"_ivl_0", 7 0, L_00000195c8c781f0;  1 drivers
L_00000195c8c7d478 .functor BUFT 1, C4<00>, C4<0>, C4<0>, C4<0>;
v00000195c8c38720_0 .net *"_ivl_3", 1 0, L_00000195c8c7d478;  1 drivers
L_00000195c8c7d4c0 .functor BUFT 1, C4<00111011>, C4<0>, C4<0>, C4<0>;
v00000195c8c398a0_0 .net/2u *"_ivl_4", 7 0, L_00000195c8c7d4c0;  1 drivers
v00000195c8c384a0_0 .net *"_ivl_6", 0 0, L_00000195c8c78fb0;  1 drivers
L_00000195c8c781f0 .concat [ 6 2 0 0], L_00000195c8c73c90, L_00000195c8c7d478;
L_00000195c8c78fb0 .cmp/eq 8, L_00000195c8c781f0, L_00000195c8c7d4c0;
S_00000195c8c305d0 .scope generate, "gen_for_dec_6_64[60]" "gen_for_dec_6_64[60]" 6 7, 6 7 0, S_00000195c8690980;
 .timescale 0 0;
P_00000195c8674190 .param/l "i" 0 6 7, +C4<0111100>;
v00000195c8c38d60_0 .net *"_ivl_0", 7 0, L_00000195c8c78650;  1 drivers
L_00000195c8c7d508 .functor BUFT 1, C4<00>, C4<0>, C4<0>, C4<0>;
v00000195c8c37140_0 .net *"_ivl_3", 1 0, L_00000195c8c7d508;  1 drivers
L_00000195c8c7d550 .functor BUFT 1, C4<00111100>, C4<0>, C4<0>, C4<0>;
v00000195c8c373c0_0 .net/2u *"_ivl_4", 7 0, L_00000195c8c7d550;  1 drivers
v00000195c8c37460_0 .net *"_ivl_6", 0 0, L_00000195c8c78330;  1 drivers
L_00000195c8c78650 .concat [ 6 2 0 0], L_00000195c8c73c90, L_00000195c8c7d508;
L_00000195c8c78330 .cmp/eq 8, L_00000195c8c78650, L_00000195c8c7d550;
S_00000195c8c3af50 .scope generate, "gen_for_dec_6_64[61]" "gen_for_dec_6_64[61]" 6 7, 6 7 0, S_00000195c8690980;
 .timescale 0 0;
P_00000195c86742d0 .param/l "i" 0 6 7, +C4<0111101>;
v00000195c8c37dc0_0 .net *"_ivl_0", 7 0, L_00000195c8c78470;  1 drivers
L_00000195c8c7d598 .functor BUFT 1, C4<00>, C4<0>, C4<0>, C4<0>;
v00000195c8c38ae0_0 .net *"_ivl_3", 1 0, L_00000195c8c7d598;  1 drivers
L_00000195c8c7d5e0 .functor BUFT 1, C4<00111101>, C4<0>, C4<0>, C4<0>;
v00000195c8c38540_0 .net/2u *"_ivl_4", 7 0, L_00000195c8c7d5e0;  1 drivers
v00000195c8c38cc0_0 .net *"_ivl_6", 0 0, L_00000195c8c786f0;  1 drivers
L_00000195c8c78470 .concat [ 6 2 0 0], L_00000195c8c73c90, L_00000195c8c7d598;
L_00000195c8c786f0 .cmp/eq 8, L_00000195c8c78470, L_00000195c8c7d5e0;
S_00000195c8c3b400 .scope generate, "gen_for_dec_6_64[62]" "gen_for_dec_6_64[62]" 6 7, 6 7 0, S_00000195c8690980;
 .timescale 0 0;
P_00000195c8674390 .param/l "i" 0 6 7, +C4<0111110>;
v00000195c8c39ee0_0 .net *"_ivl_0", 7 0, L_00000195c8c78790;  1 drivers
L_00000195c8c7d628 .functor BUFT 1, C4<00>, C4<0>, C4<0>, C4<0>;
v00000195c8c39f80_0 .net *"_ivl_3", 1 0, L_00000195c8c7d628;  1 drivers
L_00000195c8c7d670 .functor BUFT 1, C4<00111110>, C4<0>, C4<0>, C4<0>;
v00000195c8c39d00_0 .net/2u *"_ivl_4", 7 0, L_00000195c8c7d670;  1 drivers
v00000195c8c39bc0_0 .net *"_ivl_6", 0 0, L_00000195c8cd3410;  1 drivers
L_00000195c8c78790 .concat [ 6 2 0 0], L_00000195c8c73c90, L_00000195c8c7d628;
L_00000195c8cd3410 .cmp/eq 8, L_00000195c8c78790, L_00000195c8c7d670;
S_00000195c8c3ac30 .scope generate, "gen_for_dec_6_64[63]" "gen_for_dec_6_64[63]" 6 7, 6 7 0, S_00000195c8690980;
 .timescale 0 0;
P_00000195c8674490 .param/l "i" 0 6 7, +C4<0111111>;
v00000195c8c3a020_0 .net *"_ivl_0", 7 0, L_00000195c8cd41d0;  1 drivers
L_00000195c8c7d6b8 .functor BUFT 1, C4<00>, C4<0>, C4<0>, C4<0>;
v00000195c8c399e0_0 .net *"_ivl_3", 1 0, L_00000195c8c7d6b8;  1 drivers
L_00000195c8c7d700 .functor BUFT 1, C4<00111111>, C4<0>, C4<0>, C4<0>;
v00000195c8c39e40_0 .net/2u *"_ivl_4", 7 0, L_00000195c8c7d700;  1 drivers
v00000195c8c39940_0 .net *"_ivl_6", 0 0, L_00000195c8cd3f50;  1 drivers
L_00000195c8cd41d0 .concat [ 6 2 0 0], L_00000195c8c73c90, L_00000195c8c7d6b8;
L_00000195c8cd3f50 .cmp/eq 8, L_00000195c8cd41d0, L_00000195c8c7d700;
S_00000195c8c3adc0 .scope module, "u_dec1" "decoder_4_16" 3 281, 7 1 0, S_00000195c868dc80;
 .timescale 0 0;
    .port_info 0 /INPUT 4 "in";
    .port_info 1 /OUTPUT 16 "out";
v00000195c8c344e0_0 .net "in", 3 0, L_00000195c8c73790;  alias, 1 drivers
v00000195c8c32280_0 .net "out", 15 0, L_00000195c8cd4270;  alias, 1 drivers
LS_00000195c8cd4270_0_0 .concat8 [ 1 1 1 1], L_00000195c8cd4ef0, L_00000195c8cd53f0, L_00000195c8cd3ff0, L_00000195c8cd5170;
LS_00000195c8cd4270_0_4 .concat8 [ 1 1 1 1], L_00000195c8cd4950, L_00000195c8cd3c30, L_00000195c8cd3730, L_00000195c8cd3cd0;
LS_00000195c8cd4270_0_8 .concat8 [ 1 1 1 1], L_00000195c8cd3d70, L_00000195c8cd4450, L_00000195c8cd39b0, L_00000195c8cd44f0;
LS_00000195c8cd4270_0_12 .concat8 [ 1 1 1 1], L_00000195c8cd43b0, L_00000195c8cd3e10, L_00000195c8cd4b30, L_00000195c8cd3690;
L_00000195c8cd4270 .concat8 [ 4 4 4 4], LS_00000195c8cd4270_0_0, LS_00000195c8cd4270_0_4, LS_00000195c8cd4270_0_8, LS_00000195c8cd4270_0_12;
S_00000195c8c3ba40 .scope generate, "gen_for_dec_4_16[0]" "gen_for_dec_4_16[0]" 7 7, 7 7 0, S_00000195c8c3adc0;
 .timescale 0 0;
P_00000195c86745d0 .param/l "i" 0 7 7, +C4<00>;
v00000195c8c39b20_0 .net *"_ivl_0", 4 0, L_00000195c8cd5030;  1 drivers
L_00000195c8c7d748 .functor BUFT 1, C4<0>, C4<0>, C4<0>, C4<0>;
v00000195c8c39c60_0 .net *"_ivl_3", 0 0, L_00000195c8c7d748;  1 drivers
L_00000195c8c7d790 .functor BUFT 1, C4<00000>, C4<0>, C4<0>, C4<0>;
v00000195c8c34300_0 .net/2u *"_ivl_4", 4 0, L_00000195c8c7d790;  1 drivers
v00000195c8c32b40_0 .net *"_ivl_6", 0 0, L_00000195c8cd4ef0;  1 drivers
L_00000195c8cd5030 .concat [ 4 1 0 0], L_00000195c8c73790, L_00000195c8c7d748;
L_00000195c8cd4ef0 .cmp/eq 5, L_00000195c8cd5030, L_00000195c8c7d790;
S_00000195c8c3bbd0 .scope generate, "gen_for_dec_4_16[1]" "gen_for_dec_4_16[1]" 7 7, 7 7 0, S_00000195c8c3adc0;
 .timescale 0 0;
P_00000195c86751d0 .param/l "i" 0 7 7, +C4<01>;
v00000195c8c343a0_0 .net *"_ivl_0", 4 0, L_00000195c8cd50d0;  1 drivers
L_00000195c8c7d7d8 .functor BUFT 1, C4<0>, C4<0>, C4<0>, C4<0>;
v00000195c8c32320_0 .net *"_ivl_3", 0 0, L_00000195c8c7d7d8;  1 drivers
L_00000195c8c7d820 .functor BUFT 1, C4<00001>, C4<0>, C4<0>, C4<0>;
v00000195c8c346c0_0 .net/2u *"_ivl_4", 4 0, L_00000195c8c7d820;  1 drivers
v00000195c8c32f00_0 .net *"_ivl_6", 0 0, L_00000195c8cd53f0;  1 drivers
L_00000195c8cd50d0 .concat [ 4 1 0 0], L_00000195c8c73790, L_00000195c8c7d7d8;
L_00000195c8cd53f0 .cmp/eq 5, L_00000195c8cd50d0, L_00000195c8c7d820;
S_00000195c8c3b0e0 .scope generate, "gen_for_dec_4_16[2]" "gen_for_dec_4_16[2]" 7 7, 7 7 0, S_00000195c8c3adc0;
 .timescale 0 0;
P_00000195c8675210 .param/l "i" 0 7 7, +C4<010>;
v00000195c8c32460_0 .net *"_ivl_0", 4 0, L_00000195c8cd5210;  1 drivers
L_00000195c8c7d868 .functor BUFT 1, C4<0>, C4<0>, C4<0>, C4<0>;
v00000195c8c34620_0 .net *"_ivl_3", 0 0, L_00000195c8c7d868;  1 drivers
L_00000195c8c7d8b0 .functor BUFT 1, C4<00010>, C4<0>, C4<0>, C4<0>;
v00000195c8c33720_0 .net/2u *"_ivl_4", 4 0, L_00000195c8c7d8b0;  1 drivers
v00000195c8c33ae0_0 .net *"_ivl_6", 0 0, L_00000195c8cd3ff0;  1 drivers
L_00000195c8cd5210 .concat [ 4 1 0 0], L_00000195c8c73790, L_00000195c8c7d868;
L_00000195c8cd3ff0 .cmp/eq 5, L_00000195c8cd5210, L_00000195c8c7d8b0;
S_00000195c8c3bd60 .scope generate, "gen_for_dec_4_16[3]" "gen_for_dec_4_16[3]" 7 7, 7 7 0, S_00000195c8c3adc0;
 .timescale 0 0;
P_00000195c86756d0 .param/l "i" 0 7 7, +C4<011>;
v00000195c8c32c80_0 .net *"_ivl_0", 4 0, L_00000195c8cd48b0;  1 drivers
L_00000195c8c7d8f8 .functor BUFT 1, C4<0>, C4<0>, C4<0>, C4<0>;
v00000195c8c32e60_0 .net *"_ivl_3", 0 0, L_00000195c8c7d8f8;  1 drivers
L_00000195c8c7d940 .functor BUFT 1, C4<00011>, C4<0>, C4<0>, C4<0>;
v00000195c8c32fa0_0 .net/2u *"_ivl_4", 4 0, L_00000195c8c7d940;  1 drivers
v00000195c8c34800_0 .net *"_ivl_6", 0 0, L_00000195c8cd5170;  1 drivers
L_00000195c8cd48b0 .concat [ 4 1 0 0], L_00000195c8c73790, L_00000195c8c7d8f8;
L_00000195c8cd5170 .cmp/eq 5, L_00000195c8cd48b0, L_00000195c8c7d940;
S_00000195c8c3b590 .scope generate, "gen_for_dec_4_16[4]" "gen_for_dec_4_16[4]" 7 7, 7 7 0, S_00000195c8c3adc0;
 .timescale 0 0;
P_00000195c8675290 .param/l "i" 0 7 7, +C4<0100>;
v00000195c8c33040_0 .net *"_ivl_0", 4 0, L_00000195c8cd4130;  1 drivers
L_00000195c8c7d988 .functor BUFT 1, C4<0>, C4<0>, C4<0>, C4<0>;
v00000195c8c32d20_0 .net *"_ivl_3", 0 0, L_00000195c8c7d988;  1 drivers
L_00000195c8c7d9d0 .functor BUFT 1, C4<00100>, C4<0>, C4<0>, C4<0>;
v00000195c8c325a0_0 .net/2u *"_ivl_4", 4 0, L_00000195c8c7d9d0;  1 drivers
v00000195c8c323c0_0 .net *"_ivl_6", 0 0, L_00000195c8cd4950;  1 drivers
L_00000195c8cd4130 .concat [ 4 1 0 0], L_00000195c8c73790, L_00000195c8c7d988;
L_00000195c8cd4950 .cmp/eq 5, L_00000195c8cd4130, L_00000195c8c7d9d0;
S_00000195c8c3a460 .scope generate, "gen_for_dec_4_16[5]" "gen_for_dec_4_16[5]" 7 7, 7 7 0, S_00000195c8c3adc0;
 .timescale 0 0;
P_00000195c8675390 .param/l "i" 0 7 7, +C4<0101>;
v00000195c8c32780_0 .net *"_ivl_0", 4 0, L_00000195c8cd49f0;  1 drivers
L_00000195c8c7da18 .functor BUFT 1, C4<0>, C4<0>, C4<0>, C4<0>;
v00000195c8c33b80_0 .net *"_ivl_3", 0 0, L_00000195c8c7da18;  1 drivers
L_00000195c8c7da60 .functor BUFT 1, C4<00101>, C4<0>, C4<0>, C4<0>;
v00000195c8c330e0_0 .net/2u *"_ivl_4", 4 0, L_00000195c8c7da60;  1 drivers
v00000195c8c32960_0 .net *"_ivl_6", 0 0, L_00000195c8cd3c30;  1 drivers
L_00000195c8cd49f0 .concat [ 4 1 0 0], L_00000195c8c73790, L_00000195c8c7da18;
L_00000195c8cd3c30 .cmp/eq 5, L_00000195c8cd49f0, L_00000195c8c7da60;
S_00000195c8c3b270 .scope generate, "gen_for_dec_4_16[6]" "gen_for_dec_4_16[6]" 7 7, 7 7 0, S_00000195c8c3adc0;
 .timescale 0 0;
P_00000195c8675450 .param/l "i" 0 7 7, +C4<0110>;
v00000195c8c34580_0 .net *"_ivl_0", 4 0, L_00000195c8cd37d0;  1 drivers
L_00000195c8c7daa8 .functor BUFT 1, C4<0>, C4<0>, C4<0>, C4<0>;
v00000195c8c33180_0 .net *"_ivl_3", 0 0, L_00000195c8c7daa8;  1 drivers
L_00000195c8c7daf0 .functor BUFT 1, C4<00110>, C4<0>, C4<0>, C4<0>;
v00000195c8c33c20_0 .net/2u *"_ivl_4", 4 0, L_00000195c8c7daf0;  1 drivers
v00000195c8c32a00_0 .net *"_ivl_6", 0 0, L_00000195c8cd3730;  1 drivers
L_00000195c8cd37d0 .concat [ 4 1 0 0], L_00000195c8c73790, L_00000195c8c7daa8;
L_00000195c8cd3730 .cmp/eq 5, L_00000195c8cd37d0, L_00000195c8c7daf0;
S_00000195c8c3a140 .scope generate, "gen_for_dec_4_16[7]" "gen_for_dec_4_16[7]" 7 7, 7 7 0, S_00000195c8c3adc0;
 .timescale 0 0;
P_00000195c8675810 .param/l "i" 0 7 7, +C4<0111>;
v00000195c8c34760_0 .net *"_ivl_0", 4 0, L_00000195c8cd3910;  1 drivers
L_00000195c8c7db38 .functor BUFT 1, C4<0>, C4<0>, C4<0>, C4<0>;
v00000195c8c32aa0_0 .net *"_ivl_3", 0 0, L_00000195c8c7db38;  1 drivers
L_00000195c8c7db80 .functor BUFT 1, C4<00111>, C4<0>, C4<0>, C4<0>;
v00000195c8c33cc0_0 .net/2u *"_ivl_4", 4 0, L_00000195c8c7db80;  1 drivers
v00000195c8c32be0_0 .net *"_ivl_6", 0 0, L_00000195c8cd3cd0;  1 drivers
L_00000195c8cd3910 .concat [ 4 1 0 0], L_00000195c8c73790, L_00000195c8c7db38;
L_00000195c8cd3cd0 .cmp/eq 5, L_00000195c8cd3910, L_00000195c8c7db80;
S_00000195c8c3bef0 .scope generate, "gen_for_dec_4_16[8]" "gen_for_dec_4_16[8]" 7 7, 7 7 0, S_00000195c8c3adc0;
 .timescale 0 0;
P_00000195c8675610 .param/l "i" 0 7 7, +C4<01000>;
v00000195c8c33540_0 .net *"_ivl_0", 5 0, L_00000195c8cd3870;  1 drivers
L_00000195c8c7dbc8 .functor BUFT 1, C4<00>, C4<0>, C4<0>, C4<0>;
v00000195c8c33220_0 .net *"_ivl_3", 1 0, L_00000195c8c7dbc8;  1 drivers
L_00000195c8c7dc10 .functor BUFT 1, C4<001000>, C4<0>, C4<0>, C4<0>;
v00000195c8c326e0_0 .net/2u *"_ivl_4", 5 0, L_00000195c8c7dc10;  1 drivers
v00000195c8c32500_0 .net *"_ivl_6", 0 0, L_00000195c8cd3d70;  1 drivers
L_00000195c8cd3870 .concat [ 4 2 0 0], L_00000195c8c73790, L_00000195c8c7dbc8;
L_00000195c8cd3d70 .cmp/eq 6, L_00000195c8cd3870, L_00000195c8c7dc10;
S_00000195c8c3a2d0 .scope generate, "gen_for_dec_4_16[9]" "gen_for_dec_4_16[9]" 7 7, 7 7 0, S_00000195c8c3adc0;
 .timescale 0 0;
P_00000195c8675910 .param/l "i" 0 7 7, +C4<01001>;
v00000195c8c337c0_0 .net *"_ivl_0", 5 0, L_00000195c8cd5490;  1 drivers
L_00000195c8c7dc58 .functor BUFT 1, C4<00>, C4<0>, C4<0>, C4<0>;
v00000195c8c332c0_0 .net *"_ivl_3", 1 0, L_00000195c8c7dc58;  1 drivers
L_00000195c8c7dca0 .functor BUFT 1, C4<001001>, C4<0>, C4<0>, C4<0>;
v00000195c8c348a0_0 .net/2u *"_ivl_4", 5 0, L_00000195c8c7dca0;  1 drivers
v00000195c8c32820_0 .net *"_ivl_6", 0 0, L_00000195c8cd4450;  1 drivers
L_00000195c8cd5490 .concat [ 4 2 0 0], L_00000195c8c73790, L_00000195c8c7dc58;
L_00000195c8cd4450 .cmp/eq 6, L_00000195c8cd5490, L_00000195c8c7dca0;
S_00000195c8c3b720 .scope generate, "gen_for_dec_4_16[10]" "gen_for_dec_4_16[10]" 7 7, 7 7 0, S_00000195c8c3adc0;
 .timescale 0 0;
P_00000195c8675650 .param/l "i" 0 7 7, +C4<01010>;
v00000195c8c33e00_0 .net *"_ivl_0", 5 0, L_00000195c8cd4a90;  1 drivers
L_00000195c8c7dce8 .functor BUFT 1, C4<00>, C4<0>, C4<0>, C4<0>;
v00000195c8c33ea0_0 .net *"_ivl_3", 1 0, L_00000195c8c7dce8;  1 drivers
L_00000195c8c7dd30 .functor BUFT 1, C4<001010>, C4<0>, C4<0>, C4<0>;
v00000195c8c33a40_0 .net/2u *"_ivl_4", 5 0, L_00000195c8c7dd30;  1 drivers
v00000195c8c32140_0 .net *"_ivl_6", 0 0, L_00000195c8cd39b0;  1 drivers
L_00000195c8cd4a90 .concat [ 4 2 0 0], L_00000195c8c73790, L_00000195c8c7dce8;
L_00000195c8cd39b0 .cmp/eq 6, L_00000195c8cd4a90, L_00000195c8c7dd30;
S_00000195c8c3a5f0 .scope generate, "gen_for_dec_4_16[11]" "gen_for_dec_4_16[11]" 7 7, 7 7 0, S_00000195c8c3adc0;
 .timescale 0 0;
P_00000195c8676050 .param/l "i" 0 7 7, +C4<01011>;
v00000195c8c34440_0 .net *"_ivl_0", 5 0, L_00000195c8cd52b0;  1 drivers
L_00000195c8c7dd78 .functor BUFT 1, C4<00>, C4<0>, C4<0>, C4<0>;
v00000195c8c335e0_0 .net *"_ivl_3", 1 0, L_00000195c8c7dd78;  1 drivers
L_00000195c8c7ddc0 .functor BUFT 1, C4<001011>, C4<0>, C4<0>, C4<0>;
v00000195c8c321e0_0 .net/2u *"_ivl_4", 5 0, L_00000195c8c7ddc0;  1 drivers
v00000195c8c33900_0 .net *"_ivl_6", 0 0, L_00000195c8cd44f0;  1 drivers
L_00000195c8cd52b0 .concat [ 4 2 0 0], L_00000195c8c73790, L_00000195c8c7dd78;
L_00000195c8cd44f0 .cmp/eq 6, L_00000195c8cd52b0, L_00000195c8c7ddc0;
S_00000195c8c3a780 .scope generate, "gen_for_dec_4_16[12]" "gen_for_dec_4_16[12]" 7 7, 7 7 0, S_00000195c8c3adc0;
 .timescale 0 0;
P_00000195c8676110 .param/l "i" 0 7 7, +C4<01100>;
v00000195c8c32dc0_0 .net *"_ivl_0", 5 0, L_00000195c8cd4f90;  1 drivers
L_00000195c8c7de08 .functor BUFT 1, C4<00>, C4<0>, C4<0>, C4<0>;
v00000195c8c33d60_0 .net *"_ivl_3", 1 0, L_00000195c8c7de08;  1 drivers
L_00000195c8c7de50 .functor BUFT 1, C4<001100>, C4<0>, C4<0>, C4<0>;
v00000195c8c33f40_0 .net/2u *"_ivl_4", 5 0, L_00000195c8c7de50;  1 drivers
v00000195c8c33680_0 .net *"_ivl_6", 0 0, L_00000195c8cd43b0;  1 drivers
L_00000195c8cd4f90 .concat [ 4 2 0 0], L_00000195c8c73790, L_00000195c8c7de08;
L_00000195c8cd43b0 .cmp/eq 6, L_00000195c8cd4f90, L_00000195c8c7de50;
S_00000195c8c3aaa0 .scope generate, "gen_for_dec_4_16[13]" "gen_for_dec_4_16[13]" 7 7, 7 7 0, S_00000195c8c3adc0;
 .timescale 0 0;
P_00000195c8676910 .param/l "i" 0 7 7, +C4<01101>;
v00000195c8c33fe0_0 .net *"_ivl_0", 5 0, L_00000195c8cd4090;  1 drivers
L_00000195c8c7de98 .functor BUFT 1, C4<00>, C4<0>, C4<0>, C4<0>;
v00000195c8c33400_0 .net *"_ivl_3", 1 0, L_00000195c8c7de98;  1 drivers
L_00000195c8c7dee0 .functor BUFT 1, C4<001101>, C4<0>, C4<0>, C4<0>;
v00000195c8c33360_0 .net/2u *"_ivl_4", 5 0, L_00000195c8c7dee0;  1 drivers
v00000195c8c32640_0 .net *"_ivl_6", 0 0, L_00000195c8cd3e10;  1 drivers
L_00000195c8cd4090 .concat [ 4 2 0 0], L_00000195c8c73790, L_00000195c8c7de98;
L_00000195c8cd3e10 .cmp/eq 6, L_00000195c8cd4090, L_00000195c8c7dee0;
S_00000195c8c3b8b0 .scope generate, "gen_for_dec_4_16[14]" "gen_for_dec_4_16[14]" 7 7, 7 7 0, S_00000195c8c3adc0;
 .timescale 0 0;
P_00000195c8675a90 .param/l "i" 0 7 7, +C4<01110>;
v00000195c8c33860_0 .net *"_ivl_0", 5 0, L_00000195c8cd4bd0;  1 drivers
L_00000195c8c7df28 .functor BUFT 1, C4<00>, C4<0>, C4<0>, C4<0>;
v00000195c8c334a0_0 .net *"_ivl_3", 1 0, L_00000195c8c7df28;  1 drivers
L_00000195c8c7df70 .functor BUFT 1, C4<001110>, C4<0>, C4<0>, C4<0>;
v00000195c8c34080_0 .net/2u *"_ivl_4", 5 0, L_00000195c8c7df70;  1 drivers
v00000195c8c34120_0 .net *"_ivl_6", 0 0, L_00000195c8cd4b30;  1 drivers
L_00000195c8cd4bd0 .concat [ 4 2 0 0], L_00000195c8c73790, L_00000195c8c7df28;
L_00000195c8cd4b30 .cmp/eq 6, L_00000195c8cd4bd0, L_00000195c8c7df70;
S_00000195c8c3a910 .scope generate, "gen_for_dec_4_16[15]" "gen_for_dec_4_16[15]" 7 7, 7 7 0, S_00000195c8c3adc0;
 .timescale 0 0;
P_00000195c8676150 .param/l "i" 0 7 7, +C4<01111>;
v00000195c8c339a0_0 .net *"_ivl_0", 5 0, L_00000195c8cd3a50;  1 drivers
L_00000195c8c7dfb8 .functor BUFT 1, C4<00>, C4<0>, C4<0>, C4<0>;
v00000195c8c341c0_0 .net *"_ivl_3", 1 0, L_00000195c8c7dfb8;  1 drivers
L_00000195c8c7e000 .functor BUFT 1, C4<001111>, C4<0>, C4<0>, C4<0>;
v00000195c8c328c0_0 .net/2u *"_ivl_4", 5 0, L_00000195c8c7e000;  1 drivers
v00000195c8c34260_0 .net *"_ivl_6", 0 0, L_00000195c8cd3690;  1 drivers
L_00000195c8cd3a50 .concat [ 4 2 0 0], L_00000195c8c73790, L_00000195c8c7dfb8;
L_00000195c8cd3690 .cmp/eq 6, L_00000195c8cd3a50, L_00000195c8c7e000;
S_00000195c8c44610 .scope module, "u_dec2" "decoder_2_4" 3 282, 8 1 0, S_00000195c868dc80;
 .timescale 0 0;
    .port_info 0 /INPUT 2 "in";
    .port_info 1 /OUTPUT 4 "out";
v00000195c8c34ee0_0 .net "in", 1 0, L_00000195c8c751d0;  alias, 1 drivers
v00000195c8c36ba0_0 .net "out", 3 0, L_00000195c8cd4d10;  alias, 1 drivers
L_00000195c8cd4d10 .concat8 [ 1 1 1 1], L_00000195c8cd5850, L_00000195c8cd3af0, L_00000195c8cd5530, L_00000195c8cd5350;
S_00000195c8c45f10 .scope generate, "gen_for_dec_2_4[0]" "gen_for_dec_2_4[0]" 8 7, 8 7 0, S_00000195c8c44610;
 .timescale 0 0;
P_00000195c86762d0 .param/l "i" 0 8 7, +C4<00>;
v00000195c8c35660_0 .net *"_ivl_0", 2 0, L_00000195c8cd55d0;  1 drivers
L_00000195c8c7e048 .functor BUFT 1, C4<0>, C4<0>, C4<0>, C4<0>;
v00000195c8c34b20_0 .net *"_ivl_3", 0 0, L_00000195c8c7e048;  1 drivers
L_00000195c8c7e090 .functor BUFT 1, C4<000>, C4<0>, C4<0>, C4<0>;
v00000195c8c34d00_0 .net/2u *"_ivl_4", 2 0, L_00000195c8c7e090;  1 drivers
v00000195c8c36ec0_0 .net *"_ivl_6", 0 0, L_00000195c8cd5850;  1 drivers
L_00000195c8cd55d0 .concat [ 2 1 0 0], L_00000195c8c751d0, L_00000195c8c7e048;
L_00000195c8cd5850 .cmp/eq 3, L_00000195c8cd55d0, L_00000195c8c7e090;
S_00000195c8c44f70 .scope generate, "gen_for_dec_2_4[1]" "gen_for_dec_2_4[1]" 8 7, 8 7 0, S_00000195c8c44610;
 .timescale 0 0;
P_00000195c86766d0 .param/l "i" 0 8 7, +C4<01>;
v00000195c8c35020_0 .net *"_ivl_0", 2 0, L_00000195c8cd5990;  1 drivers
L_00000195c8c7e0d8 .functor BUFT 1, C4<0>, C4<0>, C4<0>, C4<0>;
v00000195c8c366a0_0 .net *"_ivl_3", 0 0, L_00000195c8c7e0d8;  1 drivers
L_00000195c8c7e120 .functor BUFT 1, C4<001>, C4<0>, C4<0>, C4<0>;
v00000195c8c36920_0 .net/2u *"_ivl_4", 2 0, L_00000195c8c7e120;  1 drivers
v00000195c8c34a80_0 .net *"_ivl_6", 0 0, L_00000195c8cd3af0;  1 drivers
L_00000195c8cd5990 .concat [ 2 1 0 0], L_00000195c8c751d0, L_00000195c8c7e0d8;
L_00000195c8cd3af0 .cmp/eq 3, L_00000195c8cd5990, L_00000195c8c7e120;
S_00000195c8c447a0 .scope generate, "gen_for_dec_2_4[2]" "gen_for_dec_2_4[2]" 8 7, 8 7 0, S_00000195c8c44610;
 .timescale 0 0;
P_00000195c8676550 .param/l "i" 0 8 7, +C4<010>;
v00000195c8c34940_0 .net *"_ivl_0", 3 0, L_00000195c8cd4c70;  1 drivers
L_00000195c8c7e168 .functor BUFT 1, C4<00>, C4<0>, C4<0>, C4<0>;
v00000195c8c35b60_0 .net *"_ivl_3", 1 0, L_00000195c8c7e168;  1 drivers
L_00000195c8c7e1b0 .functor BUFT 1, C4<0010>, C4<0>, C4<0>, C4<0>;
v00000195c8c361a0_0 .net/2u *"_ivl_4", 3 0, L_00000195c8c7e1b0;  1 drivers
v00000195c8c35840_0 .net *"_ivl_6", 0 0, L_00000195c8cd5530;  1 drivers
L_00000195c8cd4c70 .concat [ 2 2 0 0], L_00000195c8c751d0, L_00000195c8c7e168;
L_00000195c8cd5530 .cmp/eq 4, L_00000195c8cd4c70, L_00000195c8c7e1b0;
S_00000195c8c442f0 .scope generate, "gen_for_dec_2_4[3]" "gen_for_dec_2_4[3]" 8 7, 8 7 0, S_00000195c8c44610;
 .timescale 0 0;
P_00000195c8676310 .param/l "i" 0 8 7, +C4<011>;
v00000195c8c36a60_0 .net *"_ivl_0", 3 0, L_00000195c8cd4db0;  1 drivers
L_00000195c8c7e1f8 .functor BUFT 1, C4<00>, C4<0>, C4<0>, C4<0>;
v00000195c8c35340_0 .net *"_ivl_3", 1 0, L_00000195c8c7e1f8;  1 drivers
L_00000195c8c7e240 .functor BUFT 1, C4<0011>, C4<0>, C4<0>, C4<0>;
v00000195c8c358e0_0 .net/2u *"_ivl_4", 3 0, L_00000195c8c7e240;  1 drivers
v00000195c8c36740_0 .net *"_ivl_6", 0 0, L_00000195c8cd5350;  1 drivers
L_00000195c8cd4db0 .concat [ 2 2 0 0], L_00000195c8c751d0, L_00000195c8c7e1f8;
L_00000195c8cd5350 .cmp/eq 4, L_00000195c8cd4db0, L_00000195c8c7e240;
S_00000195c8c44480 .scope module, "u_dec3" "decoder_5_32" 3 283, 9 1 0, S_00000195c868dc80;
 .timescale 0 0;
    .port_info 0 /INPUT 5 "in";
    .port_info 1 /OUTPUT 32 "out";
v00000195c8c50030_0 .net "in", 4 0, L_00000195c8c74870;  alias, 1 drivers
v00000195c8c50490_0 .net "out", 31 0, L_00000195c8cd7c90;  alias, 1 drivers
LS_00000195c8cd7c90_0_0 .concat8 [ 1 1 1 1], L_00000195c8cd57b0, L_00000195c8cd3eb0, L_00000195c8cd5710, L_00000195c8cd3230;
LS_00000195c8cd7c90_0_4 .concat8 [ 1 1 1 1], L_00000195c8cd32d0, L_00000195c8cd34b0, L_00000195c8cd4e50, L_00000195c8cd46d0;
LS_00000195c8cd7c90_0_8 .concat8 [ 1 1 1 1], L_00000195c8cd35f0, L_00000195c8cd6430, L_00000195c8cd67f0, L_00000195c8cd5fd0;
LS_00000195c8cd7c90_0_12 .concat8 [ 1 1 1 1], L_00000195c8cd6890, L_00000195c8cd8190, L_00000195c8cd66b0, L_00000195c8cd6250;
LS_00000195c8cd7c90_0_16 .concat8 [ 1 1 1 1], L_00000195c8cd71f0, L_00000195c8cd6ed0, L_00000195c8cd5cb0, L_00000195c8cd7b50;
LS_00000195c8cd7c90_0_20 .concat8 [ 1 1 1 1], L_00000195c8cd6070, L_00000195c8cd69d0, L_00000195c8cd5e90, L_00000195c8cd8050;
LS_00000195c8cd7c90_0_24 .concat8 [ 1 1 1 1], L_00000195c8cd6a70, L_00000195c8cd7830, L_00000195c8cd78d0, L_00000195c8cd62f0;
LS_00000195c8cd7c90_0_28 .concat8 [ 1 1 1 1], L_00000195c8cd7330, L_00000195c8cd7bf0, L_00000195c8cd6b10, L_00000195c8cd7d30;
LS_00000195c8cd7c90_1_0 .concat8 [ 4 4 4 4], LS_00000195c8cd7c90_0_0, LS_00000195c8cd7c90_0_4, LS_00000195c8cd7c90_0_8, LS_00000195c8cd7c90_0_12;
LS_00000195c8cd7c90_1_4 .concat8 [ 4 4 4 4], LS_00000195c8cd7c90_0_16, LS_00000195c8cd7c90_0_20, LS_00000195c8cd7c90_0_24, LS_00000195c8cd7c90_0_28;
L_00000195c8cd7c90 .concat8 [ 16 16 0 0], LS_00000195c8cd7c90_1_0, LS_00000195c8cd7c90_1_4;
S_00000195c8c45bf0 .scope generate, "gen_for_dec_5_32[0]" "gen_for_dec_5_32[0]" 9 7, 9 7 0, S_00000195c8c44480;
 .timescale 0 0;
P_00000195c8675e90 .param/l "i" 0 9 7, +C4<00>;
v00000195c8c34bc0_0 .net *"_ivl_0", 5 0, L_00000195c8cd4590;  1 drivers
L_00000195c8c7e288 .functor BUFT 1, C4<0>, C4<0>, C4<0>, C4<0>;
v00000195c8c34c60_0 .net *"_ivl_3", 0 0, L_00000195c8c7e288;  1 drivers
L_00000195c8c7e2d0 .functor BUFT 1, C4<000000>, C4<0>, C4<0>, C4<0>;
v00000195c8c35480_0 .net/2u *"_ivl_4", 5 0, L_00000195c8c7e2d0;  1 drivers
v00000195c8c369c0_0 .net *"_ivl_6", 0 0, L_00000195c8cd57b0;  1 drivers
L_00000195c8cd4590 .concat [ 5 1 0 0], L_00000195c8c74870, L_00000195c8c7e288;
L_00000195c8cd57b0 .cmp/eq 6, L_00000195c8cd4590, L_00000195c8c7e2d0;
S_00000195c8c44de0 .scope generate, "gen_for_dec_5_32[1]" "gen_for_dec_5_32[1]" 9 7, 9 7 0, S_00000195c8c44480;
 .timescale 0 0;
P_00000195c86769d0 .param/l "i" 0 9 7, +C4<01>;
v00000195c8c34f80_0 .net *"_ivl_0", 5 0, L_00000195c8cd5670;  1 drivers
L_00000195c8c7e318 .functor BUFT 1, C4<0>, C4<0>, C4<0>, C4<0>;
v00000195c8c36600_0 .net *"_ivl_3", 0 0, L_00000195c8c7e318;  1 drivers
L_00000195c8c7e360 .functor BUFT 1, C4<000001>, C4<0>, C4<0>, C4<0>;
v00000195c8c36e20_0 .net/2u *"_ivl_4", 5 0, L_00000195c8c7e360;  1 drivers
v00000195c8c357a0_0 .net *"_ivl_6", 0 0, L_00000195c8cd3eb0;  1 drivers
L_00000195c8cd5670 .concat [ 5 1 0 0], L_00000195c8c74870, L_00000195c8c7e318;
L_00000195c8cd3eb0 .cmp/eq 6, L_00000195c8cd5670, L_00000195c8c7e360;
S_00000195c8c455b0 .scope generate, "gen_for_dec_5_32[2]" "gen_for_dec_5_32[2]" 9 7, 9 7 0, S_00000195c8c44480;
 .timescale 0 0;
P_00000195c8676450 .param/l "i" 0 9 7, +C4<010>;
v00000195c8c353e0_0 .net *"_ivl_0", 5 0, L_00000195c8cd4310;  1 drivers
L_00000195c8c7e3a8 .functor BUFT 1, C4<0>, C4<0>, C4<0>, C4<0>;
v00000195c8c367e0_0 .net *"_ivl_3", 0 0, L_00000195c8c7e3a8;  1 drivers
L_00000195c8c7e3f0 .functor BUFT 1, C4<000010>, C4<0>, C4<0>, C4<0>;
v00000195c8c35ac0_0 .net/2u *"_ivl_4", 5 0, L_00000195c8c7e3f0;  1 drivers
v00000195c8c35fc0_0 .net *"_ivl_6", 0 0, L_00000195c8cd5710;  1 drivers
L_00000195c8cd4310 .concat [ 5 1 0 0], L_00000195c8c74870, L_00000195c8c7e3a8;
L_00000195c8cd5710 .cmp/eq 6, L_00000195c8cd4310, L_00000195c8c7e3f0;
S_00000195c8c45d80 .scope generate, "gen_for_dec_5_32[3]" "gen_for_dec_5_32[3]" 9 7, 9 7 0, S_00000195c8c44480;
 .timescale 0 0;
P_00000195c8675b10 .param/l "i" 0 9 7, +C4<011>;
v00000195c8c349e0_0 .net *"_ivl_0", 5 0, L_00000195c8cd3b90;  1 drivers
L_00000195c8c7e438 .functor BUFT 1, C4<0>, C4<0>, C4<0>, C4<0>;
v00000195c8c350c0_0 .net *"_ivl_3", 0 0, L_00000195c8c7e438;  1 drivers
L_00000195c8c7e480 .functor BUFT 1, C4<000011>, C4<0>, C4<0>, C4<0>;
v00000195c8c34da0_0 .net/2u *"_ivl_4", 5 0, L_00000195c8c7e480;  1 drivers
v00000195c8c34e40_0 .net *"_ivl_6", 0 0, L_00000195c8cd3230;  1 drivers
L_00000195c8cd3b90 .concat [ 5 1 0 0], L_00000195c8c74870, L_00000195c8c7e438;
L_00000195c8cd3230 .cmp/eq 6, L_00000195c8cd3b90, L_00000195c8c7e480;
S_00000195c8c44930 .scope generate, "gen_for_dec_5_32[4]" "gen_for_dec_5_32[4]" 9 7, 9 7 0, S_00000195c8c44480;
 .timescale 0 0;
P_00000195c8675d10 .param/l "i" 0 9 7, +C4<0100>;
v00000195c8c36b00_0 .net *"_ivl_0", 5 0, L_00000195c8cd58f0;  1 drivers
L_00000195c8c7e4c8 .functor BUFT 1, C4<0>, C4<0>, C4<0>, C4<0>;
v00000195c8c35980_0 .net *"_ivl_3", 0 0, L_00000195c8c7e4c8;  1 drivers
L_00000195c8c7e510 .functor BUFT 1, C4<000100>, C4<0>, C4<0>, C4<0>;
v00000195c8c36c40_0 .net/2u *"_ivl_4", 5 0, L_00000195c8c7e510;  1 drivers
v00000195c8c35de0_0 .net *"_ivl_6", 0 0, L_00000195c8cd32d0;  1 drivers
L_00000195c8cd58f0 .concat [ 5 1 0 0], L_00000195c8c74870, L_00000195c8c7e4c8;
L_00000195c8cd32d0 .cmp/eq 6, L_00000195c8cd58f0, L_00000195c8c7e510;
S_00000195c8c44ac0 .scope generate, "gen_for_dec_5_32[5]" "gen_for_dec_5_32[5]" 9 7, 9 7 0, S_00000195c8c44480;
 .timescale 0 0;
P_00000195c8675a50 .param/l "i" 0 9 7, +C4<0101>;
v00000195c8c36380_0 .net *"_ivl_0", 5 0, L_00000195c8cd3370;  1 drivers
L_00000195c8c7e558 .functor BUFT 1, C4<0>, C4<0>, C4<0>, C4<0>;
v00000195c8c35a20_0 .net *"_ivl_3", 0 0, L_00000195c8c7e558;  1 drivers
L_00000195c8c7e5a0 .functor BUFT 1, C4<000101>, C4<0>, C4<0>, C4<0>;
v00000195c8c36d80_0 .net/2u *"_ivl_4", 5 0, L_00000195c8c7e5a0;  1 drivers
v00000195c8c35c00_0 .net *"_ivl_6", 0 0, L_00000195c8cd34b0;  1 drivers
L_00000195c8cd3370 .concat [ 5 1 0 0], L_00000195c8c74870, L_00000195c8c7e558;
L_00000195c8cd34b0 .cmp/eq 6, L_00000195c8cd3370, L_00000195c8c7e5a0;
S_00000195c8c45290 .scope generate, "gen_for_dec_5_32[6]" "gen_for_dec_5_32[6]" 9 7, 9 7 0, S_00000195c8c44480;
 .timescale 0 0;
P_00000195c8675b50 .param/l "i" 0 9 7, +C4<0110>;
v00000195c8c35160_0 .net *"_ivl_0", 5 0, L_00000195c8cd4630;  1 drivers
L_00000195c8c7e5e8 .functor BUFT 1, C4<0>, C4<0>, C4<0>, C4<0>;
v00000195c8c36f60_0 .net *"_ivl_3", 0 0, L_00000195c8c7e5e8;  1 drivers
L_00000195c8c7e630 .functor BUFT 1, C4<000110>, C4<0>, C4<0>, C4<0>;
v00000195c8c35700_0 .net/2u *"_ivl_4", 5 0, L_00000195c8c7e630;  1 drivers
v00000195c8c35520_0 .net *"_ivl_6", 0 0, L_00000195c8cd4e50;  1 drivers
L_00000195c8cd4630 .concat [ 5 1 0 0], L_00000195c8c74870, L_00000195c8c7e5e8;
L_00000195c8cd4e50 .cmp/eq 6, L_00000195c8cd4630, L_00000195c8c7e630;
S_00000195c8c45420 .scope generate, "gen_for_dec_5_32[7]" "gen_for_dec_5_32[7]" 9 7, 9 7 0, S_00000195c8c44480;
 .timescale 0 0;
P_00000195c8675f10 .param/l "i" 0 9 7, +C4<0111>;
v00000195c8c35e80_0 .net *"_ivl_0", 5 0, L_00000195c8cd3550;  1 drivers
L_00000195c8c7e678 .functor BUFT 1, C4<0>, C4<0>, C4<0>, C4<0>;
v00000195c8c35ca0_0 .net *"_ivl_3", 0 0, L_00000195c8c7e678;  1 drivers
L_00000195c8c7e6c0 .functor BUFT 1, C4<000111>, C4<0>, C4<0>, C4<0>;
v00000195c8c364c0_0 .net/2u *"_ivl_4", 5 0, L_00000195c8c7e6c0;  1 drivers
v00000195c8c35200_0 .net *"_ivl_6", 0 0, L_00000195c8cd46d0;  1 drivers
L_00000195c8cd3550 .concat [ 5 1 0 0], L_00000195c8c74870, L_00000195c8c7e678;
L_00000195c8cd46d0 .cmp/eq 6, L_00000195c8cd3550, L_00000195c8c7e6c0;
S_00000195c8c44c50 .scope generate, "gen_for_dec_5_32[8]" "gen_for_dec_5_32[8]" 9 7, 9 7 0, S_00000195c8c44480;
 .timescale 0 0;
P_00000195c86764d0 .param/l "i" 0 9 7, +C4<01000>;
v00000195c8c36420_0 .net *"_ivl_0", 5 0, L_00000195c8cd4770;  1 drivers
L_00000195c8c7e708 .functor BUFT 1, C4<0>, C4<0>, C4<0>, C4<0>;
v00000195c8c36880_0 .net *"_ivl_3", 0 0, L_00000195c8c7e708;  1 drivers
L_00000195c8c7e750 .functor BUFT 1, C4<001000>, C4<0>, C4<0>, C4<0>;
v00000195c8c355c0_0 .net/2u *"_ivl_4", 5 0, L_00000195c8c7e750;  1 drivers
v00000195c8c35d40_0 .net *"_ivl_6", 0 0, L_00000195c8cd35f0;  1 drivers
L_00000195c8cd4770 .concat [ 5 1 0 0], L_00000195c8c74870, L_00000195c8c7e708;
L_00000195c8cd35f0 .cmp/eq 6, L_00000195c8cd4770, L_00000195c8c7e750;
S_00000195c8c45100 .scope generate, "gen_for_dec_5_32[9]" "gen_for_dec_5_32[9]" 9 7, 9 7 0, S_00000195c8c44480;
 .timescale 0 0;
P_00000195c8676750 .param/l "i" 0 9 7, +C4<01001>;
v00000195c8c36ce0_0 .net *"_ivl_0", 5 0, L_00000195c8cd7290;  1 drivers
L_00000195c8c7e798 .functor BUFT 1, C4<0>, C4<0>, C4<0>, C4<0>;
v00000195c8c36560_0 .net *"_ivl_3", 0 0, L_00000195c8c7e798;  1 drivers
L_00000195c8c7e7e0 .functor BUFT 1, C4<001001>, C4<0>, C4<0>, C4<0>;
v00000195c8c37000_0 .net/2u *"_ivl_4", 5 0, L_00000195c8c7e7e0;  1 drivers
v00000195c8c35f20_0 .net *"_ivl_6", 0 0, L_00000195c8cd6430;  1 drivers
L_00000195c8cd7290 .concat [ 5 1 0 0], L_00000195c8c74870, L_00000195c8c7e798;
L_00000195c8cd6430 .cmp/eq 6, L_00000195c8cd7290, L_00000195c8c7e7e0;
S_00000195c8c44160 .scope generate, "gen_for_dec_5_32[10]" "gen_for_dec_5_32[10]" 9 7, 9 7 0, S_00000195c8c44480;
 .timescale 0 0;
P_00000195c8675d50 .param/l "i" 0 9 7, +C4<01010>;
v00000195c8c352a0_0 .net *"_ivl_0", 5 0, L_00000195c8cd64d0;  1 drivers
L_00000195c8c7e828 .functor BUFT 1, C4<0>, C4<0>, C4<0>, C4<0>;
v00000195c8c36060_0 .net *"_ivl_3", 0 0, L_00000195c8c7e828;  1 drivers
L_00000195c8c7e870 .functor BUFT 1, C4<001010>, C4<0>, C4<0>, C4<0>;
v00000195c8c36240_0 .net/2u *"_ivl_4", 5 0, L_00000195c8c7e870;  1 drivers
v00000195c8c36100_0 .net *"_ivl_6", 0 0, L_00000195c8cd67f0;  1 drivers
L_00000195c8cd64d0 .concat [ 5 1 0 0], L_00000195c8c74870, L_00000195c8c7e828;
L_00000195c8cd67f0 .cmp/eq 6, L_00000195c8cd64d0, L_00000195c8c7e870;
S_00000195c8c45740 .scope generate, "gen_for_dec_5_32[11]" "gen_for_dec_5_32[11]" 9 7, 9 7 0, S_00000195c8c44480;
 .timescale 0 0;
P_00000195c8675e10 .param/l "i" 0 9 7, +C4<01011>;
v00000195c8c362e0_0 .net *"_ivl_0", 5 0, L_00000195c8cd5f30;  1 drivers
L_00000195c8c7e8b8 .functor BUFT 1, C4<0>, C4<0>, C4<0>, C4<0>;
v00000195c8c370a0_0 .net *"_ivl_3", 0 0, L_00000195c8c7e8b8;  1 drivers
L_00000195c8c7e900 .functor BUFT 1, C4<001011>, C4<0>, C4<0>, C4<0>;
v00000195c8c550d0_0 .net/2u *"_ivl_4", 5 0, L_00000195c8c7e900;  1 drivers
v00000195c8c53f50_0 .net *"_ivl_6", 0 0, L_00000195c8cd5fd0;  1 drivers
L_00000195c8cd5f30 .concat [ 5 1 0 0], L_00000195c8c74870, L_00000195c8c7e8b8;
L_00000195c8cd5fd0 .cmp/eq 6, L_00000195c8cd5f30, L_00000195c8c7e900;
S_00000195c8c458d0 .scope generate, "gen_for_dec_5_32[12]" "gen_for_dec_5_32[12]" 9 7, 9 7 0, S_00000195c8c44480;
 .timescale 0 0;
P_00000195c8675f50 .param/l "i" 0 9 7, +C4<01100>;
v00000195c8c54db0_0 .net *"_ivl_0", 5 0, L_00000195c8cd6570;  1 drivers
L_00000195c8c7e948 .functor BUFT 1, C4<0>, C4<0>, C4<0>, C4<0>;
v00000195c8c55210_0 .net *"_ivl_3", 0 0, L_00000195c8c7e948;  1 drivers
L_00000195c8c7e990 .functor BUFT 1, C4<001100>, C4<0>, C4<0>, C4<0>;
v00000195c8c557b0_0 .net/2u *"_ivl_4", 5 0, L_00000195c8c7e990;  1 drivers
v00000195c8c53af0_0 .net *"_ivl_6", 0 0, L_00000195c8cd6890;  1 drivers
L_00000195c8cd6570 .concat [ 5 1 0 0], L_00000195c8c74870, L_00000195c8c7e948;
L_00000195c8cd6890 .cmp/eq 6, L_00000195c8cd6570, L_00000195c8c7e990;
S_00000195c8c45a60 .scope generate, "gen_for_dec_5_32[13]" "gen_for_dec_5_32[13]" 9 7, 9 7 0, S_00000195c8c44480;
 .timescale 0 0;
P_00000195c8675f90 .param/l "i" 0 9 7, +C4<01101>;
v00000195c8c53ff0_0 .net *"_ivl_0", 5 0, L_00000195c8cd6610;  1 drivers
L_00000195c8c7e9d8 .functor BUFT 1, C4<0>, C4<0>, C4<0>, C4<0>;
v00000195c8c546d0_0 .net *"_ivl_3", 0 0, L_00000195c8c7e9d8;  1 drivers
L_00000195c8c7ea20 .functor BUFT 1, C4<001101>, C4<0>, C4<0>, C4<0>;
v00000195c8c54590_0 .net/2u *"_ivl_4", 5 0, L_00000195c8c7ea20;  1 drivers
v00000195c8c54f90_0 .net *"_ivl_6", 0 0, L_00000195c8cd8190;  1 drivers
L_00000195c8cd6610 .concat [ 5 1 0 0], L_00000195c8c74870, L_00000195c8c7e9d8;
L_00000195c8cd8190 .cmp/eq 6, L_00000195c8cd6610, L_00000195c8c7ea20;
S_00000195c8c57a90 .scope generate, "gen_for_dec_5_32[14]" "gen_for_dec_5_32[14]" 9 7, 9 7 0, S_00000195c8c44480;
 .timescale 0 0;
P_00000195c8676190 .param/l "i" 0 9 7, +C4<01110>;
v00000195c8c55030_0 .net *"_ivl_0", 5 0, L_00000195c8cd7470;  1 drivers
L_00000195c8c7ea68 .functor BUFT 1, C4<0>, C4<0>, C4<0>, C4<0>;
v00000195c8c55490_0 .net *"_ivl_3", 0 0, L_00000195c8c7ea68;  1 drivers
L_00000195c8c7eab0 .functor BUFT 1, C4<001110>, C4<0>, C4<0>, C4<0>;
v00000195c8c54810_0 .net/2u *"_ivl_4", 5 0, L_00000195c8c7eab0;  1 drivers
v00000195c8c54090_0 .net *"_ivl_6", 0 0, L_00000195c8cd66b0;  1 drivers
L_00000195c8cd7470 .concat [ 5 1 0 0], L_00000195c8c74870, L_00000195c8c7ea68;
L_00000195c8cd66b0 .cmp/eq 6, L_00000195c8cd7470, L_00000195c8c7eab0;
S_00000195c8c56c80 .scope generate, "gen_for_dec_5_32[15]" "gen_for_dec_5_32[15]" 9 7, 9 7 0, S_00000195c8c44480;
 .timescale 0 0;
P_00000195c86761d0 .param/l "i" 0 9 7, +C4<01111>;
v00000195c8c55850_0 .net *"_ivl_0", 5 0, L_00000195c8cd5c10;  1 drivers
L_00000195c8c7eaf8 .functor BUFT 1, C4<0>, C4<0>, C4<0>, C4<0>;
v00000195c8c53690_0 .net *"_ivl_3", 0 0, L_00000195c8c7eaf8;  1 drivers
L_00000195c8c7eb40 .functor BUFT 1, C4<001111>, C4<0>, C4<0>, C4<0>;
v00000195c8c54e50_0 .net/2u *"_ivl_4", 5 0, L_00000195c8c7eb40;  1 drivers
v00000195c8c54ef0_0 .net *"_ivl_6", 0 0, L_00000195c8cd6250;  1 drivers
L_00000195c8cd5c10 .concat [ 5 1 0 0], L_00000195c8c74870, L_00000195c8c7eaf8;
L_00000195c8cd6250 .cmp/eq 6, L_00000195c8cd5c10, L_00000195c8c7eb40;
S_00000195c8c57c20 .scope generate, "gen_for_dec_5_32[16]" "gen_for_dec_5_32[16]" 9 7, 9 7 0, S_00000195c8c44480;
 .timescale 0 0;
P_00000195c8676290 .param/l "i" 0 9 7, +C4<010000>;
v00000195c8c532d0_0 .net *"_ivl_0", 6 0, L_00000195c8cd6750;  1 drivers
L_00000195c8c7eb88 .functor BUFT 1, C4<00>, C4<0>, C4<0>, C4<0>;
v00000195c8c55670_0 .net *"_ivl_3", 1 0, L_00000195c8c7eb88;  1 drivers
L_00000195c8c7ebd0 .functor BUFT 1, C4<0010000>, C4<0>, C4<0>, C4<0>;
v00000195c8c54770_0 .net/2u *"_ivl_4", 6 0, L_00000195c8c7ebd0;  1 drivers
v00000195c8c54b30_0 .net *"_ivl_6", 0 0, L_00000195c8cd71f0;  1 drivers
L_00000195c8cd6750 .concat [ 5 2 0 0], L_00000195c8c74870, L_00000195c8c7eb88;
L_00000195c8cd71f0 .cmp/eq 7, L_00000195c8cd6750, L_00000195c8c7ebd0;
S_00000195c8c57db0 .scope generate, "gen_for_dec_5_32[17]" "gen_for_dec_5_32[17]" 9 7, 9 7 0, S_00000195c8c44480;
 .timescale 0 0;
P_00000195c86787d0 .param/l "i" 0 9 7, +C4<010001>;
v00000195c8c53cd0_0 .net *"_ivl_0", 6 0, L_00000195c8cd70b0;  1 drivers
L_00000195c8c7ec18 .functor BUFT 1, C4<00>, C4<0>, C4<0>, C4<0>;
v00000195c8c53eb0_0 .net *"_ivl_3", 1 0, L_00000195c8c7ec18;  1 drivers
L_00000195c8c7ec60 .functor BUFT 1, C4<0010001>, C4<0>, C4<0>, C4<0>;
v00000195c8c54130_0 .net/2u *"_ivl_4", 6 0, L_00000195c8c7ec60;  1 drivers
v00000195c8c558f0_0 .net *"_ivl_6", 0 0, L_00000195c8cd6ed0;  1 drivers
L_00000195c8cd70b0 .concat [ 5 2 0 0], L_00000195c8c74870, L_00000195c8c7ec18;
L_00000195c8cd6ed0 .cmp/eq 7, L_00000195c8cd70b0, L_00000195c8c7ec60;
S_00000195c8c57450 .scope generate, "gen_for_dec_5_32[18]" "gen_for_dec_5_32[18]" 9 7, 9 7 0, S_00000195c8c44480;
 .timescale 0 0;
P_00000195c8678810 .param/l "i" 0 9 7, +C4<010010>;
v00000195c8c55530_0 .net *"_ivl_0", 6 0, L_00000195c8cd7150;  1 drivers
L_00000195c8c7eca8 .functor BUFT 1, C4<00>, C4<0>, C4<0>, C4<0>;
v00000195c8c541d0_0 .net *"_ivl_3", 1 0, L_00000195c8c7eca8;  1 drivers
L_00000195c8c7ecf0 .functor BUFT 1, C4<0010010>, C4<0>, C4<0>, C4<0>;
v00000195c8c53c30_0 .net/2u *"_ivl_4", 6 0, L_00000195c8c7ecf0;  1 drivers
v00000195c8c55170_0 .net *"_ivl_6", 0 0, L_00000195c8cd5cb0;  1 drivers
L_00000195c8cd7150 .concat [ 5 2 0 0], L_00000195c8c74870, L_00000195c8c7eca8;
L_00000195c8cd5cb0 .cmp/eq 7, L_00000195c8cd7150, L_00000195c8c7ecf0;
S_00000195c8c57f40 .scope generate, "gen_for_dec_5_32[19]" "gen_for_dec_5_32[19]" 9 7, 9 7 0, S_00000195c8c44480;
 .timescale 0 0;
P_00000195c8677dd0 .param/l "i" 0 9 7, +C4<010011>;
v00000195c8c54a90_0 .net *"_ivl_0", 6 0, L_00000195c8cd7010;  1 drivers
L_00000195c8c7ed38 .functor BUFT 1, C4<00>, C4<0>, C4<0>, C4<0>;
v00000195c8c54450_0 .net *"_ivl_3", 1 0, L_00000195c8c7ed38;  1 drivers
L_00000195c8c7ed80 .functor BUFT 1, C4<0010011>, C4<0>, C4<0>, C4<0>;
v00000195c8c54270_0 .net/2u *"_ivl_4", 6 0, L_00000195c8c7ed80;  1 drivers
v00000195c8c552b0_0 .net *"_ivl_6", 0 0, L_00000195c8cd7b50;  1 drivers
L_00000195c8cd7010 .concat [ 5 2 0 0], L_00000195c8c74870, L_00000195c8c7ed38;
L_00000195c8cd7b50 .cmp/eq 7, L_00000195c8cd7010, L_00000195c8c7ed80;
S_00000195c8c564b0 .scope generate, "gen_for_dec_5_32[20]" "gen_for_dec_5_32[20]" 9 7, 9 7 0, S_00000195c8c44480;
 .timescale 0 0;
P_00000195c8677ad0 .param/l "i" 0 9 7, +C4<010100>;
v00000195c8c548b0_0 .net *"_ivl_0", 6 0, L_00000195c8cd6930;  1 drivers
L_00000195c8c7edc8 .functor BUFT 1, C4<00>, C4<0>, C4<0>, C4<0>;
v00000195c8c553f0_0 .net *"_ivl_3", 1 0, L_00000195c8c7edc8;  1 drivers
L_00000195c8c7ee10 .functor BUFT 1, C4<0010100>, C4<0>, C4<0>, C4<0>;
v00000195c8c549f0_0 .net/2u *"_ivl_4", 6 0, L_00000195c8c7ee10;  1 drivers
v00000195c8c544f0_0 .net *"_ivl_6", 0 0, L_00000195c8cd6070;  1 drivers
L_00000195c8cd6930 .concat [ 5 2 0 0], L_00000195c8c74870, L_00000195c8c7edc8;
L_00000195c8cd6070 .cmp/eq 7, L_00000195c8cd6930, L_00000195c8c7ee10;
S_00000195c8c57770 .scope generate, "gen_for_dec_5_32[21]" "gen_for_dec_5_32[21]" 9 7, 9 7 0, S_00000195c8c44480;
 .timescale 0 0;
P_00000195c86784d0 .param/l "i" 0 9 7, +C4<010101>;
v00000195c8c53e10_0 .net *"_ivl_0", 6 0, L_00000195c8cd5d50;  1 drivers
L_00000195c8c7ee58 .functor BUFT 1, C4<00>, C4<0>, C4<0>, C4<0>;
v00000195c8c54310_0 .net *"_ivl_3", 1 0, L_00000195c8c7ee58;  1 drivers
L_00000195c8c7eea0 .functor BUFT 1, C4<0010101>, C4<0>, C4<0>, C4<0>;
v00000195c8c54630_0 .net/2u *"_ivl_4", 6 0, L_00000195c8c7eea0;  1 drivers
v00000195c8c55350_0 .net *"_ivl_6", 0 0, L_00000195c8cd69d0;  1 drivers
L_00000195c8cd5d50 .concat [ 5 2 0 0], L_00000195c8c74870, L_00000195c8c7ee58;
L_00000195c8cd69d0 .cmp/eq 7, L_00000195c8cd5d50, L_00000195c8c7eea0;
S_00000195c8c56e10 .scope generate, "gen_for_dec_5_32[22]" "gen_for_dec_5_32[22]" 9 7, 9 7 0, S_00000195c8c44480;
 .timescale 0 0;
P_00000195c8678890 .param/l "i" 0 9 7, +C4<010110>;
v00000195c8c53190_0 .net *"_ivl_0", 6 0, L_00000195c8cd6110;  1 drivers
L_00000195c8c7eee8 .functor BUFT 1, C4<00>, C4<0>, C4<0>, C4<0>;
v00000195c8c543b0_0 .net *"_ivl_3", 1 0, L_00000195c8c7eee8;  1 drivers
L_00000195c8c7ef30 .functor BUFT 1, C4<0010110>, C4<0>, C4<0>, C4<0>;
v00000195c8c555d0_0 .net/2u *"_ivl_4", 6 0, L_00000195c8c7ef30;  1 drivers
v00000195c8c534b0_0 .net *"_ivl_6", 0 0, L_00000195c8cd5e90;  1 drivers
L_00000195c8cd6110 .concat [ 5 2 0 0], L_00000195c8c74870, L_00000195c8c7eee8;
L_00000195c8cd5e90 .cmp/eq 7, L_00000195c8cd6110, L_00000195c8c7ef30;
S_00000195c8c56320 .scope generate, "gen_for_dec_5_32[23]" "gen_for_dec_5_32[23]" 9 7, 9 7 0, S_00000195c8c44480;
 .timescale 0 0;
P_00000195c8678510 .param/l "i" 0 9 7, +C4<010111>;
v00000195c8c55710_0 .net *"_ivl_0", 6 0, L_00000195c8cd7dd0;  1 drivers
L_00000195c8c7ef78 .functor BUFT 1, C4<00>, C4<0>, C4<0>, C4<0>;
v00000195c8c53b90_0 .net *"_ivl_3", 1 0, L_00000195c8c7ef78;  1 drivers
L_00000195c8c7efc0 .functor BUFT 1, C4<0010111>, C4<0>, C4<0>, C4<0>;
v00000195c8c54950_0 .net/2u *"_ivl_4", 6 0, L_00000195c8c7efc0;  1 drivers
v00000195c8c53230_0 .net *"_ivl_6", 0 0, L_00000195c8cd8050;  1 drivers
L_00000195c8cd7dd0 .concat [ 5 2 0 0], L_00000195c8c74870, L_00000195c8c7ef78;
L_00000195c8cd8050 .cmp/eq 7, L_00000195c8cd7dd0, L_00000195c8c7efc0;
S_00000195c8c56640 .scope generate, "gen_for_dec_5_32[24]" "gen_for_dec_5_32[24]" 9 7, 9 7 0, S_00000195c8c44480;
 .timescale 0 0;
P_00000195c8678290 .param/l "i" 0 9 7, +C4<011000>;
v00000195c8c53730_0 .net *"_ivl_0", 6 0, L_00000195c8cd5a30;  1 drivers
L_00000195c8c7f008 .functor BUFT 1, C4<00>, C4<0>, C4<0>, C4<0>;
v00000195c8c537d0_0 .net *"_ivl_3", 1 0, L_00000195c8c7f008;  1 drivers
L_00000195c8c7f050 .functor BUFT 1, C4<0011000>, C4<0>, C4<0>, C4<0>;
v00000195c8c53370_0 .net/2u *"_ivl_4", 6 0, L_00000195c8c7f050;  1 drivers
v00000195c8c53d70_0 .net *"_ivl_6", 0 0, L_00000195c8cd6a70;  1 drivers
L_00000195c8cd5a30 .concat [ 5 2 0 0], L_00000195c8c74870, L_00000195c8c7f008;
L_00000195c8cd6a70 .cmp/eq 7, L_00000195c8cd5a30, L_00000195c8c7f050;
S_00000195c8c56190 .scope generate, "gen_for_dec_5_32[25]" "gen_for_dec_5_32[25]" 9 7, 9 7 0, S_00000195c8c44480;
 .timescale 0 0;
P_00000195c86781d0 .param/l "i" 0 9 7, +C4<011001>;
v00000195c8c53410_0 .net *"_ivl_0", 6 0, L_00000195c8cd7fb0;  1 drivers
L_00000195c8c7f098 .functor BUFT 1, C4<00>, C4<0>, C4<0>, C4<0>;
v00000195c8c53550_0 .net *"_ivl_3", 1 0, L_00000195c8c7f098;  1 drivers
L_00000195c8c7f0e0 .functor BUFT 1, C4<0011001>, C4<0>, C4<0>, C4<0>;
v00000195c8c54bd0_0 .net/2u *"_ivl_4", 6 0, L_00000195c8c7f0e0;  1 drivers
v00000195c8c535f0_0 .net *"_ivl_6", 0 0, L_00000195c8cd7830;  1 drivers
L_00000195c8cd7fb0 .concat [ 5 2 0 0], L_00000195c8c74870, L_00000195c8c7f098;
L_00000195c8cd7830 .cmp/eq 7, L_00000195c8cd7fb0, L_00000195c8c7f0e0;
S_00000195c8c567d0 .scope generate, "gen_for_dec_5_32[26]" "gen_for_dec_5_32[26]" 9 7, 9 7 0, S_00000195c8c44480;
 .timescale 0 0;
P_00000195c86788d0 .param/l "i" 0 9 7, +C4<011010>;
v00000195c8c53870_0 .net *"_ivl_0", 6 0, L_00000195c8cd6f70;  1 drivers
L_00000195c8c7f128 .functor BUFT 1, C4<00>, C4<0>, C4<0>, C4<0>;
v00000195c8c54c70_0 .net *"_ivl_3", 1 0, L_00000195c8c7f128;  1 drivers
L_00000195c8c7f170 .functor BUFT 1, C4<0011010>, C4<0>, C4<0>, C4<0>;
v00000195c8c53910_0 .net/2u *"_ivl_4", 6 0, L_00000195c8c7f170;  1 drivers
v00000195c8c539b0_0 .net *"_ivl_6", 0 0, L_00000195c8cd78d0;  1 drivers
L_00000195c8cd6f70 .concat [ 5 2 0 0], L_00000195c8c74870, L_00000195c8c7f128;
L_00000195c8cd78d0 .cmp/eq 7, L_00000195c8cd6f70, L_00000195c8c7f170;
S_00000195c8c57900 .scope generate, "gen_for_dec_5_32[27]" "gen_for_dec_5_32[27]" 9 7, 9 7 0, S_00000195c8c44480;
 .timescale 0 0;
P_00000195c8677b90 .param/l "i" 0 9 7, +C4<011011>;
v00000195c8c54d10_0 .net *"_ivl_0", 6 0, L_00000195c8cd61b0;  1 drivers
L_00000195c8c7f1b8 .functor BUFT 1, C4<00>, C4<0>, C4<0>, C4<0>;
v00000195c8c53a50_0 .net *"_ivl_3", 1 0, L_00000195c8c7f1b8;  1 drivers
L_00000195c8c7f200 .functor BUFT 1, C4<0011011>, C4<0>, C4<0>, C4<0>;
v00000195c8c55cb0_0 .net/2u *"_ivl_4", 6 0, L_00000195c8c7f200;  1 drivers
v00000195c8c55b70_0 .net *"_ivl_6", 0 0, L_00000195c8cd62f0;  1 drivers
L_00000195c8cd61b0 .concat [ 5 2 0 0], L_00000195c8c74870, L_00000195c8c7f1b8;
L_00000195c8cd62f0 .cmp/eq 7, L_00000195c8cd61b0, L_00000195c8c7f200;
S_00000195c8c56af0 .scope generate, "gen_for_dec_5_32[28]" "gen_for_dec_5_32[28]" 9 7, 9 7 0, S_00000195c8c44480;
 .timescale 0 0;
P_00000195c8677c50 .param/l "i" 0 9 7, +C4<011100>;
v00000195c8c56070_0 .net *"_ivl_0", 6 0, L_00000195c8cd5b70;  1 drivers
L_00000195c8c7f248 .functor BUFT 1, C4<00>, C4<0>, C4<0>, C4<0>;
v00000195c8c55990_0 .net *"_ivl_3", 1 0, L_00000195c8c7f248;  1 drivers
L_00000195c8c7f290 .functor BUFT 1, C4<0011100>, C4<0>, C4<0>, C4<0>;
v00000195c8c55c10_0 .net/2u *"_ivl_4", 6 0, L_00000195c8c7f290;  1 drivers
v00000195c8c55d50_0 .net *"_ivl_6", 0 0, L_00000195c8cd7330;  1 drivers
L_00000195c8cd5b70 .concat [ 5 2 0 0], L_00000195c8c74870, L_00000195c8c7f248;
L_00000195c8cd7330 .cmp/eq 7, L_00000195c8cd5b70, L_00000195c8c7f290;
S_00000195c8c56960 .scope generate, "gen_for_dec_5_32[29]" "gen_for_dec_5_32[29]" 9 7, 9 7 0, S_00000195c8c44480;
 .timescale 0 0;
P_00000195c8b57a60 .param/l "i" 0 9 7, +C4<011101>;
v00000195c8c55fd0_0 .net *"_ivl_0", 6 0, L_00000195c8cd80f0;  1 drivers
L_00000195c8c7f2d8 .functor BUFT 1, C4<00>, C4<0>, C4<0>, C4<0>;
v00000195c8c55df0_0 .net *"_ivl_3", 1 0, L_00000195c8c7f2d8;  1 drivers
L_00000195c8c7f320 .functor BUFT 1, C4<0011101>, C4<0>, C4<0>, C4<0>;
v00000195c8c55e90_0 .net/2u *"_ivl_4", 6 0, L_00000195c8c7f320;  1 drivers
v00000195c8c55f30_0 .net *"_ivl_6", 0 0, L_00000195c8cd7bf0;  1 drivers
L_00000195c8cd80f0 .concat [ 5 2 0 0], L_00000195c8c74870, L_00000195c8c7f2d8;
L_00000195c8cd7bf0 .cmp/eq 7, L_00000195c8cd80f0, L_00000195c8c7f320;
S_00000195c8c56fa0 .scope generate, "gen_for_dec_5_32[30]" "gen_for_dec_5_32[30]" 9 7, 9 7 0, S_00000195c8c44480;
 .timescale 0 0;
P_00000195c8b57e60 .param/l "i" 0 9 7, +C4<011110>;
v00000195c8c55a30_0 .net *"_ivl_0", 6 0, L_00000195c8cd76f0;  1 drivers
L_00000195c8c7f368 .functor BUFT 1, C4<00>, C4<0>, C4<0>, C4<0>;
v00000195c8c55ad0_0 .net *"_ivl_3", 1 0, L_00000195c8c7f368;  1 drivers
L_00000195c8c7f3b0 .functor BUFT 1, C4<0011110>, C4<0>, C4<0>, C4<0>;
v00000195c8c4fbd0_0 .net/2u *"_ivl_4", 6 0, L_00000195c8c7f3b0;  1 drivers
v00000195c8c4eaf0_0 .net *"_ivl_6", 0 0, L_00000195c8cd6b10;  1 drivers
L_00000195c8cd76f0 .concat [ 5 2 0 0], L_00000195c8c74870, L_00000195c8c7f368;
L_00000195c8cd6b10 .cmp/eq 7, L_00000195c8cd76f0, L_00000195c8c7f3b0;
S_00000195c8c57130 .scope generate, "gen_for_dec_5_32[31]" "gen_for_dec_5_32[31]" 9 7, 9 7 0, S_00000195c8c44480;
 .timescale 0 0;
P_00000195c8b57260 .param/l "i" 0 9 7, +C4<011111>;
v00000195c8c4f590_0 .net *"_ivl_0", 6 0, L_00000195c8cd6bb0;  1 drivers
L_00000195c8c7f3f8 .functor BUFT 1, C4<00>, C4<0>, C4<0>, C4<0>;
v00000195c8c4ff90_0 .net *"_ivl_3", 1 0, L_00000195c8c7f3f8;  1 drivers
L_00000195c8c7f440 .functor BUFT 1, C4<0011111>, C4<0>, C4<0>, C4<0>;
v00000195c8c4f3b0_0 .net/2u *"_ivl_4", 6 0, L_00000195c8c7f440;  1 drivers
v00000195c8c4e5f0_0 .net *"_ivl_6", 0 0, L_00000195c8cd7d30;  1 drivers
L_00000195c8cd6bb0 .concat [ 5 2 0 0], L_00000195c8c74870, L_00000195c8c7f3f8;
L_00000195c8cd7d30 .cmp/eq 7, L_00000195c8cd6bb0, L_00000195c8c7f440;
S_00000195c8c572c0 .scope module, "u_divs" "div_signed" 3 730, 10 4 0, S_00000195c868dc80;
 .timescale 0 0;
    .port_info 0 /INPUT 1 "aclk";
    .port_info 1 /INPUT 1 "s_axis_divisor_tvalid";
    .port_info 2 /OUTPUT 1 "s_axis_divisor_tready";
    .port_info 3 /INPUT 32 "s_axis_divisor_tdata";
    .port_info 4 /INPUT 1 "s_axis_dividend_tvalid";
    .port_info 5 /OUTPUT 1 "s_axis_dividend_tready";
    .port_info 6 /INPUT 32 "s_axis_dividend_tdata";
    .port_info 7 /OUTPUT 1 "m_axis_dout_tvalid";
    .port_info 8 /OUTPUT 64 "m_axis_dout_tdata";
P_00000195c8b57320 .param/l "LATENCY" 1 10 16, +C4<00000000000000000000000000001000>;
L_00000195c8d0d6f0 .functor NOT 1, v00000195c8c50170_0, C4<0>, C4<0>, C4<0>;
L_00000195c8d0d8b0 .functor NOT 1, v00000195c8c50170_0, C4<0>, C4<0>, C4<0>;
L_00000195c8d0db50 .functor NOT 1, v00000195c8c50170_0, C4<0>, C4<0>, C4<0>;
L_00000195c8d0d140 .functor AND 1, L_00000195c8d0db50, L_00000195c8d0d4c0, C4<1>, C4<1>;
L_00000195c8d0cea0 .functor AND 1, L_00000195c8d0d140, L_00000195c8d0d7d0, C4<1>, C4<1>;
L_00000195c8d0dbc0 .functor AND 1, L_00000195c8d29890, L_00000195c8d29070, C4<1>, C4<1>;
L_00000195c8c80328 .functor BUFT 1, C4<00000000000000000000000000000000>, C4<0>, C4<0>, C4<0>;
v00000195c8c4fc70_0 .net/2s *"_ivl_10", 31 0, L_00000195c8c80328;  1 drivers
L_00000195c8c80370 .functor BUFT 1, C4<10000000000000000000000000000000>, C4<0>, C4<0>, C4<0>;
v00000195c8c4f4f0_0 .net/2s *"_ivl_14", 31 0, L_00000195c8c80370;  1 drivers
v00000195c8c4e690_0 .net *"_ivl_16", 0 0, L_00000195c8d29890;  1 drivers
L_00000195c8c803b8 .functor BUFT 1, C4<11111111111111111111111111111111>, C4<0>, C4<0>, C4<0>;
v00000195c8c4e370_0 .net/2s *"_ivl_18", 31 0, L_00000195c8c803b8;  1 drivers
v00000195c8c4fe50_0 .net *"_ivl_20", 0 0, L_00000195c8d29070;  1 drivers
L_00000195c8c80400 .functor BUFT 1, C4<11111111111111111111111111111111>, C4<0>, C4<0>, C4<0>;
v00000195c8c4e910_0 .net/2s *"_ivl_24", 31 0, L_00000195c8c80400;  1 drivers
v00000195c8c4eb90_0 .net/s *"_ivl_26", 31 0, L_00000195c8d28f30;  1 drivers
v00000195c8c50350_0 .net *"_ivl_28", 31 0, L_00000195c8d299d0;  1 drivers
L_00000195c8c80448 .functor BUFT 1, C4<00000000000000000000000000000000>, C4<0>, C4<0>, C4<0>;
v00000195c8c503f0_0 .net/2s *"_ivl_32", 31 0, L_00000195c8c80448;  1 drivers
v00000195c8c50530_0 .net/s *"_ivl_34", 31 0, L_00000195c8d28cb0;  1 drivers
v00000195c8c507b0_0 .net *"_ivl_36", 31 0, L_00000195c8d29a70;  1 drivers
v00000195c8c50210_0 .net *"_ivl_4", 0 0, L_00000195c8d0db50;  1 drivers
v00000195c8c508f0_0 .net *"_ivl_7", 0 0, L_00000195c8d0d140;  1 drivers
v00000195c8c4e190_0 .net "accept", 0 0, L_00000195c8d0cea0;  1 drivers
v00000195c8c4f950_0 .net "aclk", 0 0, o00000195c8be17f8;  alias, 0 drivers
v00000195c8c50170_0 .var "busy", 0 0;
v00000195c8c505d0_0 .var "cnt", 7 0;
v00000195c8c4ec30_0 .var/s "dividend_r", 31 0;
v00000195c8c4f450_0 .net "divisor_is_zero", 0 0, L_00000195c8d28990;  1 drivers
v00000195c8c4e410_0 .var/s "divisor_r", 31 0;
v00000195c8c4f770_0 .var "m_axis_dout_tdata", 63 0;
v00000195c8c50670_0 .var "m_axis_dout_tvalid", 0 0;
v00000195c8c4f6d0_0 .net "overflow_case", 0 0, L_00000195c8d0dbc0;  1 drivers
v00000195c8c4e4b0_0 .net/s "quot_s", 31 0, L_00000195c8d2ab50;  1 drivers
v00000195c8c50710_0 .net/s "rem_s", 31 0, L_00000195c8d2a1f0;  1 drivers
v00000195c8c502b0_0 .net "s_axis_dividend_tdata", 31 0, v00000195c8c6b9f0_0;  1 drivers
v00000195c8c4f9f0_0 .net "s_axis_dividend_tready", 0 0, L_00000195c8d0d8b0;  alias, 1 drivers
v00000195c8c4f630_0 .net "s_axis_dividend_tvalid", 0 0, L_00000195c8d0d7d0;  1 drivers
v00000195c8c4f810_0 .net "s_axis_divisor_tdata", 31 0, v00000195c8c6dbb0_0;  1 drivers
v00000195c8c50850_0 .net "s_axis_divisor_tready", 0 0, L_00000195c8d0d6f0;  alias, 1 drivers
v00000195c8c4fef0_0 .net "s_axis_divisor_tvalid", 0 0, L_00000195c8d0d4c0;  1 drivers
L_00000195c8d28990 .cmp/eq 32, v00000195c8c4e410_0, L_00000195c8c80328;
L_00000195c8d29890 .cmp/eq 32, v00000195c8c4ec30_0, L_00000195c8c80370;
L_00000195c8d29070 .cmp/eq 32, v00000195c8c4e410_0, L_00000195c8c803b8;
L_00000195c8d28f30 .arith/div.s 32, v00000195c8c4ec30_0, v00000195c8c4e410_0;
L_00000195c8d299d0 .functor MUXZ 32, L_00000195c8d28f30, v00000195c8c4ec30_0, L_00000195c8d0dbc0, C4<>;
L_00000195c8d2ab50 .functor MUXZ 32, L_00000195c8d299d0, L_00000195c8c80400, L_00000195c8d28990, C4<>;
L_00000195c8d28cb0 .arith/mod.s 32, v00000195c8c4ec30_0, v00000195c8c4e410_0;
L_00000195c8d29a70 .functor MUXZ 32, L_00000195c8d28cb0, L_00000195c8c80448, L_00000195c8d0dbc0, C4<>;
L_00000195c8d2a1f0 .functor MUXZ 32, L_00000195c8d29a70, v00000195c8c4ec30_0, L_00000195c8d28990, C4<>;
S_00000195c8c575e0 .scope module, "u_divu" "div_unsigned" 3 718, 11 4 0, S_00000195c868dc80;
 .timescale 0 0;
    .port_info 0 /INPUT 1 "aclk";
    .port_info 1 /INPUT 1 "s_axis_divisor_tvalid";
    .port_info 2 /OUTPUT 1 "s_axis_divisor_tready";
    .port_info 3 /INPUT 32 "s_axis_divisor_tdata";
    .port_info 4 /INPUT 1 "s_axis_dividend_tvalid";
    .port_info 5 /OUTPUT 1 "s_axis_dividend_tready";
    .port_info 6 /INPUT 32 "s_axis_dividend_tdata";
    .port_info 7 /OUTPUT 1 "m_axis_dout_tvalid";
    .port_info 8 /OUTPUT 64 "m_axis_dout_tdata";
P_00000195c8b576a0 .param/l "LATENCY" 1 11 16, +C4<00000000000000000000000000001000>;
L_00000195c8d0c9d0 .functor NOT 1, v00000195c8c4f130_0, C4<0>, C4<0>, C4<0>;
L_00000195c8d0d760 .functor NOT 1, v00000195c8c4f130_0, C4<0>, C4<0>, C4<0>;
L_00000195c8d0c960 .functor NOT 1, v00000195c8c4f130_0, C4<0>, C4<0>, C4<0>;
L_00000195c8d0d680 .functor AND 1, L_00000195c8d0c960, L_00000195c8d0cc70, C4<1>, C4<1>;
L_00000195c8d0dd10 .functor AND 1, L_00000195c8d0d680, L_00000195c8d0ca40, C4<1>, C4<1>;
L_00000195c8c80250 .functor BUFT 1, C4<00000000000000000000000000000000>, C4<0>, C4<0>, C4<0>;
v00000195c8c4f8b0_0 .net/2u *"_ivl_10", 31 0, L_00000195c8c80250;  1 drivers
v00000195c8c4fb30_0 .net *"_ivl_12", 0 0, L_00000195c8d28c10;  1 drivers
L_00000195c8c80298 .functor BUFT 1, C4<11111111111111111111111111111111>, C4<0>, C4<0>, C4<0>;
v00000195c8c4e230_0 .net/2u *"_ivl_14", 31 0, L_00000195c8c80298;  1 drivers
v00000195c8c4fa90_0 .net *"_ivl_16", 31 0, L_00000195c8d2a0b0;  1 drivers
L_00000195c8c802e0 .functor BUFT 1, C4<00000000000000000000000000000000>, C4<0>, C4<0>, C4<0>;
v00000195c8c4fd10_0 .net/2u *"_ivl_20", 31 0, L_00000195c8c802e0;  1 drivers
v00000195c8c4ed70_0 .net *"_ivl_22", 0 0, L_00000195c8d29750;  1 drivers
v00000195c8c4fdb0_0 .net *"_ivl_24", 31 0, L_00000195c8d2a150;  1 drivers
v00000195c8c4ef50_0 .net *"_ivl_4", 0 0, L_00000195c8d0c960;  1 drivers
v00000195c8c4e2d0_0 .net *"_ivl_7", 0 0, L_00000195c8d0d680;  1 drivers
v00000195c8c4eff0_0 .net "accept", 0 0, L_00000195c8d0dd10;  1 drivers
v00000195c8c4f090_0 .net "aclk", 0 0, o00000195c8be17f8;  alias, 0 drivers
v00000195c8c4f130_0 .var "busy", 0 0;
v00000195c8c4f1d0_0 .var "cnt", 7 0;
v00000195c8c4f270_0 .var "dividend_r", 31 0;
v00000195c8c4e550_0 .var "divisor_r", 31 0;
v00000195c8c4e730_0 .var "m_axis_dout_tdata", 63 0;
v00000195c8c4e7d0_0 .var "m_axis_dout_tvalid", 0 0;
v00000195c8c4ee10_0 .net "quot", 31 0, L_00000195c8d28df0;  1 drivers
v00000195c8c4f310_0 .net "rem", 31 0, L_00000195c8d29430;  1 drivers
v00000195c8c4e870_0 .net "s_axis_dividend_tdata", 31 0, v00000195c8c6b9f0_0;  alias, 1 drivers
v00000195c8c4e9b0_0 .net "s_axis_dividend_tready", 0 0, L_00000195c8d0d760;  alias, 1 drivers
v00000195c8c4ea50_0 .net "s_axis_dividend_tvalid", 0 0, L_00000195c8d0ca40;  1 drivers
v00000195c8c4eeb0_0 .net "s_axis_divisor_tdata", 31 0, v00000195c8c6dbb0_0;  alias, 1 drivers
v00000195c8c52510_0 .net "s_axis_divisor_tready", 0 0, L_00000195c8d0c9d0;  alias, 1 drivers
v00000195c8c52010_0 .net "s_axis_divisor_tvalid", 0 0, L_00000195c8d0cc70;  1 drivers
L_00000195c8d28c10 .cmp/eq 32, v00000195c8c4e550_0, L_00000195c8c80250;
L_00000195c8d2a0b0 .arith/div 32, v00000195c8c4f270_0, v00000195c8c4e550_0;
L_00000195c8d28df0 .functor MUXZ 32, L_00000195c8d2a0b0, L_00000195c8c80298, L_00000195c8d28c10, C4<>;
L_00000195c8d29750 .cmp/eq 32, v00000195c8c4e550_0, L_00000195c8c802e0;
L_00000195c8d2a150 .arith/mod 32, v00000195c8c4f270_0, v00000195c8c4e550_0;
L_00000195c8d29430 .functor MUXZ 32, L_00000195c8d2a150, v00000195c8c4f270_0, L_00000195c8d29750, C4<>;
S_00000195c8bd6b70 .scope module, "u_regfile" "regfile" 3 432, 12 1 0, S_00000195c868dc80;
 .timescale 0 0;
    .port_info 0 /INPUT 1 "clk";
    .port_info 1 /INPUT 5 "raddr1";
    .port_info 2 /OUTPUT 32 "rdata1";
    .port_info 3 /INPUT 5 "raddr2";
    .port_info 4 /OUTPUT 32 "rdata2";
    .port_info 5 /INPUT 1 "we";
    .port_info 6 /INPUT 5 "waddr";
    .port_info 7 /INPUT 32 "wdata";
L_00000195c8c7fa70 .functor BUFT 1, C4<00000>, C4<0>, C4<0>, C4<0>;
v00000195c8c52fb0_0 .net/2u *"_ivl_0", 4 0, L_00000195c8c7fa70;  1 drivers
L_00000195c8c7fb00 .functor BUFT 1, C4<00>, C4<0>, C4<0>, C4<0>;
v00000195c8c519d0_0 .net *"_ivl_11", 1 0, L_00000195c8c7fb00;  1 drivers
L_00000195c8c7fb48 .functor BUFT 1, C4<00000>, C4<0>, C4<0>, C4<0>;
v00000195c8c50f30_0 .net/2u *"_ivl_14", 4 0, L_00000195c8c7fb48;  1 drivers
v00000195c8c52a10_0 .net *"_ivl_16", 0 0, L_00000195c8cde090;  1 drivers
L_00000195c8c7fb90 .functor BUFT 1, C4<00000000000000000000000000000000>, C4<0>, C4<0>, C4<0>;
v00000195c8c51390_0 .net/2u *"_ivl_18", 31 0, L_00000195c8c7fb90;  1 drivers
v00000195c8c523d0_0 .net *"_ivl_2", 0 0, L_00000195c8cdf710;  1 drivers
v00000195c8c53050_0 .net *"_ivl_20", 31 0, L_00000195c8cddaf0;  1 drivers
v00000195c8c52bf0_0 .net *"_ivl_22", 6 0, L_00000195c8cdee50;  1 drivers
L_00000195c8c7fbd8 .functor BUFT 1, C4<00>, C4<0>, C4<0>, C4<0>;
v00000195c8c50e90_0 .net *"_ivl_25", 1 0, L_00000195c8c7fbd8;  1 drivers
L_00000195c8c7fab8 .functor BUFT 1, C4<00000000000000000000000000000000>, C4<0>, C4<0>, C4<0>;
v00000195c8c50fd0_0 .net/2u *"_ivl_4", 31 0, L_00000195c8c7fab8;  1 drivers
v00000195c8c51070_0 .net *"_ivl_6", 31 0, L_00000195c8cdd870;  1 drivers
v00000195c8c52290_0 .net *"_ivl_8", 6 0, L_00000195c8cdf850;  1 drivers
v00000195c8c51610_0 .net "clk", 0 0, o00000195c8be17f8;  alias, 0 drivers
v00000195c8c530f0_0 .net "raddr1", 4 0, L_00000195c8cf6cd0;  alias, 1 drivers
v00000195c8c51110_0 .net "raddr2", 4 0, L_00000195c8cdf670;  alias, 1 drivers
v00000195c8c50cb0_0 .net "rdata1", 31 0, L_00000195c8cdd730;  alias, 1 drivers
v00000195c8c52b50_0 .net "rdata2", 31 0, L_00000195c8cdf350;  alias, 1 drivers
v00000195c8c51e30 .array "rf", 0 31, 31 0;
v00000195c8c51570_0 .net "waddr", 4 0, L_00000195c8d0d990;  alias, 1 drivers
v00000195c8c52c90_0 .net "wdata", 31 0, L_00000195c8d0cdc0;  alias, 1 drivers
v00000195c8c52150_0 .net "we", 0 0, L_00000195c8d0c730;  alias, 1 drivers
L_00000195c8cdf710 .cmp/eq 5, L_00000195c8cf6cd0, L_00000195c8c7fa70;
L_00000195c8cdd870 .array/port v00000195c8c51e30, L_00000195c8cdf850;
L_00000195c8cdf850 .concat [ 5 2 0 0], L_00000195c8cf6cd0, L_00000195c8c7fb00;
L_00000195c8cdd730 .functor MUXZ 32, L_00000195c8cdd870, L_00000195c8c7fab8, L_00000195c8cdf710, C4<>;
L_00000195c8cde090 .cmp/eq 5, L_00000195c8cdf670, L_00000195c8c7fb48;
L_00000195c8cddaf0 .array/port v00000195c8c51e30, L_00000195c8cdee50;
L_00000195c8cdee50 .concat [ 5 2 0 0], L_00000195c8cdf670, L_00000195c8c7fbd8;
L_00000195c8cdf350 .functor MUXZ 32, L_00000195c8cddaf0, L_00000195c8c7fb90, L_00000195c8cde090, C4<>;
    .scope S_00000195c8bd6b70;
T_1 ;
    %wait E_00000195c86725d0;
    %load/vec4 v00000195c8c52150_0;
    %flag_set/vec4 8;
    %jmp/0xz  T_1.0, 8;
    %load/vec4 v00000195c8c52c90_0;
    %load/vec4 v00000195c8c51570_0;
    %pad/u 7;
    %ix/vec4 3;
    %ix/load 4, 0, 0; Constant delay
    %assign/vec4/a/d v00000195c8c51e30, 0, 4;
T_1.0 ;
    %jmp T_1;
    .thread T_1;
    .scope S_00000195c89fae30;
T_2 ;
    %wait E_00000195c86725d0;
    %load/vec4 v00000195c8c2b140_0;
    %flag_set/vec4 8;
    %jmp/0xz  T_2.0, 8;
    %pushi/vec4 8, 0, 32;
    %assign/vec4 v00000195c8b9b9b0_0, 0;
    %pushi/vec4 0, 0, 32;
    %assign/vec4 v00000195c8b2eb20_0, 0;
    %pushi/vec4 0, 0, 32;
    %assign/vec4 v00000195c8b9af10_0, 0;
    %pushi/vec4 0, 0, 32;
    %assign/vec4 v00000195c8b9b5f0_0, 0;
    %pushi/vec4 0, 0, 32;
    %assign/vec4 v00000195c8b9b550_0, 0;
    %pushi/vec4 0, 0, 32;
    %assign/vec4 v00000195c8b9beb0_0, 0;
    %pushi/vec4 469794816, 0, 32;
    %assign/vec4 v00000195c8b9b2d0_0, 0;
    %pushi/vec4 0, 0, 32;
    %assign/vec4 v00000195c8c2bf00_0, 0;
    %pushi/vec4 0, 0, 32;
    %assign/vec4 v00000195c8c2cf40_0, 0;
    %pushi/vec4 0, 0, 32;
    %assign/vec4 v00000195c8c2af60_0, 0;
    %pushi/vec4 0, 0, 32;
    %assign/vec4 v00000195c8c2ac40_0, 0;
    %pushi/vec4 0, 0, 32;
    %assign/vec4 v00000195c8c2ba00_0, 0;
    %pushi/vec4 0, 0, 32;
    %assign/vec4 v00000195c8c2b460_0, 0;
    %pushi/vec4 0, 0, 32;
    %assign/vec4 v00000195c8c2a920_0, 0;
    %pushi/vec4 0, 0, 32;
    %assign/vec4 v00000195c8c2bdc0_0, 0;
    %pushi/vec4 0, 0, 1;
    %assign/vec4 v00000195c8c2b0a0_0, 0;
    %pushi/vec4 0, 0, 1;
    %assign/vec4 v00000195c8b9ba50_0, 0;
    %jmp T_2.1;
T_2.0 ;
    %load/vec4 v00000195c8c2c400_0;
    %flag_set/vec4 8;
    %jmp/0xz  T_2.2, 8;
    %load/vec4 v00000195c8b9b9b0_0;
    %parti/s 2, 0, 2;
    %ix/load 4, 0, 0;
    %ix/load 5, 0, 0;
    %flag_set/imm 4, 0;
    %assign/vec4/off/d v00000195c8b2eb20_0, 4, 5;
    %load/vec4 v00000195c8b9b9b0_0;
    %parti/s 1, 2, 3;
    %ix/load 4, 2, 0;
    %ix/load 5, 0, 0;
    %flag_set/imm 4, 0;
    %assign/vec4/off/d v00000195c8b2eb20_0, 4, 5;
    %pushi/vec4 0, 0, 2;
    %ix/load 4, 0, 0;
    %ix/load 5, 0, 0;
    %flag_set/imm 4, 0;
    %assign/vec4/off/d v00000195c8b9b9b0_0, 4, 5;
    %pushi/vec4 0, 0, 1;
    %ix/load 4, 2, 0;
    %ix/load 5, 0, 0;
    %flag_set/imm 4, 0;
    %assign/vec4/off/d v00000195c8b9b9b0_0, 4, 5;
    %load/vec4 v00000195c8c2cc20_0;
    %assign/vec4 v00000195c8b9b550_0, 0;
    %load/vec4 v00000195c8c2bbe0_0;
    %ix/load 4, 16, 0;
    %ix/load 5, 0, 0;
    %flag_set/imm 4, 0;
    %assign/vec4/off/d v00000195c8b9b5f0_0, 4, 5;
    %load/vec4 v00000195c8c2b820_0;
    %ix/load 4, 22, 0;
    %ix/load 5, 0, 0;
    %flag_set/imm 4, 0;
    %assign/vec4/off/d v00000195c8b9b5f0_0, 4, 5;
    %jmp T_2.3;
T_2.2 ;
    %load/vec4 v00000195c8c2ae20_0;
    %flag_set/vec4 8;
    %jmp/0xz  T_2.4, 8;
    %load/vec4 v00000195c8b2eb20_0;
    %parti/s 2, 0, 2;
    %ix/load 4, 0, 0;
    %ix/load 5, 0, 0;
    %flag_set/imm 4, 0;
    %assign/vec4/off/d v00000195c8b9b9b0_0, 4, 5;
    %load/vec4 v00000195c8b2eb20_0;
    %parti/s 1, 2, 3;
    %ix/load 4, 2, 0;
    %ix/load 5, 0, 0;
    %flag_set/imm 4, 0;
    %assign/vec4/off/d v00000195c8b9b9b0_0, 4, 5;
    %load/vec4 v00000195c8b9ba50_0;
    %cmpi/ne 1, 0, 1;
    %jmp/0xz  T_2.6, 4;
    %pushi/vec4 0, 0, 1;
    %assign/vec4 v00000195c8c2b0a0_0, 0;
    %jmp T_2.7;
T_2.6 ;
    %pushi/vec4 0, 0, 1;
    %assign/vec4 v00000195c8b9ba50_0, 0;
T_2.7 ;
    %jmp T_2.5;
T_2.4 ;
    %load/vec4 v00000195c8c2c360_0;
    %flag_set/vec4 8;
    %jmp/0xz  T_2.8, 8;
    %load/vec4 v00000195c8b9eb10_0;
    %dup/vec4;
    %pushi/vec4 0, 0, 14;
    %cmp/u;
    %jmp/1 T_2.10, 6;
    %dup/vec4;
    %pushi/vec4 1, 0, 14;
    %cmp/u;
    %jmp/1 T_2.11, 6;
    %dup/vec4;
    %pushi/vec4 4, 0, 14;
    %cmp/u;
    %jmp/1 T_2.12, 6;
    %dup/vec4;
    %pushi/vec4 5, 0, 14;
    %cmp/u;
    %jmp/1 T_2.13, 6;
    %dup/vec4;
    %pushi/vec4 6, 0, 14;
    %cmp/u;
    %jmp/1 T_2.14, 6;
    %dup/vec4;
    %pushi/vec4 7, 0, 14;
    %cmp/u;
    %jmp/1 T_2.15, 6;
    %dup/vec4;
    %pushi/vec4 12, 0, 14;
    %cmp/u;
    %jmp/1 T_2.16, 6;
    %dup/vec4;
    %pushi/vec4 48, 0, 14;
    %cmp/u;
    %jmp/1 T_2.17, 6;
    %dup/vec4;
    %pushi/vec4 49, 0, 14;
    %cmp/u;
    %jmp/1 T_2.18, 6;
    %dup/vec4;
    %pushi/vec4 50, 0, 14;
    %cmp/u;
    %jmp/1 T_2.19, 6;
    %dup/vec4;
    %pushi/vec4 51, 0, 14;
    %cmp/u;
    %jmp/1 T_2.20, 6;
    %dup/vec4;
    %pushi/vec4 64, 0, 14;
    %cmp/u;
    %jmp/1 T_2.21, 6;
    %dup/vec4;
    %pushi/vec4 65, 0, 14;
    %cmp/u;
    %jmp/1 T_2.22, 6;
    %dup/vec4;
    %pushi/vec4 66, 0, 14;
    %cmp/u;
    %jmp/1 T_2.23, 6;
    %dup/vec4;
    %pushi/vec4 68, 0, 14;
    %cmp/u;
    %jmp/1 T_2.24, 6;
    %dup/vec4;
    %pushi/vec4 96, 0, 14;
    %cmp/u;
    %jmp/1 T_2.25, 6;
    %jmp T_2.27;
T_2.10 ;
    %load/vec4 v00000195c8b9b9b0_0;
    %load/vec4 v00000195c8c2aec0_0;
    %inv;
    %and;
    %load/vec4 v00000195c8c2b500_0;
    %load/vec4 v00000195c8c2aec0_0;
    %and;
    %or;
    %assign/vec4 v00000195c8b9b9b0_0, 0;
    %jmp T_2.27;
T_2.11 ;
    %load/vec4 v00000195c8b2eb20_0;
    %load/vec4 v00000195c8c2aec0_0;
    %inv;
    %and;
    %load/vec4 v00000195c8c2b500_0;
    %load/vec4 v00000195c8c2aec0_0;
    %and;
    %or;
    %assign/vec4 v00000195c8b2eb20_0, 0;
    %jmp T_2.27;
T_2.12 ;
    %load/vec4 v00000195c8b9af10_0;
    %load/vec4 v00000195c8c2aec0_0;
    %inv;
    %and;
    %load/vec4 v00000195c8c2b500_0;
    %load/vec4 v00000195c8c2aec0_0;
    %and;
    %or;
    %assign/vec4 v00000195c8b9af10_0, 0;
    %jmp T_2.27;
T_2.13 ;
    %load/vec4 v00000195c8b9b5f0_0;
    %load/vec4 v00000195c8c2aec0_0;
    %inv;
    %and;
    %load/vec4 v00000195c8c2b500_0;
    %load/vec4 v00000195c8c2aec0_0;
    %and;
    %or;
    %assign/vec4 v00000195c8b9b5f0_0, 0;
    %jmp T_2.27;
T_2.14 ;
    %load/vec4 v00000195c8b9b550_0;
    %load/vec4 v00000195c8c2aec0_0;
    %inv;
    %and;
    %load/vec4 v00000195c8c2b500_0;
    %load/vec4 v00000195c8c2aec0_0;
    %and;
    %or;
    %assign/vec4 v00000195c8b9b550_0, 0;
    %jmp T_2.27;
T_2.15 ;
    %load/vec4 v00000195c8b9beb0_0;
    %load/vec4 v00000195c8c2aec0_0;
    %inv;
    %and;
    %load/vec4 v00000195c8c2b500_0;
    %load/vec4 v00000195c8c2aec0_0;
    %and;
    %or;
    %assign/vec4 v00000195c8b9beb0_0, 0;
    %jmp T_2.27;
T_2.16 ;
    %load/vec4 v00000195c8b9b2d0_0;
    %load/vec4 v00000195c8c2aec0_0;
    %inv;
    %and;
    %load/vec4 v00000195c8c2b500_0;
    %load/vec4 v00000195c8c2aec0_0;
    %and;
    %or;
    %assign/vec4 v00000195c8b9b2d0_0, 0;
    %jmp T_2.27;
T_2.17 ;
    %load/vec4 v00000195c8c2bf00_0;
    %load/vec4 v00000195c8c2aec0_0;
    %inv;
    %and;
    %load/vec4 v00000195c8c2b500_0;
    %load/vec4 v00000195c8c2aec0_0;
    %and;
    %or;
    %assign/vec4 v00000195c8c2bf00_0, 0;
    %jmp T_2.27;
T_2.18 ;
    %load/vec4 v00000195c8c2cf40_0;
    %load/vec4 v00000195c8c2aec0_0;
    %inv;
    %and;
    %load/vec4 v00000195c8c2b500_0;
    %load/vec4 v00000195c8c2aec0_0;
    %and;
    %or;
    %assign/vec4 v00000195c8c2cf40_0, 0;
    %jmp T_2.27;
T_2.19 ;
    %load/vec4 v00000195c8c2af60_0;
    %load/vec4 v00000195c8c2aec0_0;
    %inv;
    %and;
    %load/vec4 v00000195c8c2b500_0;
    %load/vec4 v00000195c8c2aec0_0;
    %and;
    %or;
    %assign/vec4 v00000195c8c2af60_0, 0;
    %jmp T_2.27;
T_2.20 ;
    %load/vec4 v00000195c8c2ac40_0;
    %load/vec4 v00000195c8c2aec0_0;
    %inv;
    %and;
    %load/vec4 v00000195c8c2b500_0;
    %load/vec4 v00000195c8c2aec0_0;
    %and;
    %or;
    %assign/vec4 v00000195c8c2ac40_0, 0;
    %jmp T_2.27;
T_2.21 ;
    %load/vec4 v00000195c8c2ba00_0;
    %load/vec4 v00000195c8c2aec0_0;
    %inv;
    %and;
    %load/vec4 v00000195c8c2b500_0;
    %load/vec4 v00000195c8c2aec0_0;
    %and;
    %or;
    %assign/vec4 v00000195c8c2ba00_0, 0;
    %jmp T_2.27;
T_2.22 ;
    %load/vec4 v00000195c8c2b460_0;
    %load/vec4 v00000195c8c2aec0_0;
    %inv;
    %and;
    %load/vec4 v00000195c8c2b500_0;
    %load/vec4 v00000195c8c2aec0_0;
    %and;
    %or;
    %assign/vec4 v00000195c8c2b460_0, 0;
    %jmp T_2.27;
T_2.23 ;
    %load/vec4 v00000195c8c2a920_0;
    %load/vec4 v00000195c8c2aec0_0;
    %inv;
    %and;
    %load/vec4 v00000195c8c2b500_0;
    %load/vec4 v00000195c8c2aec0_0;
    %and;
    %or;
    %assign/vec4 v00000195c8c2a920_0, 0;
    %jmp T_2.27;
T_2.24 ;
    %load/vec4 v00000195c8c2bdc0_0;
    %assign/vec4 v00000195c8c2bdc0_0, 0;
    %jmp T_2.27;
T_2.25 ;
    %load/vec4 v00000195c8c2aec0_0;
    %parti/s 1, 2, 3;
    %flag_set/vec4 8;
    %jmp/0xz  T_2.28, 8;
    %load/vec4 v00000195c8c2b500_0;
    %parti/s 1, 2, 3;
    %assign/vec4 v00000195c8b9ba50_0, 0;
T_2.28 ;
    %load/vec4 v00000195c8c2aec0_0;
    %parti/s 1, 1, 2;
    %flag_set/vec4 9;
    %flag_get/vec4 9;
    %jmp/0 T_2.32, 9;
    %load/vec4 v00000195c8c2b500_0;
    %parti/s 1, 1, 2;
    %and;
T_2.32;
    %flag_set/vec4 8;
    %jmp/0xz  T_2.30, 8;
    %pushi/vec4 0, 0, 1;
    %assign/vec4 v00000195c8c2b0a0_0, 0;
T_2.30 ;
    %jmp T_2.27;
T_2.27 ;
    %pop/vec4 1;
T_2.8 ;
T_2.5 ;
T_2.3 ;
T_2.1 ;
    %jmp T_2;
    .thread T_2;
    .scope S_00000195c89fae30;
T_3 ;
    %wait E_00000195c86729d0;
    %load/vec4 v00000195c8b9eb10_0;
    %store/vec4 v00000195c8b9a470_0, 0, 14;
    %callf/vec4 TD_mycpu_top.u_csr_exc_int.csr_read, S_00000195c86907f0;
    %store/vec4 v00000195c8c2b000_0, 0, 32;
    %load/vec4 v00000195c8b9cef0_0;
    %store/vec4 v00000195c8b9a470_0, 0, 14;
    %callf/vec4 TD_mycpu_top.u_csr_exc_int.csr_read, S_00000195c86907f0;
    %store/vec4 v00000195c8c2cb80_0, 0, 32;
    %jmp T_3;
    .thread T_3, $push;
    .scope S_00000195c8c575e0;
T_4 ;
    %wait E_00000195c86725d0;
    %pushi/vec4 0, 0, 1;
    %assign/vec4 v00000195c8c4e7d0_0, 0;
    %load/vec4 v00000195c8c4eff0_0;
    %flag_set/vec4 8;
    %jmp/0xz  T_4.0, 8;
    %pushi/vec4 1, 0, 1;
    %assign/vec4 v00000195c8c4f130_0, 0;
    %load/vec4 v00000195c8c4e870_0;
    %assign/vec4 v00000195c8c4f270_0, 0;
    %load/vec4 v00000195c8c4eeb0_0;
    %assign/vec4 v00000195c8c4e550_0, 0;
    %pushi/vec4 8, 0, 8;
    %assign/vec4 v00000195c8c4f1d0_0, 0;
    %jmp T_4.1;
T_4.0 ;
    %load/vec4 v00000195c8c4f130_0;
    %flag_set/vec4 8;
    %jmp/0xz  T_4.2, 8;
    %load/vec4 v00000195c8c4f1d0_0;
    %cmpi/ne 0, 0, 8;
    %jmp/0xz  T_4.4, 4;
    %load/vec4 v00000195c8c4f1d0_0;
    %subi 1, 0, 8;
    %assign/vec4 v00000195c8c4f1d0_0, 0;
    %jmp T_4.5;
T_4.4 ;
    %pushi/vec4 1, 0, 1;
    %assign/vec4 v00000195c8c4e7d0_0, 0;
    %load/vec4 v00000195c8c4f310_0;
    %load/vec4 v00000195c8c4ee10_0;
    %concat/vec4; draw_concat_vec4
    %assign/vec4 v00000195c8c4e730_0, 0;
    %pushi/vec4 0, 0, 1;
    %assign/vec4 v00000195c8c4f130_0, 0;
T_4.5 ;
T_4.2 ;
T_4.1 ;
    %load/vec4 v00000195c8c4f130_0;
    %nor/r;
    %flag_set/vec4 9;
    %flag_get/vec4 9;
    %jmp/0 T_4.8, 9;
    %load/vec4 v00000195c8c4eff0_0;
    %nor/r;
    %and;
T_4.8;
    %flag_set/vec4 8;
    %jmp/0xz  T_4.6, 8;
T_4.6 ;
    %jmp T_4;
    .thread T_4;
    .scope S_00000195c8c575e0;
T_5 ;
    %pushi/vec4 0, 0, 1;
    %store/vec4 v00000195c8c4f130_0, 0, 1;
    %pushi/vec4 0, 0, 32;
    %store/vec4 v00000195c8c4f270_0, 0, 32;
    %pushi/vec4 0, 0, 32;
    %store/vec4 v00000195c8c4e550_0, 0, 32;
    %pushi/vec4 0, 0, 8;
    %store/vec4 v00000195c8c4f1d0_0, 0, 8;
    %pushi/vec4 0, 0, 1;
    %store/vec4 v00000195c8c4e7d0_0, 0, 1;
    %pushi/vec4 0, 0, 64;
    %store/vec4 v00000195c8c4e730_0, 0, 64;
    %end;
    .thread T_5;
    .scope S_00000195c8c572c0;
T_6 ;
    %wait E_00000195c86725d0;
    %pushi/vec4 0, 0, 1;
    %assign/vec4 v00000195c8c50670_0, 0;
    %load/vec4 v00000195c8c4e190_0;
    %flag_set/vec4 8;
    %jmp/0xz  T_6.0, 8;
    %pushi/vec4 1, 0, 1;
    %assign/vec4 v00000195c8c50170_0, 0;
    %load/vec4 v00000195c8c502b0_0;
    %assign/vec4 v00000195c8c4ec30_0, 0;
    %load/vec4 v00000195c8c4f810_0;
    %assign/vec4 v00000195c8c4e410_0, 0;
    %pushi/vec4 8, 0, 8;
    %assign/vec4 v00000195c8c505d0_0, 0;
    %jmp T_6.1;
T_6.0 ;
    %load/vec4 v00000195c8c50170_0;
    %flag_set/vec4 8;
    %jmp/0xz  T_6.2, 8;
    %load/vec4 v00000195c8c505d0_0;
    %cmpi/ne 0, 0, 8;
    %jmp/0xz  T_6.4, 4;
    %load/vec4 v00000195c8c505d0_0;
    %subi 1, 0, 8;
    %assign/vec4 v00000195c8c505d0_0, 0;
    %jmp T_6.5;
T_6.4 ;
    %pushi/vec4 1, 0, 1;
    %assign/vec4 v00000195c8c50670_0, 0;
    %load/vec4 v00000195c8c50710_0;
    %load/vec4 v00000195c8c4e4b0_0;
    %concat/vec4; draw_concat_vec4
    %assign/vec4 v00000195c8c4f770_0, 0;
    %pushi/vec4 0, 0, 1;
    %assign/vec4 v00000195c8c50170_0, 0;
T_6.5 ;
T_6.2 ;
T_6.1 ;
    %load/vec4 v00000195c8c50170_0;
    %nor/r;
    %flag_set/vec4 9;
    %flag_get/vec4 9;
    %jmp/0 T_6.8, 9;
    %load/vec4 v00000195c8c4e190_0;
    %nor/r;
    %and;
T_6.8;
    %flag_set/vec4 8;
    %jmp/0xz  T_6.6, 8;
T_6.6 ;
    %jmp T_6;
    .thread T_6;
    .scope S_00000195c8c572c0;
T_7 ;
    %pushi/vec4 0, 0, 1;
    %store/vec4 v00000195c8c50170_0, 0, 1;
    %pushi/vec4 0, 0, 32;
    %store/vec4 v00000195c8c4ec30_0, 0, 32;
    %pushi/vec4 0, 0, 32;
    %store/vec4 v00000195c8c4e410_0, 0, 32;
    %pushi/vec4 0, 0, 8;
    %store/vec4 v00000195c8c505d0_0, 0, 8;
    %pushi/vec4 0, 0, 1;
    %store/vec4 v00000195c8c50670_0, 0, 1;
    %pushi/vec4 0, 0, 64;
    %store/vec4 v00000195c8c4f770_0, 0, 64;
    %end;
    .thread T_7;
    .scope S_00000195c868dc80;
T_8 ;
    %wait E_00000195c86725d0;
    %load/vec4 v00000195c8c73150_0;
    %inv;
    %assign/vec4 v00000195c8c72110_0, 0;
    %jmp T_8;
    .thread T_8;
    .scope S_00000195c868dc80;
T_9 ;
    %wait E_00000195c86725d0;
    %load/vec4 v00000195c8c72110_0;
    %flag_set/vec4 8;
    %jmp/0xz  T_9.0, 8;
    %pushi/vec4 469762044, 0, 32;
    %assign/vec4 v00000195c8c72bb0_0, 0;
    %pushi/vec4 0, 0, 1;
    %assign/vec4 v00000195c8c6d610_0, 0;
    %pushi/vec4 0, 0, 32;
    %assign/vec4 v00000195c8c6f410_0, 0;
    %jmp T_9.1;
T_9.0 ;
    %pushi/vec4 1, 0, 1;
    %assign/vec4 v00000195c8c6d610_0, 0;
    %load/vec4 v00000195c8c71df0_0;
    %nor/r;
    %flag_set/vec4 8;
    %jmp/0xz  T_9.2, 8;
    %load/vec4 v00000195c8c729d0_0;
    %assign/vec4 v00000195c8c72bb0_0, 0;
T_9.2 ;
    %load/vec4 v00000195c8c729d0_0;
    %assign/vec4 v00000195c8c6f410_0, 0;
T_9.1 ;
    %jmp T_9;
    .thread T_9;
    .scope S_00000195c868dc80;
T_10 ;
    %wait E_00000195c86725d0;
    %load/vec4 v00000195c8c72110_0;
    %flag_set/vec4 8;
    %jmp/0xz  T_10.0, 8;
    %pushi/vec4 0, 0, 32;
    %assign/vec4 v00000195c8c52ab0_0, 0;
    %pushi/vec4 0, 0, 32;
    %assign/vec4 v00000195c8c52830_0, 0;
    %pushi/vec4 0, 0, 1;
    %assign/vec4 v00000195c8c52f10_0, 0;
    %jmp T_10.1;
T_10.0 ;
    %load/vec4 v00000195c8c71df0_0;
    %flag_set/vec4 8;
    %jmp/0xz  T_10.2, 8;
    %jmp T_10.3;
T_10.2 ;
    %load/vec4 v00000195c8c6c8f0_0;
    %flag_set/vec4 8;
    %jmp/0xz  T_10.4, 8;
    %pushi/vec4 0, 0, 32;
    %assign/vec4 v00000195c8c52ab0_0, 0;
    %pushi/vec4 0, 0, 32;
    %assign/vec4 v00000195c8c52830_0, 0;
    %pushi/vec4 0, 0, 1;
    %assign/vec4 v00000195c8c52f10_0, 0;
    %jmp T_10.5;
T_10.4 ;
    %load/vec4 v00000195c8c6f410_0;
    %assign/vec4 v00000195c8c52ab0_0, 0;
    %load/vec4 v00000195c8c701d0_0;
    %assign/vec4 v00000195c8c52830_0, 0;
    %load/vec4 v00000195c8c6d610_0;
    %assign/vec4 v00000195c8c52f10_0, 0;
T_10.5 ;
T_10.3 ;
T_10.1 ;
    %jmp T_10;
    .thread T_10;
    .scope S_00000195c868dc80;
T_11 ;
    %wait E_00000195c8671c90;
    %load/vec4 v00000195c8c71d50_0;
    %store/vec4 v00000195c8c71cb0_0, 0, 32;
    %load/vec4 v00000195c8c511b0_0;
    %dup/vec4;
    %pushi/vec4 0, 0, 2;
    %cmp/u;
    %jmp/1 T_11.0, 6;
    %dup/vec4;
    %pushi/vec4 1, 0, 2;
    %cmp/u;
    %jmp/1 T_11.1, 6;
    %load/vec4 v00000195c8c71d50_0;
    %store/vec4 v00000195c8c71cb0_0, 0, 32;
    %jmp T_11.3;
T_11.0 ;
    %load/vec4 v00000195c8c51bb0_0;
    %parti/s 2, 0, 2;
    %dup/vec4;
    %pushi/vec4 0, 0, 2;
    %cmp/u;
    %jmp/1 T_11.4, 6;
    %dup/vec4;
    %pushi/vec4 1, 0, 2;
    %cmp/u;
    %jmp/1 T_11.5, 6;
    %dup/vec4;
    %pushi/vec4 2, 0, 2;
    %cmp/u;
    %jmp/1 T_11.6, 6;
    %dup/vec4;
    %pushi/vec4 3, 0, 2;
    %cmp/u;
    %jmp/1 T_11.7, 6;
    %jmp T_11.8;
T_11.4 ;
    %load/vec4 v00000195c8c51430_0;
    %flag_set/vec4 8;
    %jmp/0 T_11.9, 8;
    %pushi/vec4 0, 0, 24;
    %load/vec4 v00000195c8c71d50_0;
    %parti/s 8, 0, 2;
    %concat/vec4; draw_concat_vec4
    %jmp/1 T_11.10, 8;
T_11.9 ; End of true expr.
    %load/vec4 v00000195c8c71d50_0;
    %parti/s 1, 7, 4;
    %replicate 24;
    %load/vec4 v00000195c8c71d50_0;
    %parti/s 8, 0, 2;
    %concat/vec4; draw_concat_vec4
    %jmp/0 T_11.10, 8;
 ; End of false expr.
    %blend;
T_11.10;
    %store/vec4 v00000195c8c71cb0_0, 0, 32;
    %jmp T_11.8;
T_11.5 ;
    %load/vec4 v00000195c8c51430_0;
    %flag_set/vec4 8;
    %jmp/0 T_11.11, 8;
    %pushi/vec4 0, 0, 24;
    %load/vec4 v00000195c8c71d50_0;
    %parti/s 8, 8, 5;
    %concat/vec4; draw_concat_vec4
    %jmp/1 T_11.12, 8;
T_11.11 ; End of true expr.
    %load/vec4 v00000195c8c71d50_0;
    %parti/s 1, 15, 5;
    %replicate 24;
    %load/vec4 v00000195c8c71d50_0;
    %parti/s 8, 8, 5;
    %concat/vec4; draw_concat_vec4
    %jmp/0 T_11.12, 8;
 ; End of false expr.
    %blend;
T_11.12;
    %store/vec4 v00000195c8c71cb0_0, 0, 32;
    %jmp T_11.8;
T_11.6 ;
    %load/vec4 v00000195c8c51430_0;
    %flag_set/vec4 8;
    %jmp/0 T_11.13, 8;
    %pushi/vec4 0, 0, 24;
    %load/vec4 v00000195c8c71d50_0;
    %parti/s 8, 16, 6;
    %concat/vec4; draw_concat_vec4
    %jmp/1 T_11.14, 8;
T_11.13 ; End of true expr.
    %load/vec4 v00000195c8c71d50_0;
    %parti/s 1, 23, 6;
    %replicate 24;
    %load/vec4 v00000195c8c71d50_0;
    %parti/s 8, 16, 6;
    %concat/vec4; draw_concat_vec4
    %jmp/0 T_11.14, 8;
 ; End of false expr.
    %blend;
T_11.14;
    %store/vec4 v00000195c8c71cb0_0, 0, 32;
    %jmp T_11.8;
T_11.7 ;
    %load/vec4 v00000195c8c51430_0;
    %flag_set/vec4 8;
    %jmp/0 T_11.15, 8;
    %pushi/vec4 0, 0, 24;
    %load/vec4 v00000195c8c71d50_0;
    %parti/s 8, 24, 6;
    %concat/vec4; draw_concat_vec4
    %jmp/1 T_11.16, 8;
T_11.15 ; End of true expr.
    %load/vec4 v00000195c8c71d50_0;
    %parti/s 1, 31, 6;
    %replicate 24;
    %load/vec4 v00000195c8c71d50_0;
    %parti/s 8, 24, 6;
    %concat/vec4; draw_concat_vec4
    %jmp/0 T_11.16, 8;
 ; End of false expr.
    %blend;
T_11.16;
    %store/vec4 v00000195c8c71cb0_0, 0, 32;
    %jmp T_11.8;
T_11.8 ;
    %pop/vec4 1;
    %jmp T_11.3;
T_11.1 ;
    %load/vec4 v00000195c8c51bb0_0;
    %parti/s 1, 1, 2;
    %flag_set/vec4 8;
    %jmp/0xz  T_11.17, 8;
    %load/vec4 v00000195c8c51430_0;
    %flag_set/vec4 8;
    %jmp/0 T_11.19, 8;
    %pushi/vec4 0, 0, 16;
    %load/vec4 v00000195c8c71d50_0;
    %parti/s 16, 16, 6;
    %concat/vec4; draw_concat_vec4
    %jmp/1 T_11.20, 8;
T_11.19 ; End of true expr.
    %load/vec4 v00000195c8c71d50_0;
    %parti/s 1, 31, 6;
    %replicate 16;
    %load/vec4 v00000195c8c71d50_0;
    %parti/s 16, 16, 6;
    %concat/vec4; draw_concat_vec4
    %jmp/0 T_11.20, 8;
 ; End of false expr.
    %blend;
T_11.20;
    %store/vec4 v00000195c8c71cb0_0, 0, 32;
    %jmp T_11.18;
T_11.17 ;
    %load/vec4 v00000195c8c51430_0;
    %flag_set/vec4 8;
    %jmp/0 T_11.21, 8;
    %pushi/vec4 0, 0, 16;
    %load/vec4 v00000195c8c71d50_0;
    %parti/s 16, 0, 2;
    %concat/vec4; draw_concat_vec4
    %jmp/1 T_11.22, 8;
T_11.21 ; End of true expr.
    %load/vec4 v00000195c8c71d50_0;
    %parti/s 1, 15, 5;
    %replicate 16;
    %load/vec4 v00000195c8c71d50_0;
    %parti/s 16, 0, 2;
    %concat/vec4; draw_concat_vec4
    %jmp/0 T_11.22, 8;
 ; End of false expr.
    %blend;
T_11.22;
    %store/vec4 v00000195c8c71cb0_0, 0, 32;
T_11.18 ;
    %jmp T_11.3;
T_11.3 ;
    %pop/vec4 1;
    %jmp T_11;
    .thread T_11, $push;
    .scope S_00000195c868dc80;
T_12 ;
    %wait E_00000195c86725d0;
    %load/vec4 v00000195c8c72110_0;
    %flag_set/vec4 8;
    %jmp/0xz  T_12.0, 8;
    %pushi/vec4 0, 0, 32;
    %assign/vec4 v00000195c8c52470_0, 0;
    %pushi/vec4 0, 0, 15;
    %assign/vec4 v00000195c8c526f0_0, 0;
    %pushi/vec4 0, 0, 1;
    %assign/vec4 v00000195c8c51cf0_0, 0;
    %pushi/vec4 0, 0, 1;
    %assign/vec4 v00000195c8c51d90_0, 0;
    %pushi/vec4 2, 0, 2;
    %assign/vec4 v00000195c8c521f0_0, 0;
    %pushi/vec4 2, 0, 2;
    %assign/vec4 v00000195c8c517f0_0, 0;
    %pushi/vec4 0, 0, 1;
    %assign/vec4 v00000195c8c51a70_0, 0;
    %pushi/vec4 0, 0, 1;
    %assign/vec4 v00000195c8c51f70_0, 0;
    %pushi/vec4 0, 0, 1;
    %assign/vec4 v00000195c8c52330_0, 0;
    %pushi/vec4 0, 0, 1;
    %assign/vec4 v00000195c8c51750_0, 0;
    %pushi/vec4 0, 0, 1;
    %assign/vec4 v00000195c8c51930_0, 0;
    %pushi/vec4 0, 0, 1;
    %assign/vec4 v00000195c8c50b70_0, 0;
    %pushi/vec4 0, 0, 1;
    %assign/vec4 v00000195c8c51890_0, 0;
    %pushi/vec4 0, 0, 5;
    %assign/vec4 v00000195c8c52e70_0, 0;
    %pushi/vec4 0, 0, 32;
    %assign/vec4 v00000195c8c50ad0_0, 0;
    %pushi/vec4 0, 0, 32;
    %assign/vec4 v00000195c8c51c50_0, 0;
    %pushi/vec4 0, 0, 32;
    %assign/vec4 v00000195c8c520b0_0, 0;
    %pushi/vec4 0, 0, 1;
    %assign/vec4 v00000195c8c50d50_0, 0;
    %pushi/vec4 0, 0, 1;
    %assign/vec4 v00000195c8c52970_0, 0;
    %pushi/vec4 0, 0, 1;
    %assign/vec4 v00000195c8c52790_0, 0;
    %pushi/vec4 0, 0, 14;
    %assign/vec4 v00000195c8c51ed0_0, 0;
    %pushi/vec4 0, 0, 1;
    %assign/vec4 v00000195c8c50a30_0, 0;
    %pushi/vec4 0, 0, 32;
    %assign/vec4 v00000195c8c50990_0, 0;
    %pushi/vec4 0, 0, 32;
    %assign/vec4 v00000195c8c525b0_0, 0;
    %pushi/vec4 0, 0, 1;
    %assign/vec4 v00000195c8c50c10_0, 0;
    %jmp T_12.1;
T_12.0 ;
    %load/vec4 v00000195c8c72d90_0;
    %flag_set/vec4 8;
    %jmp/0xz  T_12.2, 8;
    %pushi/vec4 0, 0, 32;
    %assign/vec4 v00000195c8c52470_0, 0;
    %pushi/vec4 0, 0, 15;
    %assign/vec4 v00000195c8c526f0_0, 0;
    %pushi/vec4 0, 0, 1;
    %assign/vec4 v00000195c8c51cf0_0, 0;
    %pushi/vec4 0, 0, 1;
    %assign/vec4 v00000195c8c51d90_0, 0;
    %pushi/vec4 2, 0, 2;
    %assign/vec4 v00000195c8c521f0_0, 0;
    %pushi/vec4 2, 0, 2;
    %assign/vec4 v00000195c8c517f0_0, 0;
    %pushi/vec4 0, 0, 1;
    %assign/vec4 v00000195c8c51a70_0, 0;
    %pushi/vec4 0, 0, 1;
    %assign/vec4 v00000195c8c51f70_0, 0;
    %pushi/vec4 0, 0, 1;
    %assign/vec4 v00000195c8c52330_0, 0;
    %pushi/vec4 0, 0, 1;
    %assign/vec4 v00000195c8c51750_0, 0;
    %pushi/vec4 0, 0, 1;
    %assign/vec4 v00000195c8c51930_0, 0;
    %pushi/vec4 0, 0, 1;
    %assign/vec4 v00000195c8c50b70_0, 0;
    %pushi/vec4 0, 0, 1;
    %assign/vec4 v00000195c8c51890_0, 0;
    %pushi/vec4 0, 0, 5;
    %assign/vec4 v00000195c8c52e70_0, 0;
    %pushi/vec4 0, 0, 32;
    %assign/vec4 v00000195c8c50ad0_0, 0;
    %pushi/vec4 0, 0, 32;
    %assign/vec4 v00000195c8c51c50_0, 0;
    %pushi/vec4 0, 0, 32;
    %assign/vec4 v00000195c8c520b0_0, 0;
    %pushi/vec4 0, 0, 1;
    %assign/vec4 v00000195c8c50d50_0, 0;
    %pushi/vec4 0, 0, 1;
    %assign/vec4 v00000195c8c52970_0, 0;
    %pushi/vec4 0, 0, 1;
    %assign/vec4 v00000195c8c52790_0, 0;
    %pushi/vec4 0, 0, 14;
    %assign/vec4 v00000195c8c51ed0_0, 0;
    %pushi/vec4 0, 0, 1;
    %assign/vec4 v00000195c8c50a30_0, 0;
    %pushi/vec4 0, 0, 32;
    %assign/vec4 v00000195c8c50990_0, 0;
    %pushi/vec4 0, 0, 32;
    %assign/vec4 v00000195c8c525b0_0, 0;
    %pushi/vec4 0, 0, 1;
    %assign/vec4 v00000195c8c50c10_0, 0;
    %jmp T_12.3;
T_12.2 ;
    %load/vec4 v00000195c8c6bc70_0;
    %flag_set/vec4 8;
    %jmp/0xz  T_12.4, 8;
    %jmp T_12.5;
T_12.4 ;
    %load/vec4 v00000195c8c52ab0_0;
    %assign/vec4 v00000195c8c52470_0, 0;
    %load/vec4 v00000195c8c6d2f0_0;
    %assign/vec4 v00000195c8c526f0_0, 0;
    %load/vec4 v00000195c8c753b0_0;
    %assign/vec4 v00000195c8c51cf0_0, 0;
    %load/vec4 v00000195c8c74050_0;
    %assign/vec4 v00000195c8c51d90_0, 0;
    %load/vec4 v00000195c8c72ed0_0;
    %flag_set/vec4 8;
    %jmp/0 T_12.6, 8;
    %pushi/vec4 0, 0, 2;
    %jmp/1 T_12.7, 8;
T_12.6 ; End of true expr.
    %load/vec4 v00000195c8c71710_0;
    %flag_set/vec4 9;
    %jmp/0 T_12.8, 9;
    %pushi/vec4 1, 0, 2;
    %jmp/1 T_12.9, 9;
T_12.8 ; End of true expr.
    %pushi/vec4 2, 0, 2;
    %jmp/0 T_12.9, 9;
 ; End of false expr.
    %blend;
T_12.9;
    %jmp/0 T_12.7, 8;
 ; End of false expr.
    %blend;
T_12.7;
    %assign/vec4 v00000195c8c521f0_0, 0;
    %load/vec4 v00000195c8c6f370_0;
    %load/vec4 v00000195c8c6ea10_0;
    %or;
    %flag_set/vec4 8;
    %jmp/0 T_12.10, 8;
    %pushi/vec4 0, 0, 2;
    %jmp/1 T_12.11, 8;
T_12.10 ; End of true expr.
    %load/vec4 v00000195c8c6fd70_0;
    %load/vec4 v00000195c8c6e5b0_0;
    %or;
    %flag_set/vec4 9;
    %jmp/0 T_12.12, 9;
    %pushi/vec4 1, 0, 2;
    %jmp/1 T_12.13, 9;
T_12.12 ; End of true expr.
    %pushi/vec4 2, 0, 2;
    %jmp/0 T_12.13, 9;
 ; End of false expr.
    %blend;
T_12.13;
    %jmp/0 T_12.11, 8;
 ; End of false expr.
    %blend;
T_12.11;
    %assign/vec4 v00000195c8c517f0_0, 0;
    %load/vec4 v00000195c8c6ea10_0;
    %load/vec4 v00000195c8c6e5b0_0;
    %or;
    %assign/vec4 v00000195c8c51a70_0, 0;
    %load/vec4 v00000195c8c6c170_0;
    %assign/vec4 v00000195c8c51f70_0, 0;
    %load/vec4 v00000195c8c6ded0_0;
    %assign/vec4 v00000195c8c52330_0, 0;
    %load/vec4 v00000195c8c6cad0_0;
    %assign/vec4 v00000195c8c51750_0, 0;
    %load/vec4 v00000195c8c72070_0;
    %assign/vec4 v00000195c8c51930_0, 0;
    %load/vec4 v00000195c8c6faf0_0;
    %assign/vec4 v00000195c8c50b70_0, 0;
    %load/vec4 v00000195c8c73010_0;
    %assign/vec4 v00000195c8c51890_0, 0;
    %load/vec4 v00000195c8c6df70_0;
    %assign/vec4 v00000195c8c52e70_0, 0;
    %load/vec4 v00000195c8c70db0_0;
    %assign/vec4 v00000195c8c50ad0_0, 0;
    %load/vec4 v00000195c8c70ef0_0;
    %assign/vec4 v00000195c8c51c50_0, 0;
    %load/vec4 v00000195c8c6fc30_0;
    %assign/vec4 v00000195c8c520b0_0, 0;
    %load/vec4 v00000195c8c6f550_0;
    %assign/vec4 v00000195c8c50d50_0, 0;
    %load/vec4 v00000195c8c6f690_0;
    %assign/vec4 v00000195c8c52970_0, 0;
    %load/vec4 v00000195c8c71850_0;
    %assign/vec4 v00000195c8c52790_0, 0;
    %load/vec4 v00000195c8c6c490_0;
    %assign/vec4 v00000195c8c51ed0_0, 0;
    %load/vec4 v00000195c8c6f5f0_0;
    %load/vec4 v00000195c8c6f190_0;
    %or;
    %assign/vec4 v00000195c8c50a30_0, 0;
    %load/vec4 v00000195c8c6f5f0_0;
    %flag_set/vec4 8;
    %jmp/0 T_12.14, 8;
    %pushi/vec4 4294967295, 0, 32;
    %jmp/1 T_12.15, 8;
T_12.14 ; End of true expr.
    %load/vec4 v00000195c8c70db0_0;
    %jmp/0 T_12.15, 8;
 ; End of false expr.
    %blend;
T_12.15;
    %assign/vec4 v00000195c8c50990_0, 0;
    %load/vec4 v00000195c8c70ef0_0;
    %assign/vec4 v00000195c8c525b0_0, 0;
    %load/vec4 v00000195c8c52f10_0;
    %assign/vec4 v00000195c8c50c10_0, 0;
T_12.5 ;
T_12.3 ;
T_12.1 ;
    %jmp T_12;
    .thread T_12;
    .scope S_00000195c868dc80;
T_13 ;
    %wait E_00000195c86725d0;
    %load/vec4 v00000195c8c72110_0;
    %flag_set/vec4 8;
    %jmp/0xz  T_13.0, 8;
    %pushi/vec4 0, 0, 1;
    %assign/vec4 v00000195c8c6ba90_0, 0;
    %pushi/vec4 0, 0, 1;
    %assign/vec4 v00000195c8c6dcf0_0, 0;
    %pushi/vec4 0, 0, 1;
    %assign/vec4 v00000195c8c6ccb0_0, 0;
    %pushi/vec4 0, 0, 1;
    %assign/vec4 v00000195c8c6d7f0_0, 0;
    %pushi/vec4 0, 0, 32;
    %assign/vec4 v00000195c8c6b9f0_0, 0;
    %pushi/vec4 0, 0, 32;
    %assign/vec4 v00000195c8c6dbb0_0, 0;
    %pushi/vec4 0, 0, 1;
    %assign/vec4 v00000195c8c71530_0, 0;
    %pushi/vec4 0, 0, 32;
    %assign/vec4 v00000195c8c70c70_0, 0;
    %jmp T_13.1;
T_13.0 ;
    %load/vec4 v00000195c8c6bc70_0;
    %flag_set/vec4 11;
    %flag_get/vec4 11;
    %jmp/0 T_13.6, 11;
    %load/vec4 v00000195c8c52dd0_0;
    %and;
T_13.6;
    %flag_set/vec4 10;
    %flag_get/vec4 10;
    %jmp/0 T_13.5, 10;
    %load/vec4 v00000195c8c51b10_0;
    %and;
T_13.5;
    %flag_set/vec4 9;
    %flag_get/vec4 9;
    %jmp/0 T_13.4, 9;
    %load/vec4 v00000195c8c71530_0;
    %nor/r;
    %and;
T_13.4;
    %flag_set/vec4 8;
    %jmp/0xz  T_13.2, 8;
    %pushi/vec4 1, 0, 1;
    %assign/vec4 v00000195c8c71530_0, 0;
    %load/vec4 v00000195c8c6d930_0;
    %assign/vec4 v00000195c8c70c70_0, 0;
T_13.2 ;
    %load/vec4 v00000195c8c6bc70_0;
    %nor/r;
    %flag_set/vec4 8;
    %jmp/0xz  T_13.7, 8;
    %pushi/vec4 0, 0, 1;
    %assign/vec4 v00000195c8c71530_0, 0;
T_13.7 ;
    %load/vec4 v00000195c8c6d570_0;
    %flag_set/vec4 10;
    %flag_get/vec4 10;
    %jmp/0 T_13.12, 10;
    %load/vec4 v00000195c8c6ba90_0;
    %nor/r;
    %and;
T_13.12;
    %flag_set/vec4 9;
    %flag_get/vec4 9;
    %jmp/0 T_13.11, 9;
    %load/vec4 v00000195c8c6dcf0_0;
    %nor/r;
    %and;
T_13.11;
    %flag_set/vec4 8;
    %jmp/0xz  T_13.9, 8;
    %pushi/vec4 1, 0, 1;
    %assign/vec4 v00000195c8c6ba90_0, 0;
    %load/vec4 v00000195c8c52330_0;
    %assign/vec4 v00000195c8c6ccb0_0, 0;
    %load/vec4 v00000195c8c51750_0;
    %assign/vec4 v00000195c8c6d7f0_0, 0;
    %load/vec4 v00000195c8c6d750_0;
    %assign/vec4 v00000195c8c6b9f0_0, 0;
    %load/vec4 v00000195c8c6c850_0;
    %assign/vec4 v00000195c8c6dbb0_0, 0;
T_13.9 ;
    %load/vec4 v00000195c8c6d1b0_0;
    %flag_set/vec4 8;
    %jmp/0xz  T_13.13, 8;
    %pushi/vec4 0, 0, 1;
    %assign/vec4 v00000195c8c6ba90_0, 0;
    %pushi/vec4 1, 0, 1;
    %assign/vec4 v00000195c8c6dcf0_0, 0;
T_13.13 ;
    %load/vec4 v00000195c8c6c350_0;
    %flag_set/vec4 8;
    %jmp/0xz  T_13.15, 8;
    %pushi/vec4 0, 0, 1;
    %assign/vec4 v00000195c8c6dcf0_0, 0;
T_13.15 ;
T_13.1 ;
    %jmp T_13;
    .thread T_13;
    .scope S_00000195c868dc80;
T_14 ;
    %wait E_00000195c86725d0;
    %load/vec4 v00000195c8c72110_0;
    %flag_set/vec4 8;
    %jmp/0xz  T_14.0, 8;
    %pushi/vec4 0, 0, 32;
    %assign/vec4 v00000195c8c52650_0, 0;
    %pushi/vec4 0, 0, 1;
    %assign/vec4 v00000195c8c51b10_0, 0;
    %pushi/vec4 0, 0, 1;
    %assign/vec4 v00000195c8c52d30_0, 0;
    %pushi/vec4 0, 0, 1;
    %assign/vec4 v00000195c8c514d0_0, 0;
    %pushi/vec4 2, 0, 2;
    %assign/vec4 v00000195c8c511b0_0, 0;
    %pushi/vec4 0, 0, 1;
    %assign/vec4 v00000195c8c51430_0, 0;
    %pushi/vec4 0, 0, 5;
    %assign/vec4 v00000195c8c50df0_0, 0;
    %pushi/vec4 0, 0, 32;
    %assign/vec4 v00000195c8c51bb0_0, 0;
    %pushi/vec4 0, 0, 32;
    %assign/vec4 v00000195c8c516b0_0, 0;
    %pushi/vec4 0, 0, 1;
    %assign/vec4 v00000195c8c52dd0_0, 0;
    %jmp T_14.1;
T_14.0 ;
    %load/vec4 v00000195c8c6bc70_0;
    %flag_set/vec4 8;
    %jmp/0xz  T_14.2, 8;
    %jmp T_14.3;
T_14.2 ;
    %load/vec4 v00000195c8c52470_0;
    %assign/vec4 v00000195c8c52650_0, 0;
    %load/vec4 v00000195c8c51930_0;
    %assign/vec4 v00000195c8c51b10_0, 0;
    %load/vec4 v00000195c8c50b70_0;
    %assign/vec4 v00000195c8c52d30_0, 0;
    %load/vec4 v00000195c8c51890_0;
    %assign/vec4 v00000195c8c514d0_0, 0;
    %load/vec4 v00000195c8c517f0_0;
    %assign/vec4 v00000195c8c511b0_0, 0;
    %load/vec4 v00000195c8c51a70_0;
    %assign/vec4 v00000195c8c51430_0, 0;
    %load/vec4 v00000195c8c52e70_0;
    %assign/vec4 v00000195c8c50df0_0, 0;
    %load/vec4 v00000195c8c6d6b0_0;
    %assign/vec4 v00000195c8c51bb0_0, 0;
    %load/vec4 v00000195c8c51c50_0;
    %assign/vec4 v00000195c8c516b0_0, 0;
    %load/vec4 v00000195c8c50c10_0;
    %assign/vec4 v00000195c8c52dd0_0, 0;
T_14.3 ;
T_14.1 ;
    %jmp T_14;
    .thread T_14;
    .scope S_00000195c868dc80;
T_15 ;
    %wait E_00000195c86723d0;
    %pushi/vec4 0, 0, 4;
    %store/vec4 v00000195c8c6d9d0_0, 0, 4;
    %load/vec4 v00000195c8c51c50_0;
    %store/vec4 v00000195c8c6c990_0, 0, 32;
    %load/vec4 v00000195c8c51890_0;
    %flag_set/vec4 9;
    %flag_get/vec4 9;
    %jmp/0 T_15.2, 9;
    %load/vec4 v00000195c8c50c10_0;
    %and;
T_15.2;
    %flag_set/vec4 8;
    %jmp/0xz  T_15.0, 8;
    %load/vec4 v00000195c8c521f0_0;
    %dup/vec4;
    %pushi/vec4 0, 0, 2;
    %cmp/u;
    %jmp/1 T_15.3, 6;
    %dup/vec4;
    %pushi/vec4 1, 0, 2;
    %cmp/u;
    %jmp/1 T_15.4, 6;
    %load/vec4 v00000195c8c51c50_0;
    %store/vec4 v00000195c8c6c990_0, 0, 32;
    %pushi/vec4 15, 0, 4;
    %store/vec4 v00000195c8c6d9d0_0, 0, 4;
    %jmp T_15.6;
T_15.3 ;
    %load/vec4 v00000195c8c51c50_0;
    %parti/s 8, 0, 2;
    %replicate 4;
    %store/vec4 v00000195c8c6c990_0, 0, 32;
    %load/vec4 v00000195c8c6d6b0_0;
    %parti/s 2, 0, 2;
    %dup/vec4;
    %pushi/vec4 0, 0, 2;
    %cmp/u;
    %jmp/1 T_15.7, 6;
    %dup/vec4;
    %pushi/vec4 1, 0, 2;
    %cmp/u;
    %jmp/1 T_15.8, 6;
    %dup/vec4;
    %pushi/vec4 2, 0, 2;
    %cmp/u;
    %jmp/1 T_15.9, 6;
    %dup/vec4;
    %pushi/vec4 3, 0, 2;
    %cmp/u;
    %jmp/1 T_15.10, 6;
    %jmp T_15.11;
T_15.7 ;
    %pushi/vec4 1, 0, 4;
    %store/vec4 v00000195c8c6d9d0_0, 0, 4;
    %jmp T_15.11;
T_15.8 ;
    %pushi/vec4 2, 0, 4;
    %store/vec4 v00000195c8c6d9d0_0, 0, 4;
    %jmp T_15.11;
T_15.9 ;
    %pushi/vec4 4, 0, 4;
    %store/vec4 v00000195c8c6d9d0_0, 0, 4;
    %jmp T_15.11;
T_15.10 ;
    %pushi/vec4 8, 0, 4;
    %store/vec4 v00000195c8c6d9d0_0, 0, 4;
    %jmp T_15.11;
T_15.11 ;
    %pop/vec4 1;
    %jmp T_15.6;
T_15.4 ;
    %load/vec4 v00000195c8c51c50_0;
    %parti/s 16, 0, 2;
    %replicate 2;
    %store/vec4 v00000195c8c6c990_0, 0, 32;
    %load/vec4 v00000195c8c6d6b0_0;
    %parti/s 1, 1, 2;
    %flag_set/vec4 8;
    %jmp/0 T_15.12, 8;
    %pushi/vec4 12, 0, 4;
    %jmp/1 T_15.13, 8;
T_15.12 ; End of true expr.
    %pushi/vec4 3, 0, 4;
    %jmp/0 T_15.13, 8;
 ; End of false expr.
    %blend;
T_15.13;
    %store/vec4 v00000195c8c6d9d0_0, 0, 4;
    %jmp T_15.6;
T_15.6 ;
    %pop/vec4 1;
T_15.0 ;
    %jmp T_15;
    .thread T_15, $push;
    .scope S_00000195c868dc80;
T_16 ;
    %wait E_00000195c86725d0;
    %load/vec4 v00000195c8c72110_0;
    %flag_set/vec4 8;
    %jmp/0xz  T_16.0, 8;
    %pushi/vec4 0, 0, 32;
    %assign/vec4 v00000195c8c5c7d0_0, 0;
    %pushi/vec4 0, 0, 1;
    %assign/vec4 v00000195c8c5ccd0_0, 0;
    %pushi/vec4 0, 0, 1;
    %assign/vec4 v00000195c8c512f0_0, 0;
    %pushi/vec4 0, 0, 5;
    %assign/vec4 v00000195c8c51250_0, 0;
    %pushi/vec4 0, 0, 32;
    %assign/vec4 v00000195c8c528d0_0, 0;
    %pushi/vec4 0, 0, 32;
    %assign/vec4 v00000195c8c5c910_0, 0;
    %pushi/vec4 0, 0, 1;
    %assign/vec4 v00000195c8c5c870_0, 0;
    %jmp T_16.1;
T_16.0 ;
    %load/vec4 v00000195c8c6bc70_0;
    %flag_set/vec4 8;
    %jmp/0xz  T_16.2, 8;
    %jmp T_16.3;
T_16.2 ;
    %load/vec4 v00000195c8c52650_0;
    %assign/vec4 v00000195c8c5c7d0_0, 0;
    %load/vec4 v00000195c8c51b10_0;
    %assign/vec4 v00000195c8c5ccd0_0, 0;
    %load/vec4 v00000195c8c52d30_0;
    %assign/vec4 v00000195c8c512f0_0, 0;
    %load/vec4 v00000195c8c50df0_0;
    %assign/vec4 v00000195c8c51250_0, 0;
    %load/vec4 v00000195c8c51bb0_0;
    %assign/vec4 v00000195c8c528d0_0, 0;
    %load/vec4 v00000195c8c71cb0_0;
    %assign/vec4 v00000195c8c5c910_0, 0;
    %load/vec4 v00000195c8c52dd0_0;
    %assign/vec4 v00000195c8c5c870_0, 0;
T_16.3 ;
T_16.1 ;
    %jmp T_16;
    .thread T_16;
    .scope S_00000195c868dc80;
T_17 ;
    %wait E_00000195c86725d0;
    %load/vec4 v00000195c8c72110_0;
    %flag_set/vec4 8;
    %jmp/0xz  T_17.0, 8;
    %pushi/vec4 0, 0, 1;
    %assign/vec4 v00000195c8c6e010_0, 0;
    %pushi/vec4 0, 0, 1;
    %assign/vec4 v00000195c8c749b0_0, 0;
    %pushi/vec4 0, 0, 32;
    %assign/vec4 v00000195c8c754f0_0, 0;
    %jmp T_17.1;
T_17.0 ;
    %load/vec4 v00000195c8c71670_0;
    %flag_set/vec4 8;
    %jmp/0xz  T_17.2, 8;
    %pushi/vec4 1, 0, 1;
    %assign/vec4 v00000195c8c749b0_0, 0;
    %load/vec4 v00000195c8c5c7d0_0;
    %assign/vec4 v00000195c8c754f0_0, 0;
T_17.2 ;
T_17.1 ;
    %load/vec4 v00000195c8c6bc70_0;
    %assign/vec4 v00000195c8c6e010_0, 0;
    %jmp T_17;
    .thread T_17;
# The file index is used to find the file name in the following table.
:file_names 13;
    "N/A";
    "<interactive>";
    "-";
    "mycpu_env/myCPU/mycpu_top.v";
    "mycpu_env/myCPU/alu.v";
    "mycpu_env/myCPU/csr_exc_int.v";
    "mycpu_env/myCPU/decoder_6_64.v";
    "mycpu_env/myCPU/decoder_4_16.v";
    "mycpu_env/myCPU/decoder_2_4.v";
    "mycpu_env/myCPU/decoder_5_32.v";
    "mycpu_env/soc_verify/soc_bram/testbench/div_signed_stub.v";
    "mycpu_env/soc_verify/soc_bram/testbench/div_unsigned_stub.v";
    "mycpu_env/myCPU/regfile.v";
